自然周开始,自然周结束,交易身份编码,门店编码,门店名称,客户类型,城市编码,品牌,周销量(台),周天数,上报方式,数据性质
2026-04-27,2026-05-03,MOCK-TD-001,MOCK-D-001,模拟直营·利雅得·01店,直营,RUH,丰田,97,7,模拟周报,模拟
2026-04-27,2026-05-03,MOCK-TD-001,MOCK-D-001,模拟直营·利雅得·01店,直营,RUH,雷克萨斯,20,7,模拟周报,模拟
2026-04-27,2026-05-03,MOCK-TD-001,MOCK-D-002,模拟直营·利雅得·02店,直营,RUH,丰田,75,7,模拟周报,模拟
2026-04-27,2026-05-03,MOCK-TD-001,MOCK-D-002,模拟直营·利雅得·02店,直营,RUH,雷克萨斯,15,7,模拟周报,模拟
2026-04-27,2026-05-03,MOCK-TD-001,MOCK-D-003,模拟直营·利雅得·03店,直营,RUH,丰田,77,7,模拟周报,模拟
2026-04-27,2026-05-03,MOCK-TD-001,MOCK-D-003,模拟直营·利雅得·03店,直营,RUH,雷克萨斯,15,7,模拟周报,模拟
2026-04-27,2026-05-03,MOCK-TD-001,MOCK-D-004,模拟直营·利雅得·04店,直营,RUH,丰田,69,7,模拟周报,模拟
2026-04-27,2026-05-03,MOCK-TD-001,MOCK-D-005,模拟直营·利雅得·05店,直营,RUH,丰田,74,7,模拟周报,模拟
2026-04-27,2026-05-03,MOCK-TD-001,MOCK-D-006,模拟直营·利雅得·06店,直营,RUH,丰田,59,7,模拟周报,模拟
2026-04-27,2026-05-03,MOCK-TA-001,MOCK-L2-001,模拟二级展厅·利雅得·01店,二级展厅,RUH,丰田,23,7,月报拆周（非实测周报）,模拟
2026-04-27,2026-05-03,MOCK-TA-001,MOCK-L2-001,模拟二级展厅·利雅得·01店,二级展厅,RUH,雷克萨斯,1,7,月报拆周（非实测周报）,模拟
2026-04-27,2026-05-03,MOCK-TA-002,MOCK-L2-002,模拟二级展厅·利雅得·02店,二级展厅,RUH,丰田,25,7,月报拆周（非实测周报）,模拟
2026-04-27,2026-05-03,MOCK-TA-003,MOCK-L2-003,模拟二级展厅·利雅得·03店,二级展厅,RUH,丰田,28,7,月报拆周（非实测周报）,模拟
2026-04-27,2026-05-03,MOCK-TA-004,MOCK-L2-004,模拟二级展厅·利雅得·04店,二级展厅,RUH,丰田,32,7,月报拆周（非实测周报）,模拟
2026-04-27,2026-05-03,MOCK-TA-005,MOCK-L2-005,模拟二级展厅·利雅得·05店,二级展厅,RUH,丰田,23,7,月报拆周（非实测周报）,模拟
2026-04-27,2026-05-03,MOCK-TA-006,MOCK-L2-006,模拟二级展厅·利雅得·06店,二级展厅,RUH,丰田,26,7,月报拆周（非实测周报）,模拟
2026-04-27,2026-05-03,MOCK-TA-007,MOCK-L2-007,模拟二级展厅·利雅得·07店,二级展厅,RUH,丰田,20,7,月报拆周（非实测周报）,模拟
2026-04-27,2026-05-03,MOCK-TA-008,MOCK-L2-008,模拟二级展厅·利雅得·08店,二级展厅,RUH,丰田,25,7,月报拆周（非实测周报）,模拟
2026-04-27,2026-05-03,MOCK-TD-001,MOCK-D-007,模拟直营·吉达·01店,直营,JED,丰田,79,7,模拟周报,模拟
2026-04-27,2026-05-03,MOCK-TD-001,MOCK-D-007,模拟直营·吉达·01店,直营,JED,雷克萨斯,18,7,模拟周报,模拟
2026-04-27,2026-05-03,MOCK-TD-001,MOCK-D-008,模拟直营·吉达·02店,直营,JED,丰田,82,7,模拟周报,模拟
2026-04-27,2026-05-03,MOCK-TD-001,MOCK-D-008,模拟直营·吉达·02店,直营,JED,雷克萨斯,20,7,模拟周报,模拟
2026-04-27,2026-05-03,MOCK-TD-001,MOCK-D-009,模拟直营·吉达·03店,直营,JED,丰田,83,7,模拟周报,模拟
2026-04-27,2026-05-03,MOCK-TD-001,MOCK-D-009,模拟直营·吉达·03店,直营,JED,雷克萨斯,18,7,模拟周报,模拟
2026-04-27,2026-05-03,MOCK-TD-001,MOCK-D-010,模拟直营·吉达·04店,直营,JED,丰田,70,7,模拟周报,模拟
2026-04-27,2026-05-03,MOCK-TD-001,MOCK-D-011,模拟直营·吉达·05店,直营,JED,丰田,65,7,模拟周报,模拟
2026-04-27,2026-05-03,MOCK-TA-009,MOCK-L2-009,模拟二级展厅·吉达·01店,二级展厅,JED,丰田,27,7,月报拆周（非实测周报）,模拟
2026-04-27,2026-05-03,MOCK-TA-009,MOCK-L2-009,模拟二级展厅·吉达·01店,二级展厅,JED,雷克萨斯,4,7,月报拆周（非实测周报）,模拟
2026-04-27,2026-05-03,MOCK-TA-010,MOCK-L2-010,模拟二级展厅·吉达·02店,二级展厅,JED,丰田,31,7,月报拆周（非实测周报）,模拟
2026-04-27,2026-05-03,MOCK-TA-011,MOCK-L2-011,模拟二级展厅·吉达·03店,二级展厅,JED,丰田,25,7,月报拆周（非实测周报）,模拟
2026-04-27,2026-05-03,MOCK-TA-012,MOCK-L2-012,模拟二级展厅·吉达·04店,二级展厅,JED,丰田,23,7,月报拆周（非实测周报）,模拟
2026-04-27,2026-05-03,MOCK-TA-013,MOCK-L2-013,模拟二级展厅·吉达·05店,二级展厅,JED,丰田,26,7,月报拆周（非实测周报）,模拟
2026-04-27,2026-05-03,MOCK-TA-014,MOCK-L2-014,模拟二级展厅·吉达·06店,二级展厅,JED,丰田,21,7,月报拆周（非实测周报）,模拟
2026-04-27,2026-05-03,MOCK-TD-001,MOCK-D-012,模拟直营·达曼·01店,直营,DMM,丰田,64,7,模拟周报,模拟
2026-04-27,2026-05-03,MOCK-TD-001,MOCK-D-012,模拟直营·达曼·01店,直营,DMM,雷克萨斯,14,7,模拟周报,模拟
2026-04-27,2026-05-03,MOCK-TD-001,MOCK-D-013,模拟直营·达曼·02店,直营,DMM,丰田,70,7,模拟周报,模拟
2026-04-27,2026-05-03,MOCK-TD-001,MOCK-D-014,模拟直营·达曼·03店,直营,DMM,丰田,66,7,模拟周报,模拟
2026-04-27,2026-05-03,MOCK-TA-015,MOCK-L2-015,模拟二级展厅·达曼·01店,二级展厅,DMM,丰田,22,7,月报拆周（非实测周报）,模拟
2026-04-27,2026-05-03,MOCK-TA-015,MOCK-L2-015,模拟二级展厅·达曼·01店,二级展厅,DMM,雷克萨斯,2,7,月报拆周（非实测周报）,模拟
2026-04-27,2026-05-03,MOCK-TA-016,MOCK-L2-016,模拟二级展厅·达曼·02店,二级展厅,DMM,丰田,20,7,月报拆周（非实测周报）,模拟
2026-04-27,2026-05-03,MOCK-TA-017,MOCK-L2-017,模拟二级展厅·达曼·03店,二级展厅,DMM,丰田,23,7,月报拆周（非实测周报）,模拟
2026-04-27,2026-05-03,MOCK-TA-018,MOCK-L2-018,模拟二级展厅·达曼·04店,二级展厅,DMM,丰田,25,7,月报拆周（非实测周报）,模拟
2026-04-27,2026-05-03,MOCK-TD-001,MOCK-D-015,模拟直营·胡拜尔·01店,直营,KHO,丰田,81,7,模拟周报,模拟
2026-04-27,2026-05-03,MOCK-TD-001,MOCK-D-015,模拟直营·胡拜尔·01店,直营,KHO,雷克萨斯,18,7,模拟周报,模拟
2026-04-27,2026-05-03,MOCK-TD-001,MOCK-D-016,模拟直营·胡拜尔·02店,直营,KHO,丰田,68,7,模拟周报,模拟
2026-04-27,2026-05-03,MOCK-TA-019,MOCK-L2-019,模拟二级展厅·胡拜尔·01店,二级展厅,KHO,丰田,22,7,月报拆周（非实测周报）,模拟
2026-04-27,2026-05-03,MOCK-TA-019,MOCK-L2-019,模拟二级展厅·胡拜尔·01店,二级展厅,KHO,雷克萨斯,4,7,月报拆周（非实测周报）,模拟
2026-04-27,2026-05-03,MOCK-TA-020,MOCK-L2-020,模拟二级展厅·胡拜尔·02店,二级展厅,KHO,丰田,24,7,月报拆周（非实测周报）,模拟
2026-04-27,2026-05-03,MOCK-TD-001,MOCK-D-017,模拟直营·麦加·01店,直营,MAK,丰田,66,7,模拟周报,模拟
2026-04-27,2026-05-03,MOCK-TD-001,MOCK-D-017,模拟直营·麦加·01店,直营,MAK,雷克萨斯,14,7,模拟周报,模拟
2026-04-27,2026-05-03,MOCK-TD-001,MOCK-D-018,模拟直营·麦加·02店,直营,MAK,丰田,63,7,模拟周报,模拟
2026-04-27,2026-05-03,MOCK-TA-021,MOCK-L2-021,模拟二级展厅·麦加·01店,二级展厅,MAK,丰田,21,7,月报拆周（非实测周报）,模拟
2026-04-27,2026-05-03,MOCK-TA-021,MOCK-L2-021,模拟二级展厅·麦加·01店,二级展厅,MAK,雷克萨斯,0,7,月报拆周（非实测周报）,模拟
2026-04-27,2026-05-03,MOCK-TA-022,MOCK-L2-022,模拟二级展厅·麦加·02店,二级展厅,MAK,丰田,25,7,月报拆周（非实测周报）,模拟
2026-04-27,2026-05-03,MOCK-TA-023,MOCK-L2-023,模拟二级展厅·麦加·03店,二级展厅,MAK,丰田,20,7,月报拆周（非实测周报）,模拟
2026-04-27,2026-05-03,MOCK-TD-001,MOCK-D-019,模拟直营·麦地那·01店,直营,MED,丰田,74,7,模拟周报,模拟
2026-04-27,2026-05-03,MOCK-TD-001,MOCK-D-019,模拟直营·麦地那·01店,直营,MED,雷克萨斯,18,7,模拟周报,模拟
2026-04-27,2026-05-03,MOCK-TD-001,MOCK-D-020,模拟直营·麦地那·02店,直营,MED,丰田,73,7,模拟周报,模拟
2026-04-27,2026-05-03,MOCK-TA-024,MOCK-L2-024,模拟二级展厅·麦地那·01店,二级展厅,MED,丰田,18,7,月报拆周（非实测周报）,模拟
2026-04-27,2026-05-03,MOCK-TA-024,MOCK-L2-024,模拟二级展厅·麦地那·01店,二级展厅,MED,雷克萨斯,2,7,月报拆周（非实测周报）,模拟
2026-04-27,2026-05-03,MOCK-TA-025,MOCK-L2-025,模拟二级展厅·麦地那·02店,二级展厅,MED,丰田,21,7,月报拆周（非实测周报）,模拟
2026-04-27,2026-05-03,MOCK-TD-001,MOCK-D-021,模拟直营·塔伊夫·01店,直营,TAI,丰田,49,7,模拟周报,模拟
2026-04-27,2026-05-03,MOCK-TA-026,MOCK-L2-026,模拟二级展厅·塔伊夫·01店,二级展厅,TAI,丰田,15,7,月报拆周（非实测周报）,模拟
2026-04-27,2026-05-03,MOCK-TA-027,MOCK-L2-027,模拟二级展厅·塔伊夫·02店,二级展厅,TAI,丰田,18,7,月报拆周（非实测周报）,模拟
2026-04-27,2026-05-03,MOCK-TD-001,MOCK-D-022,模拟直营·哈萨·01店,直营,HOF,丰田,67,7,模拟周报,模拟
2026-04-27,2026-05-03,MOCK-TA-028,MOCK-L2-028,模拟二级展厅·哈萨·01店,二级展厅,HOF,丰田,19,7,月报拆周（非实测周报）,模拟
2026-04-27,2026-05-03,MOCK-TA-029,MOCK-L2-029,模拟二级展厅·哈萨·02店,二级展厅,HOF,丰田,15,7,月报拆周（非实测周报）,模拟
2026-04-27,2026-05-03,MOCK-TD-001,MOCK-D-023,模拟直营·布赖代·01店,直营,BUR,丰田,51,7,模拟周报,模拟
2026-04-27,2026-05-03,MOCK-TD-001,MOCK-D-023,模拟直营·布赖代·01店,直营,BUR,雷克萨斯,8,7,模拟周报,模拟
2026-04-27,2026-05-03,MOCK-TD-001,MOCK-D-024,模拟直营·布赖代·02店,直营,BUR,丰田,60,7,模拟周报,模拟
2026-04-27,2026-05-03,MOCK-TA-030,MOCK-L2-030,模拟二级展厅·布赖代·01店,二级展厅,BUR,丰田,24,7,月报拆周（非实测周报）,模拟
2026-04-27,2026-05-03,MOCK-TA-030,MOCK-L2-030,模拟二级展厅·布赖代·01店,二级展厅,BUR,雷克萨斯,3,7,月报拆周（非实测周报）,模拟
2026-04-27,2026-05-03,MOCK-TA-031,MOCK-L2-031,模拟二级展厅·布赖代·02店,二级展厅,BUR,丰田,24,7,月报拆周（非实测周报）,模拟
2026-04-27,2026-05-03,MOCK-TA-032,MOCK-L2-032,模拟二级展厅·布赖代·03店,二级展厅,BUR,丰田,21,7,月报拆周（非实测周报）,模拟
2026-04-27,2026-05-03,MOCK-TD-001,MOCK-D-025,模拟直营·欧奈宰·01店,直营,UNA,丰田,51,7,模拟周报,模拟
2026-04-27,2026-05-03,MOCK-TA-033,MOCK-L2-033,模拟二级展厅·欧奈宰·01店,二级展厅,UNA,丰田,17,7,月报拆周（非实测周报）,模拟
2026-04-27,2026-05-03,MOCK-TD-001,MOCK-D-026,模拟直营·哈伊勒·01店,直营,HAI,丰田,61,7,模拟周报,模拟
2026-04-27,2026-05-03,MOCK-TA-034,MOCK-L2-034,模拟二级展厅·哈伊勒·01店,二级展厅,HAI,丰田,19,7,月报拆周（非实测周报）,模拟
2026-04-27,2026-05-03,MOCK-TA-035,MOCK-L2-035,模拟二级展厅·哈伊勒·02店,二级展厅,HAI,丰田,14,7,月报拆周（非实测周报）,模拟
2026-04-27,2026-05-03,MOCK-TD-001,MOCK-D-027,模拟直营·塔布克·01店,直营,TAB,丰田,63,7,模拟周报,模拟
2026-04-27,2026-05-03,MOCK-TA-036,MOCK-L2-036,模拟二级展厅·塔布克·01店,二级展厅,TAB,丰田,13,7,月报拆周（非实测周报）,模拟
2026-04-27,2026-05-03,MOCK-TA-037,MOCK-L2-037,模拟二级展厅·塔布克·02店,二级展厅,TAB,丰田,15,7,月报拆周（非实测周报）,模拟
2026-04-27,2026-05-03,MOCK-TD-001,MOCK-D-028,模拟直营·艾卜哈·01店,直营,ABH,丰田,65,7,模拟周报,模拟
2026-04-27,2026-05-03,MOCK-TD-001,MOCK-D-028,模拟直营·艾卜哈·01店,直营,ABH,雷克萨斯,14,7,模拟周报,模拟
2026-04-27,2026-05-03,MOCK-TD-001,MOCK-D-029,模拟直营·艾卜哈·02店,直营,ABH,丰田,58,7,模拟周报,模拟
2026-04-27,2026-05-03,MOCK-TA-038,MOCK-L2-038,模拟二级展厅·艾卜哈·01店,二级展厅,ABH,丰田,18,7,月报拆周（非实测周报）,模拟
2026-04-27,2026-05-03,MOCK-TA-038,MOCK-L2-038,模拟二级展厅·艾卜哈·01店,二级展厅,ABH,雷克萨斯,3,7,月报拆周（非实测周报）,模拟
2026-04-27,2026-05-03,MOCK-TA-039,MOCK-L2-039,模拟二级展厅·艾卜哈·02店,二级展厅,ABH,丰田,18,7,月报拆周（非实测周报）,模拟
2026-04-27,2026-05-03,MOCK-TD-001,MOCK-D-030,模拟直营·海米斯穆谢特·01店,直营,KHM,丰田,47,7,模拟周报,模拟
2026-04-27,2026-05-03,MOCK-TA-040,MOCK-L2-040,模拟二级展厅·海米斯穆谢特·01店,二级展厅,KHM,丰田,19,7,月报拆周（非实测周报）,模拟
2026-04-27,2026-05-03,MOCK-TD-001,MOCK-D-031,模拟直营·吉赞·01店,直营,JAZ,丰田,40,7,模拟周报,模拟
2026-04-27,2026-05-03,MOCK-TA-041,MOCK-L2-041,模拟二级展厅·吉赞·01店,二级展厅,JAZ,丰田,23,7,月报拆周（非实测周报）,模拟
2026-04-27,2026-05-03,MOCK-TA-042,MOCK-L2-042,模拟二级展厅·吉赞·02店,二级展厅,JAZ,丰田,19,7,月报拆周（非实测周报）,模拟
2026-04-27,2026-05-03,MOCK-TD-001,MOCK-D-032,模拟直营·奈季兰·01店,直营,NAJ,丰田,44,7,模拟周报,模拟
2026-04-27,2026-05-03,MOCK-TA-043,MOCK-L2-043,模拟二级展厅·奈季兰·01店,二级展厅,NAJ,丰田,16,7,月报拆周（非实测周报）,模拟
2026-04-27,2026-05-03,MOCK-TD-001,MOCK-D-033,模拟直营·延布·01店,直营,YAN,丰田,50,7,模拟周报,模拟
2026-04-27,2026-05-03,MOCK-TA-044,MOCK-L2-044,模拟二级展厅·延布·01店,二级展厅,YAN,丰田,19,7,月报拆周（非实测周报）,模拟
2026-04-27,2026-05-03,MOCK-TD-001,MOCK-D-034,模拟直营·朱拜勒·01店,直营,JUB,丰田,58,7,模拟周报,模拟
2026-04-27,2026-05-03,MOCK-TA-045,MOCK-L2-045,模拟二级展厅·朱拜勒·01店,二级展厅,JUB,丰田,19,7,月报拆周（非实测周报）,模拟
2026-05-04,2026-05-10,MOCK-TD-001,MOCK-D-001,模拟直营·利雅得·01店,直营,RUH,丰田,94,7,模拟周报,模拟
2026-05-04,2026-05-10,MOCK-TD-001,MOCK-D-001,模拟直营·利雅得·01店,直营,RUH,雷克萨斯,18,7,模拟周报,模拟
2026-05-04,2026-05-10,MOCK-TD-001,MOCK-D-002,模拟直营·利雅得·02店,直营,RUH,丰田,55,7,模拟周报,模拟
2026-05-04,2026-05-10,MOCK-TD-001,MOCK-D-002,模拟直营·利雅得·02店,直营,RUH,雷克萨斯,14,7,模拟周报,模拟
2026-05-04,2026-05-10,MOCK-TD-001,MOCK-D-003,模拟直营·利雅得·03店,直营,RUH,丰田,68,7,模拟周报,模拟
2026-05-04,2026-05-10,MOCK-TD-001,MOCK-D-003,模拟直营·利雅得·03店,直营,RUH,雷克萨斯,16,7,模拟周报,模拟
2026-05-04,2026-05-10,MOCK-TD-001,MOCK-D-004,模拟直营·利雅得·04店,直营,RUH,丰田,67,7,模拟周报,模拟
2026-05-04,2026-05-10,MOCK-TD-001,MOCK-D-005,模拟直营·利雅得·05店,直营,RUH,丰田,61,7,模拟周报,模拟
2026-05-04,2026-05-10,MOCK-TD-001,MOCK-D-006,模拟直营·利雅得·06店,直营,RUH,丰田,56,7,模拟周报,模拟
2026-05-04,2026-05-10,MOCK-TA-001,MOCK-L2-001,模拟二级展厅·利雅得·01店,二级展厅,RUH,丰田,19,7,月报拆周（非实测周报）,模拟
2026-05-04,2026-05-10,MOCK-TA-001,MOCK-L2-001,模拟二级展厅·利雅得·01店,二级展厅,RUH,雷克萨斯,3,7,月报拆周（非实测周报）,模拟
2026-05-04,2026-05-10,MOCK-TA-002,MOCK-L2-002,模拟二级展厅·利雅得·02店,二级展厅,RUH,丰田,21,7,月报拆周（非实测周报）,模拟
2026-05-04,2026-05-10,MOCK-TA-003,MOCK-L2-003,模拟二级展厅·利雅得·03店,二级展厅,RUH,丰田,23,7,月报拆周（非实测周报）,模拟
2026-05-04,2026-05-10,MOCK-TA-004,MOCK-L2-004,模拟二级展厅·利雅得·04店,二级展厅,RUH,丰田,23,7,月报拆周（非实测周报）,模拟
2026-05-04,2026-05-10,MOCK-TA-005,MOCK-L2-005,模拟二级展厅·利雅得·05店,二级展厅,RUH,丰田,18,7,月报拆周（非实测周报）,模拟
2026-05-04,2026-05-10,MOCK-TA-006,MOCK-L2-006,模拟二级展厅·利雅得·06店,二级展厅,RUH,丰田,24,7,月报拆周（非实测周报）,模拟
2026-05-04,2026-05-10,MOCK-TA-007,MOCK-L2-007,模拟二级展厅·利雅得·07店,二级展厅,RUH,丰田,21,7,月报拆周（非实测周报）,模拟
2026-05-04,2026-05-10,MOCK-TA-008,MOCK-L2-008,模拟二级展厅·利雅得·08店,二级展厅,RUH,丰田,22,7,月报拆周（非实测周报）,模拟
2026-05-04,2026-05-10,MOCK-TD-001,MOCK-D-007,模拟直营·吉达·01店,直营,JED,丰田,74,7,模拟周报,模拟
2026-05-04,2026-05-10,MOCK-TD-001,MOCK-D-007,模拟直营·吉达·01店,直营,JED,雷克萨斯,20,7,模拟周报,模拟
2026-05-04,2026-05-10,MOCK-TD-001,MOCK-D-008,模拟直营·吉达·02店,直营,JED,丰田,72,7,模拟周报,模拟
2026-05-04,2026-05-10,MOCK-TD-001,MOCK-D-008,模拟直营·吉达·02店,直营,JED,雷克萨斯,20,7,模拟周报,模拟
2026-05-04,2026-05-10,MOCK-TD-001,MOCK-D-009,模拟直营·吉达·03店,直营,JED,丰田,78,7,模拟周报,模拟
2026-05-04,2026-05-10,MOCK-TD-001,MOCK-D-009,模拟直营·吉达·03店,直营,JED,雷克萨斯,18,7,模拟周报,模拟
2026-05-04,2026-05-10,MOCK-TD-001,MOCK-D-010,模拟直营·吉达·04店,直营,JED,丰田,67,7,模拟周报,模拟
2026-05-04,2026-05-10,MOCK-TD-001,MOCK-D-011,模拟直营·吉达·05店,直营,JED,丰田,50,7,模拟周报,模拟
2026-05-04,2026-05-10,MOCK-TA-009,MOCK-L2-009,模拟二级展厅·吉达·01店,二级展厅,JED,丰田,23,7,月报拆周（非实测周报）,模拟
2026-05-04,2026-05-10,MOCK-TA-009,MOCK-L2-009,模拟二级展厅·吉达·01店,二级展厅,JED,雷克萨斯,2,7,月报拆周（非实测周报）,模拟
2026-05-04,2026-05-10,MOCK-TA-010,MOCK-L2-010,模拟二级展厅·吉达·02店,二级展厅,JED,丰田,28,7,月报拆周（非实测周报）,模拟
2026-05-04,2026-05-10,MOCK-TA-011,MOCK-L2-011,模拟二级展厅·吉达·03店,二级展厅,JED,丰田,19,7,月报拆周（非实测周报）,模拟
2026-05-04,2026-05-10,MOCK-TA-012,MOCK-L2-012,模拟二级展厅·吉达·04店,二级展厅,JED,丰田,24,7,月报拆周（非实测周报）,模拟
2026-05-04,2026-05-10,MOCK-TA-013,MOCK-L2-013,模拟二级展厅·吉达·05店,二级展厅,JED,丰田,26,7,月报拆周（非实测周报）,模拟
2026-05-04,2026-05-10,MOCK-TA-014,MOCK-L2-014,模拟二级展厅·吉达·06店,二级展厅,JED,丰田,19,7,月报拆周（非实测周报）,模拟
2026-05-04,2026-05-10,MOCK-TD-001,MOCK-D-012,模拟直营·达曼·01店,直营,DMM,丰田,59,7,模拟周报,模拟
2026-05-04,2026-05-10,MOCK-TD-001,MOCK-D-012,模拟直营·达曼·01店,直营,DMM,雷克萨斯,18,7,模拟周报,模拟
2026-05-04,2026-05-10,MOCK-TD-001,MOCK-D-013,模拟直营·达曼·02店,直营,DMM,丰田,52,7,模拟周报,模拟
2026-05-04,2026-05-10,MOCK-TD-001,MOCK-D-014,模拟直营·达曼·03店,直营,DMM,丰田,58,7,模拟周报,模拟
2026-05-04,2026-05-10,MOCK-TA-015,MOCK-L2-015,模拟二级展厅·达曼·01店,二级展厅,DMM,丰田,19,7,月报拆周（非实测周报）,模拟
2026-05-04,2026-05-10,MOCK-TA-015,MOCK-L2-015,模拟二级展厅·达曼·01店,二级展厅,DMM,雷克萨斯,1,7,月报拆周（非实测周报）,模拟
2026-05-04,2026-05-10,MOCK-TA-016,MOCK-L2-016,模拟二级展厅·达曼·02店,二级展厅,DMM,丰田,16,7,月报拆周（非实测周报）,模拟
2026-05-04,2026-05-10,MOCK-TA-017,MOCK-L2-017,模拟二级展厅·达曼·03店,二级展厅,DMM,丰田,22,7,月报拆周（非实测周报）,模拟
2026-05-04,2026-05-10,MOCK-TA-018,MOCK-L2-018,模拟二级展厅·达曼·04店,二级展厅,DMM,丰田,21,7,月报拆周（非实测周报）,模拟
2026-05-04,2026-05-10,MOCK-TD-001,MOCK-D-015,模拟直营·胡拜尔·01店,直营,KHO,丰田,65,7,模拟周报,模拟
2026-05-04,2026-05-10,MOCK-TD-001,MOCK-D-015,模拟直营·胡拜尔·01店,直营,KHO,雷克萨斯,20,7,模拟周报,模拟
2026-05-04,2026-05-10,MOCK-TD-001,MOCK-D-016,模拟直营·胡拜尔·02店,直营,KHO,丰田,59,7,模拟周报,模拟
2026-05-04,2026-05-10,MOCK-TA-019,MOCK-L2-019,模拟二级展厅·胡拜尔·01店,二级展厅,KHO,丰田,20,7,月报拆周（非实测周报）,模拟
2026-05-04,2026-05-10,MOCK-TA-019,MOCK-L2-019,模拟二级展厅·胡拜尔·01店,二级展厅,KHO,雷克萨斯,3,7,月报拆周（非实测周报）,模拟
2026-05-04,2026-05-10,MOCK-TA-020,MOCK-L2-020,模拟二级展厅·胡拜尔·02店,二级展厅,KHO,丰田,21,7,月报拆周（非实测周报）,模拟
2026-05-04,2026-05-10,MOCK-TD-001,MOCK-D-017,模拟直营·麦加·01店,直营,MAK,丰田,58,7,模拟周报,模拟
2026-05-04,2026-05-10,MOCK-TD-001,MOCK-D-017,模拟直营·麦加·01店,直营,MAK,雷克萨斯,14,7,模拟周报,模拟
2026-05-04,2026-05-10,MOCK-TD-001,MOCK-D-018,模拟直营·麦加·02店,直营,MAK,丰田,48,7,模拟周报,模拟
2026-05-04,2026-05-10,MOCK-TA-021,MOCK-L2-021,模拟二级展厅·麦加·01店,二级展厅,MAK,丰田,17,7,月报拆周（非实测周报）,模拟
2026-05-04,2026-05-10,MOCK-TA-021,MOCK-L2-021,模拟二级展厅·麦加·01店,二级展厅,MAK,雷克萨斯,3,7,月报拆周（非实测周报）,模拟
2026-05-04,2026-05-10,MOCK-TA-022,MOCK-L2-022,模拟二级展厅·麦加·02店,二级展厅,MAK,丰田,18,7,月报拆周（非实测周报）,模拟
2026-05-04,2026-05-10,MOCK-TA-023,MOCK-L2-023,模拟二级展厅·麦加·03店,二级展厅,MAK,丰田,19,7,月报拆周（非实测周报）,模拟
2026-05-04,2026-05-10,MOCK-TD-001,MOCK-D-019,模拟直营·麦地那·01店,直营,MED,丰田,71,7,模拟周报,模拟
2026-05-04,2026-05-10,MOCK-TD-001,MOCK-D-019,模拟直营·麦地那·01店,直营,MED,雷克萨斯,16,7,模拟周报,模拟
2026-05-04,2026-05-10,MOCK-TD-001,MOCK-D-020,模拟直营·麦地那·02店,直营,MED,丰田,63,7,模拟周报,模拟
2026-05-04,2026-05-10,MOCK-TA-024,MOCK-L2-024,模拟二级展厅·麦地那·01店,二级展厅,MED,丰田,16,7,月报拆周（非实测周报）,模拟
2026-05-04,2026-05-10,MOCK-TA-024,MOCK-L2-024,模拟二级展厅·麦地那·01店,二级展厅,MED,雷克萨斯,3,7,月报拆周（非实测周报）,模拟
2026-05-04,2026-05-10,MOCK-TA-025,MOCK-L2-025,模拟二级展厅·麦地那·02店,二级展厅,MED,丰田,19,7,月报拆周（非实测周报）,模拟
2026-05-04,2026-05-10,MOCK-TD-001,MOCK-D-021,模拟直营·塔伊夫·01店,直营,TAI,丰田,53,7,模拟周报,模拟
2026-05-04,2026-05-10,MOCK-TA-026,MOCK-L2-026,模拟二级展厅·塔伊夫·01店,二级展厅,TAI,丰田,13,7,月报拆周（非实测周报）,模拟
2026-05-04,2026-05-10,MOCK-TA-027,MOCK-L2-027,模拟二级展厅·塔伊夫·02店,二级展厅,TAI,丰田,14,7,月报拆周（非实测周报）,模拟
2026-05-04,2026-05-10,MOCK-TD-001,MOCK-D-022,模拟直营·哈萨·01店,直营,HOF,丰田,59,7,模拟周报,模拟
2026-05-04,2026-05-10,MOCK-TA-028,MOCK-L2-028,模拟二级展厅·哈萨·01店,二级展厅,HOF,丰田,17,7,月报拆周（非实测周报）,模拟
2026-05-04,2026-05-10,MOCK-TA-029,MOCK-L2-029,模拟二级展厅·哈萨·02店,二级展厅,HOF,丰田,14,7,月报拆周（非实测周报）,模拟
2026-05-04,2026-05-10,MOCK-TD-001,MOCK-D-023,模拟直营·布赖代·01店,直营,BUR,丰田,49,7,模拟周报,模拟
2026-05-04,2026-05-10,MOCK-TD-001,MOCK-D-023,模拟直营·布赖代·01店,直营,BUR,雷克萨斯,12,7,模拟周报,模拟
2026-05-04,2026-05-10,MOCK-TD-001,MOCK-D-024,模拟直营·布赖代·02店,直营,BUR,丰田,58,7,模拟周报,模拟
2026-05-04,2026-05-10,MOCK-TA-030,MOCK-L2-030,模拟二级展厅·布赖代·01店,二级展厅,BUR,丰田,21,7,月报拆周（非实测周报）,模拟
2026-05-04,2026-05-10,MOCK-TA-030,MOCK-L2-030,模拟二级展厅·布赖代·01店,二级展厅,BUR,雷克萨斯,4,7,月报拆周（非实测周报）,模拟
2026-05-04,2026-05-10,MOCK-TA-031,MOCK-L2-031,模拟二级展厅·布赖代·02店,二级展厅,BUR,丰田,19,7,月报拆周（非实测周报）,模拟
2026-05-04,2026-05-10,MOCK-TA-032,MOCK-L2-032,模拟二级展厅·布赖代·03店,二级展厅,BUR,丰田,19,7,月报拆周（非实测周报）,模拟
2026-05-04,2026-05-10,MOCK-TD-001,MOCK-D-025,模拟直营·欧奈宰·01店,直营,UNA,丰田,45,7,模拟周报,模拟
2026-05-04,2026-05-10,MOCK-TA-033,MOCK-L2-033,模拟二级展厅·欧奈宰·01店,二级展厅,UNA,丰田,13,7,月报拆周（非实测周报）,模拟
2026-05-04,2026-05-10,MOCK-TD-001,MOCK-D-026,模拟直营·哈伊勒·01店,直营,HAI,丰田,51,7,模拟周报,模拟
2026-05-04,2026-05-10,MOCK-TA-034,MOCK-L2-034,模拟二级展厅·哈伊勒·01店,二级展厅,HAI,丰田,17,7,月报拆周（非实测周报）,模拟
2026-05-04,2026-05-10,MOCK-TA-035,MOCK-L2-035,模拟二级展厅·哈伊勒·02店,二级展厅,HAI,丰田,14,7,月报拆周（非实测周报）,模拟
2026-05-04,2026-05-10,MOCK-TD-001,MOCK-D-027,模拟直营·塔布克·01店,直营,TAB,丰田,46,7,模拟周报,模拟
2026-05-04,2026-05-10,MOCK-TA-036,MOCK-L2-036,模拟二级展厅·塔布克·01店,二级展厅,TAB,丰田,14,7,月报拆周（非实测周报）,模拟
2026-05-04,2026-05-10,MOCK-TA-037,MOCK-L2-037,模拟二级展厅·塔布克·02店,二级展厅,TAB,丰田,14,7,月报拆周（非实测周报）,模拟
2026-05-04,2026-05-10,MOCK-TD-001,MOCK-D-028,模拟直营·艾卜哈·01店,直营,ABH,丰田,59,7,模拟周报,模拟
2026-05-04,2026-05-10,MOCK-TD-001,MOCK-D-028,模拟直营·艾卜哈·01店,直营,ABH,雷克萨斯,16,7,模拟周报,模拟
2026-05-04,2026-05-10,MOCK-TD-001,MOCK-D-029,模拟直营·艾卜哈·02店,直营,ABH,丰田,49,7,模拟周报,模拟
2026-05-04,2026-05-10,MOCK-TA-038,MOCK-L2-038,模拟二级展厅·艾卜哈·01店,二级展厅,ABH,丰田,16,7,月报拆周（非实测周报）,模拟
2026-05-04,2026-05-10,MOCK-TA-038,MOCK-L2-038,模拟二级展厅·艾卜哈·01店,二级展厅,ABH,雷克萨斯,2,7,月报拆周（非实测周报）,模拟
2026-05-04,2026-05-10,MOCK-TA-039,MOCK-L2-039,模拟二级展厅·艾卜哈·02店,二级展厅,ABH,丰田,19,7,月报拆周（非实测周报）,模拟
2026-05-04,2026-05-10,MOCK-TD-001,MOCK-D-030,模拟直营·海米斯穆谢特·01店,直营,KHM,丰田,40,7,模拟周报,模拟
2026-05-04,2026-05-10,MOCK-TA-040,MOCK-L2-040,模拟二级展厅·海米斯穆谢特·01店,二级展厅,KHM,丰田,19,7,月报拆周（非实测周报）,模拟
2026-05-04,2026-05-10,MOCK-TD-001,MOCK-D-031,模拟直营·吉赞·01店,直营,JAZ,丰田,33,7,模拟周报,模拟
2026-05-04,2026-05-10,MOCK-TA-041,MOCK-L2-041,模拟二级展厅·吉赞·01店,二级展厅,JAZ,丰田,19,7,月报拆周（非实测周报）,模拟
2026-05-04,2026-05-10,MOCK-TA-042,MOCK-L2-042,模拟二级展厅·吉赞·02店,二级展厅,JAZ,丰田,20,7,月报拆周（非实测周报）,模拟
2026-05-04,2026-05-10,MOCK-TD-001,MOCK-D-032,模拟直营·奈季兰·01店,直营,NAJ,丰田,39,7,模拟周报,模拟
2026-05-04,2026-05-10,MOCK-TA-043,MOCK-L2-043,模拟二级展厅·奈季兰·01店,二级展厅,NAJ,丰田,13,7,月报拆周（非实测周报）,模拟
2026-05-04,2026-05-10,MOCK-TD-001,MOCK-D-033,模拟直营·延布·01店,直营,YAN,丰田,47,7,模拟周报,模拟
2026-05-04,2026-05-10,MOCK-TA-044,MOCK-L2-044,模拟二级展厅·延布·01店,二级展厅,YAN,丰田,18,7,月报拆周（非实测周报）,模拟
2026-05-04,2026-05-10,MOCK-TD-001,MOCK-D-034,模拟直营·朱拜勒·01店,直营,JUB,丰田,52,7,模拟周报,模拟
2026-05-04,2026-05-10,MOCK-TA-045,MOCK-L2-045,模拟二级展厅·朱拜勒·01店,二级展厅,JUB,丰田,17,7,月报拆周（非实测周报）,模拟
2026-05-11,2026-05-17,MOCK-TD-001,MOCK-D-001,模拟直营·利雅得·01店,直营,RUH,丰田,100,7,模拟周报,模拟
2026-05-11,2026-05-17,MOCK-TD-001,MOCK-D-001,模拟直营·利雅得·01店,直营,RUH,雷克萨斯,21,7,模拟周报,模拟
2026-05-11,2026-05-17,MOCK-TD-001,MOCK-D-002,模拟直营·利雅得·02店,直营,RUH,丰田,58,7,模拟周报,模拟
2026-05-11,2026-05-17,MOCK-TD-001,MOCK-D-002,模拟直营·利雅得·02店,直营,RUH,雷克萨斯,14,7,模拟周报,模拟
2026-05-11,2026-05-17,MOCK-TD-001,MOCK-D-003,模拟直营·利雅得·03店,直营,RUH,丰田,63,7,模拟周报,模拟
2026-05-11,2026-05-17,MOCK-TD-001,MOCK-D-003,模拟直营·利雅得·03店,直营,RUH,雷克萨斯,16,7,模拟周报,模拟
2026-05-11,2026-05-17,MOCK-TD-001,MOCK-D-004,模拟直营·利雅得·04店,直营,RUH,丰田,65,7,模拟周报,模拟
2026-05-11,2026-05-17,MOCK-TD-001,MOCK-D-005,模拟直营·利雅得·05店,直营,RUH,丰田,64,7,模拟周报,模拟
2026-05-11,2026-05-17,MOCK-TD-001,MOCK-D-006,模拟直营·利雅得·06店,直营,RUH,丰田,59,7,模拟周报,模拟
2026-05-11,2026-05-17,MOCK-TA-001,MOCK-L2-001,模拟二级展厅·利雅得·01店,二级展厅,RUH,丰田,19,7,月报拆周（非实测周报）,模拟
2026-05-11,2026-05-17,MOCK-TA-001,MOCK-L2-001,模拟二级展厅·利雅得·01店,二级展厅,RUH,雷克萨斯,3,7,月报拆周（非实测周报）,模拟
2026-05-11,2026-05-17,MOCK-TA-002,MOCK-L2-002,模拟二级展厅·利雅得·02店,二级展厅,RUH,丰田,19,7,月报拆周（非实测周报）,模拟
2026-05-11,2026-05-17,MOCK-TA-003,MOCK-L2-003,模拟二级展厅·利雅得·03店,二级展厅,RUH,丰田,22,7,月报拆周（非实测周报）,模拟
2026-05-11,2026-05-17,MOCK-TA-004,MOCK-L2-004,模拟二级展厅·利雅得·04店,二级展厅,RUH,丰田,25,7,月报拆周（非实测周报）,模拟
2026-05-11,2026-05-17,MOCK-TA-005,MOCK-L2-005,模拟二级展厅·利雅得·05店,二级展厅,RUH,丰田,17,7,月报拆周（非实测周报）,模拟
2026-05-11,2026-05-17,MOCK-TA-006,MOCK-L2-006,模拟二级展厅·利雅得·06店,二级展厅,RUH,丰田,25,7,月报拆周（非实测周报）,模拟
2026-05-11,2026-05-17,MOCK-TA-007,MOCK-L2-007,模拟二级展厅·利雅得·07店,二级展厅,RUH,丰田,19,7,月报拆周（非实测周报）,模拟
2026-05-11,2026-05-17,MOCK-TA-008,MOCK-L2-008,模拟二级展厅·利雅得·08店,二级展厅,RUH,丰田,23,7,月报拆周（非实测周报）,模拟
2026-05-11,2026-05-17,MOCK-TD-001,MOCK-D-007,模拟直营·吉达·01店,直营,JED,丰田,76,7,模拟周报,模拟
2026-05-11,2026-05-17,MOCK-TD-001,MOCK-D-007,模拟直营·吉达·01店,直营,JED,雷克萨斯,17,7,模拟周报,模拟
2026-05-11,2026-05-17,MOCK-TD-001,MOCK-D-008,模拟直营·吉达·02店,直营,JED,丰田,76,7,模拟周报,模拟
2026-05-11,2026-05-17,MOCK-TD-001,MOCK-D-008,模拟直营·吉达·02店,直营,JED,雷克萨斯,21,7,模拟周报,模拟
2026-05-11,2026-05-17,MOCK-TD-001,MOCK-D-009,模拟直营·吉达·03店,直营,JED,丰田,68,7,模拟周报,模拟
2026-05-11,2026-05-17,MOCK-TD-001,MOCK-D-009,模拟直营·吉达·03店,直营,JED,雷克萨斯,17,7,模拟周报,模拟
2026-05-11,2026-05-17,MOCK-TD-001,MOCK-D-010,模拟直营·吉达·04店,直营,JED,丰田,70,7,模拟周报,模拟
2026-05-11,2026-05-17,MOCK-TD-001,MOCK-D-011,模拟直营·吉达·05店,直营,JED,丰田,47,7,模拟周报,模拟
2026-05-11,2026-05-17,MOCK-TA-009,MOCK-L2-009,模拟二级展厅·吉达·01店,二级展厅,JED,丰田,23,7,月报拆周（非实测周报）,模拟
2026-05-11,2026-05-17,MOCK-TA-009,MOCK-L2-009,模拟二级展厅·吉达·01店,二级展厅,JED,雷克萨斯,3,7,月报拆周（非实测周报）,模拟
2026-05-11,2026-05-17,MOCK-TA-010,MOCK-L2-010,模拟二级展厅·吉达·02店,二级展厅,JED,丰田,29,7,月报拆周（非实测周报）,模拟
2026-05-11,2026-05-17,MOCK-TA-011,MOCK-L2-011,模拟二级展厅·吉达·03店,二级展厅,JED,丰田,19,7,月报拆周（非实测周报）,模拟
2026-05-11,2026-05-17,MOCK-TA-012,MOCK-L2-012,模拟二级展厅·吉达·04店,二级展厅,JED,丰田,22,7,月报拆周（非实测周报）,模拟
2026-05-11,2026-05-17,MOCK-TA-013,MOCK-L2-013,模拟二级展厅·吉达·05店,二级展厅,JED,丰田,25,7,月报拆周（非实测周报）,模拟
2026-05-11,2026-05-17,MOCK-TA-014,MOCK-L2-014,模拟二级展厅·吉达·06店,二级展厅,JED,丰田,19,7,月报拆周（非实测周报）,模拟
2026-05-11,2026-05-17,MOCK-TD-001,MOCK-D-012,模拟直营·达曼·01店,直营,DMM,丰田,59,7,模拟周报,模拟
2026-05-11,2026-05-17,MOCK-TD-001,MOCK-D-012,模拟直营·达曼·01店,直营,DMM,雷克萨斯,15,7,模拟周报,模拟
2026-05-11,2026-05-17,MOCK-TD-001,MOCK-D-013,模拟直营·达曼·02店,直营,DMM,丰田,57,7,模拟周报,模拟
2026-05-11,2026-05-17,MOCK-TD-001,MOCK-D-014,模拟直营·达曼·03店,直营,DMM,丰田,56,7,模拟周报,模拟
2026-05-11,2026-05-17,MOCK-TA-015,MOCK-L2-015,模拟二级展厅·达曼·01店,二级展厅,DMM,丰田,19,7,月报拆周（非实测周报）,模拟
2026-05-11,2026-05-17,MOCK-TA-015,MOCK-L2-015,模拟二级展厅·达曼·01店,二级展厅,DMM,雷克萨斯,3,7,月报拆周（非实测周报）,模拟
2026-05-11,2026-05-17,MOCK-TA-016,MOCK-L2-016,模拟二级展厅·达曼·02店,二级展厅,DMM,丰田,17,7,月报拆周（非实测周报）,模拟
2026-05-11,2026-05-17,MOCK-TA-017,MOCK-L2-017,模拟二级展厅·达曼·03店,二级展厅,DMM,丰田,22,7,月报拆周（非实测周报）,模拟
2026-05-11,2026-05-17,MOCK-TA-018,MOCK-L2-018,模拟二级展厅·达曼·04店,二级展厅,DMM,丰田,22,7,月报拆周（非实测周报）,模拟
2026-05-11,2026-05-17,MOCK-TD-001,MOCK-D-015,模拟直营·胡拜尔·01店,直营,KHO,丰田,63,7,模拟周报,模拟
2026-05-11,2026-05-17,MOCK-TD-001,MOCK-D-015,模拟直营·胡拜尔·01店,直营,KHO,雷克萨斯,18,7,模拟周报,模拟
2026-05-11,2026-05-17,MOCK-TD-001,MOCK-D-016,模拟直营·胡拜尔·02店,直营,KHO,丰田,61,7,模拟周报,模拟
2026-05-11,2026-05-17,MOCK-TA-019,MOCK-L2-019,模拟二级展厅·胡拜尔·01店,二级展厅,KHO,丰田,20,7,月报拆周（非实测周报）,模拟
2026-05-11,2026-05-17,MOCK-TA-019,MOCK-L2-019,模拟二级展厅·胡拜尔·01店,二级展厅,KHO,雷克萨斯,3,7,月报拆周（非实测周报）,模拟
2026-05-11,2026-05-17,MOCK-TA-020,MOCK-L2-020,模拟二级展厅·胡拜尔·02店,二级展厅,KHO,丰田,20,7,月报拆周（非实测周报）,模拟
2026-05-11,2026-05-17,MOCK-TD-001,MOCK-D-017,模拟直营·麦加·01店,直营,MAK,丰田,65,7,模拟周报,模拟
2026-05-11,2026-05-17,MOCK-TD-001,MOCK-D-017,模拟直营·麦加·01店,直营,MAK,雷克萨斯,13,7,模拟周报,模拟
2026-05-11,2026-05-17,MOCK-TD-001,MOCK-D-018,模拟直营·麦加·02店,直营,MAK,丰田,48,7,模拟周报,模拟
2026-05-11,2026-05-17,MOCK-TA-021,MOCK-L2-021,模拟二级展厅·麦加·01店,二级展厅,MAK,丰田,17,7,月报拆周（非实测周报）,模拟
2026-05-11,2026-05-17,MOCK-TA-021,MOCK-L2-021,模拟二级展厅·麦加·01店,二级展厅,MAK,雷克萨斯,2,7,月报拆周（非实测周报）,模拟
2026-05-11,2026-05-17,MOCK-TA-022,MOCK-L2-022,模拟二级展厅·麦加·02店,二级展厅,MAK,丰田,17,7,月报拆周（非实测周报）,模拟
2026-05-11,2026-05-17,MOCK-TA-023,MOCK-L2-023,模拟二级展厅·麦加·03店,二级展厅,MAK,丰田,18,7,月报拆周（非实测周报）,模拟
2026-05-11,2026-05-17,MOCK-TD-001,MOCK-D-019,模拟直营·麦地那·01店,直营,MED,丰田,68,7,模拟周报,模拟
2026-05-11,2026-05-17,MOCK-TD-001,MOCK-D-019,模拟直营·麦地那·01店,直营,MED,雷克萨斯,15,7,模拟周报,模拟
2026-05-11,2026-05-17,MOCK-TD-001,MOCK-D-020,模拟直营·麦地那·02店,直营,MED,丰田,61,7,模拟周报,模拟
2026-05-11,2026-05-17,MOCK-TA-024,MOCK-L2-024,模拟二级展厅·麦地那·01店,二级展厅,MED,丰田,14,7,月报拆周（非实测周报）,模拟
2026-05-11,2026-05-17,MOCK-TA-024,MOCK-L2-024,模拟二级展厅·麦地那·01店,二级展厅,MED,雷克萨斯,2,7,月报拆周（非实测周报）,模拟
2026-05-11,2026-05-17,MOCK-TA-025,MOCK-L2-025,模拟二级展厅·麦地那·02店,二级展厅,MED,丰田,21,7,月报拆周（非实测周报）,模拟
2026-05-11,2026-05-17,MOCK-TD-001,MOCK-D-021,模拟直营·塔伊夫·01店,直营,TAI,丰田,51,7,模拟周报,模拟
2026-05-11,2026-05-17,MOCK-TA-026,MOCK-L2-026,模拟二级展厅·塔伊夫·01店,二级展厅,TAI,丰田,13,7,月报拆周（非实测周报）,模拟
2026-05-11,2026-05-17,MOCK-TA-027,MOCK-L2-027,模拟二级展厅·塔伊夫·02店,二级展厅,TAI,丰田,15,7,月报拆周（非实测周报）,模拟
2026-05-11,2026-05-17,MOCK-TD-001,MOCK-D-022,模拟直营·哈萨·01店,直营,HOF,丰田,56,7,模拟周报,模拟
2026-05-11,2026-05-17,MOCK-TA-028,MOCK-L2-028,模拟二级展厅·哈萨·01店,二级展厅,HOF,丰田,16,7,月报拆周（非实测周报）,模拟
2026-05-11,2026-05-17,MOCK-TA-029,MOCK-L2-029,模拟二级展厅·哈萨·02店,二级展厅,HOF,丰田,15,7,月报拆周（非实测周报）,模拟
2026-05-11,2026-05-17,MOCK-TD-001,MOCK-D-023,模拟直营·布赖代·01店,直营,BUR,丰田,50,7,模拟周报,模拟
2026-05-11,2026-05-17,MOCK-TD-001,MOCK-D-023,模拟直营·布赖代·01店,直营,BUR,雷克萨斯,11,7,模拟周报,模拟
2026-05-11,2026-05-17,MOCK-TD-001,MOCK-D-024,模拟直营·布赖代·02店,直营,BUR,丰田,65,7,模拟周报,模拟
2026-05-11,2026-05-17,MOCK-TA-030,MOCK-L2-030,模拟二级展厅·布赖代·01店,二级展厅,BUR,丰田,19,7,月报拆周（非实测周报）,模拟
2026-05-11,2026-05-17,MOCK-TA-030,MOCK-L2-030,模拟二级展厅·布赖代·01店,二级展厅,BUR,雷克萨斯,3,7,月报拆周（非实测周报）,模拟
2026-05-11,2026-05-17,MOCK-TA-031,MOCK-L2-031,模拟二级展厅·布赖代·02店,二级展厅,BUR,丰田,17,7,月报拆周（非实测周报）,模拟
2026-05-11,2026-05-17,MOCK-TA-032,MOCK-L2-032,模拟二级展厅·布赖代·03店,二级展厅,BUR,丰田,20,7,月报拆周（非实测周报）,模拟
2026-05-11,2026-05-17,MOCK-TD-001,MOCK-D-025,模拟直营·欧奈宰·01店,直营,UNA,丰田,42,7,模拟周报,模拟
2026-05-11,2026-05-17,MOCK-TA-033,MOCK-L2-033,模拟二级展厅·欧奈宰·01店,二级展厅,UNA,丰田,14,7,月报拆周（非实测周报）,模拟
2026-05-11,2026-05-17,MOCK-TD-001,MOCK-D-026,模拟直营·哈伊勒·01店,直营,HAI,丰田,51,7,模拟周报,模拟
2026-05-11,2026-05-17,MOCK-TA-034,MOCK-L2-034,模拟二级展厅·哈伊勒·01店,二级展厅,HAI,丰田,14,7,月报拆周（非实测周报）,模拟
2026-05-11,2026-05-17,MOCK-TA-035,MOCK-L2-035,模拟二级展厅·哈伊勒·02店,二级展厅,HAI,丰田,15,7,月报拆周（非实测周报）,模拟
2026-05-11,2026-05-17,MOCK-TD-001,MOCK-D-027,模拟直营·塔布克·01店,直营,TAB,丰田,50,7,模拟周报,模拟
2026-05-11,2026-05-17,MOCK-TA-036,MOCK-L2-036,模拟二级展厅·塔布克·01店,二级展厅,TAB,丰田,13,7,月报拆周（非实测周报）,模拟
2026-05-11,2026-05-17,MOCK-TA-037,MOCK-L2-037,模拟二级展厅·塔布克·02店,二级展厅,TAB,丰田,15,7,月报拆周（非实测周报）,模拟
2026-05-11,2026-05-17,MOCK-TD-001,MOCK-D-028,模拟直营·艾卜哈·01店,直营,ABH,丰田,60,7,模拟周报,模拟
2026-05-11,2026-05-17,MOCK-TD-001,MOCK-D-028,模拟直营·艾卜哈·01店,直营,ABH,雷克萨斯,16,7,模拟周报,模拟
2026-05-11,2026-05-17,MOCK-TD-001,MOCK-D-029,模拟直营·艾卜哈·02店,直营,ABH,丰田,47,7,模拟周报,模拟
2026-05-11,2026-05-17,MOCK-TA-038,MOCK-L2-038,模拟二级展厅·艾卜哈·01店,二级展厅,ABH,丰田,14,7,月报拆周（非实测周报）,模拟
2026-05-11,2026-05-17,MOCK-TA-038,MOCK-L2-038,模拟二级展厅·艾卜哈·01店,二级展厅,ABH,雷克萨斯,2,7,月报拆周（非实测周报）,模拟
2026-05-11,2026-05-17,MOCK-TA-039,MOCK-L2-039,模拟二级展厅·艾卜哈·02店,二级展厅,ABH,丰田,18,7,月报拆周（非实测周报）,模拟
2026-05-11,2026-05-17,MOCK-TD-001,MOCK-D-030,模拟直营·海米斯穆谢特·01店,直营,KHM,丰田,38,7,模拟周报,模拟
2026-05-11,2026-05-17,MOCK-TA-040,MOCK-L2-040,模拟二级展厅·海米斯穆谢特·01店,二级展厅,KHM,丰田,15,7,月报拆周（非实测周报）,模拟
2026-05-11,2026-05-17,MOCK-TD-001,MOCK-D-031,模拟直营·吉赞·01店,直营,JAZ,丰田,38,7,模拟周报,模拟
2026-05-11,2026-05-17,MOCK-TA-041,MOCK-L2-041,模拟二级展厅·吉赞·01店,二级展厅,JAZ,丰田,18,7,月报拆周（非实测周报）,模拟
2026-05-11,2026-05-17,MOCK-TA-042,MOCK-L2-042,模拟二级展厅·吉赞·02店,二级展厅,JAZ,丰田,18,7,月报拆周（非实测周报）,模拟
2026-05-11,2026-05-17,MOCK-TD-001,MOCK-D-032,模拟直营·奈季兰·01店,直营,NAJ,丰田,38,7,模拟周报,模拟
2026-05-11,2026-05-17,MOCK-TA-043,MOCK-L2-043,模拟二级展厅·奈季兰·01店,二级展厅,NAJ,丰田,13,7,月报拆周（非实测周报）,模拟
2026-05-11,2026-05-17,MOCK-TD-001,MOCK-D-033,模拟直营·延布·01店,直营,YAN,丰田,44,7,模拟周报,模拟
2026-05-11,2026-05-17,MOCK-TA-044,MOCK-L2-044,模拟二级展厅·延布·01店,二级展厅,YAN,丰田,15,7,月报拆周（非实测周报）,模拟
2026-05-11,2026-05-17,MOCK-TD-001,MOCK-D-034,模拟直营·朱拜勒·01店,直营,JUB,丰田,48,7,模拟周报,模拟
2026-05-11,2026-05-17,MOCK-TA-045,MOCK-L2-045,模拟二级展厅·朱拜勒·01店,二级展厅,JUB,丰田,14,7,月报拆周（非实测周报）,模拟
2026-05-18,2026-05-24,MOCK-TD-001,MOCK-D-001,模拟直营·利雅得·01店,直营,RUH,丰田,100,7,模拟周报,模拟
2026-05-18,2026-05-24,MOCK-TD-001,MOCK-D-001,模拟直营·利雅得·01店,直营,RUH,雷克萨斯,20,7,模拟周报,模拟
2026-05-18,2026-05-24,MOCK-TD-001,MOCK-D-002,模拟直营·利雅得·02店,直营,RUH,丰田,55,7,模拟周报,模拟
2026-05-18,2026-05-24,MOCK-TD-001,MOCK-D-002,模拟直营·利雅得·02店,直营,RUH,雷克萨斯,13,7,模拟周报,模拟
2026-05-18,2026-05-24,MOCK-TD-001,MOCK-D-003,模拟直营·利雅得·03店,直营,RUH,丰田,63,7,模拟周报,模拟
2026-05-18,2026-05-24,MOCK-TD-001,MOCK-D-003,模拟直营·利雅得·03店,直营,RUH,雷克萨斯,17,7,模拟周报,模拟
2026-05-18,2026-05-24,MOCK-TD-001,MOCK-D-004,模拟直营·利雅得·04店,直营,RUH,丰田,69,7,模拟周报,模拟
2026-05-18,2026-05-24,MOCK-TD-001,MOCK-D-005,模拟直营·利雅得·05店,直营,RUH,丰田,62,7,模拟周报,模拟
2026-05-18,2026-05-24,MOCK-TD-001,MOCK-D-006,模拟直营·利雅得·06店,直营,RUH,丰田,54,7,模拟周报,模拟
2026-05-18,2026-05-24,MOCK-TA-001,MOCK-L2-001,模拟二级展厅·利雅得·01店,二级展厅,RUH,丰田,20,7,月报拆周（非实测周报）,模拟
2026-05-18,2026-05-24,MOCK-TA-001,MOCK-L2-001,模拟二级展厅·利雅得·01店,二级展厅,RUH,雷克萨斯,3,7,月报拆周（非实测周报）,模拟
2026-05-18,2026-05-24,MOCK-TA-002,MOCK-L2-002,模拟二级展厅·利雅得·02店,二级展厅,RUH,丰田,20,7,月报拆周（非实测周报）,模拟
2026-05-18,2026-05-24,MOCK-TA-003,MOCK-L2-003,模拟二级展厅·利雅得·03店,二级展厅,RUH,丰田,20,7,月报拆周（非实测周报）,模拟
2026-05-18,2026-05-24,MOCK-TA-004,MOCK-L2-004,模拟二级展厅·利雅得·04店,二级展厅,RUH,丰田,23,7,月报拆周（非实测周报）,模拟
2026-05-18,2026-05-24,MOCK-TA-005,MOCK-L2-005,模拟二级展厅·利雅得·05店,二级展厅,RUH,丰田,17,7,月报拆周（非实测周报）,模拟
2026-05-18,2026-05-24,MOCK-TA-006,MOCK-L2-006,模拟二级展厅·利雅得·06店,二级展厅,RUH,丰田,23,7,月报拆周（非实测周报）,模拟
2026-05-18,2026-05-24,MOCK-TA-007,MOCK-L2-007,模拟二级展厅·利雅得·07店,二级展厅,RUH,丰田,19,7,月报拆周（非实测周报）,模拟
2026-05-18,2026-05-24,MOCK-TA-008,MOCK-L2-008,模拟二级展厅·利雅得·08店,二级展厅,RUH,丰田,21,7,月报拆周（非实测周报）,模拟
2026-05-18,2026-05-24,MOCK-TD-001,MOCK-D-007,模拟直营·吉达·01店,直营,JED,丰田,72,7,模拟周报,模拟
2026-05-18,2026-05-24,MOCK-TD-001,MOCK-D-007,模拟直营·吉达·01店,直营,JED,雷克萨斯,17,7,模拟周报,模拟
2026-05-18,2026-05-24,MOCK-TD-001,MOCK-D-008,模拟直营·吉达·02店,直营,JED,丰田,69,7,模拟周报,模拟
2026-05-18,2026-05-24,MOCK-TD-001,MOCK-D-008,模拟直营·吉达·02店,直营,JED,雷克萨斯,21,7,模拟周报,模拟
2026-05-18,2026-05-24,MOCK-TD-001,MOCK-D-009,模拟直营·吉达·03店,直营,JED,丰田,73,7,模拟周报,模拟
2026-05-18,2026-05-24,MOCK-TD-001,MOCK-D-009,模拟直营·吉达·03店,直营,JED,雷克萨斯,17,7,模拟周报,模拟
2026-05-18,2026-05-24,MOCK-TD-001,MOCK-D-010,模拟直营·吉达·04店,直营,JED,丰田,67,7,模拟周报,模拟
2026-05-18,2026-05-24,MOCK-TD-001,MOCK-D-011,模拟直营·吉达·05店,直营,JED,丰田,47,7,模拟周报,模拟
2026-05-18,2026-05-24,MOCK-TA-009,MOCK-L2-009,模拟二级展厅·吉达·01店,二级展厅,JED,丰田,22,7,月报拆周（非实测周报）,模拟
2026-05-18,2026-05-24,MOCK-TA-009,MOCK-L2-009,模拟二级展厅·吉达·01店,二级展厅,JED,雷克萨斯,2,7,月报拆周（非实测周报）,模拟
2026-05-18,2026-05-24,MOCK-TA-010,MOCK-L2-010,模拟二级展厅·吉达·02店,二级展厅,JED,丰田,29,7,月报拆周（非实测周报）,模拟
2026-05-18,2026-05-24,MOCK-TA-011,MOCK-L2-011,模拟二级展厅·吉达·03店,二级展厅,JED,丰田,17,7,月报拆周（非实测周报）,模拟
2026-05-18,2026-05-24,MOCK-TA-012,MOCK-L2-012,模拟二级展厅·吉达·04店,二级展厅,JED,丰田,24,7,月报拆周（非实测周报）,模拟
2026-05-18,2026-05-24,MOCK-TA-013,MOCK-L2-013,模拟二级展厅·吉达·05店,二级展厅,JED,丰田,27,7,月报拆周（非实测周报）,模拟
2026-05-18,2026-05-24,MOCK-TA-014,MOCK-L2-014,模拟二级展厅·吉达·06店,二级展厅,JED,丰田,20,7,月报拆周（非实测周报）,模拟
2026-05-18,2026-05-24,MOCK-TD-001,MOCK-D-012,模拟直营·达曼·01店,直营,DMM,丰田,61,7,模拟周报,模拟
2026-05-18,2026-05-24,MOCK-TD-001,MOCK-D-012,模拟直营·达曼·01店,直营,DMM,雷克萨斯,15,7,模拟周报,模拟
2026-05-18,2026-05-24,MOCK-TD-001,MOCK-D-013,模拟直营·达曼·02店,直营,DMM,丰田,57,7,模拟周报,模拟
2026-05-18,2026-05-24,MOCK-TD-001,MOCK-D-014,模拟直营·达曼·03店,直营,DMM,丰田,54,7,模拟周报,模拟
2026-05-18,2026-05-24,MOCK-TA-015,MOCK-L2-015,模拟二级展厅·达曼·01店,二级展厅,DMM,丰田,18,7,月报拆周（非实测周报）,模拟
2026-05-18,2026-05-24,MOCK-TA-015,MOCK-L2-015,模拟二级展厅·达曼·01店,二级展厅,DMM,雷克萨斯,2,7,月报拆周（非实测周报）,模拟
2026-05-18,2026-05-24,MOCK-TA-016,MOCK-L2-016,模拟二级展厅·达曼·02店,二级展厅,DMM,丰田,16,7,月报拆周（非实测周报）,模拟
2026-05-18,2026-05-24,MOCK-TA-017,MOCK-L2-017,模拟二级展厅·达曼·03店,二级展厅,DMM,丰田,21,7,月报拆周（非实测周报）,模拟
2026-05-18,2026-05-24,MOCK-TA-018,MOCK-L2-018,模拟二级展厅·达曼·04店,二级展厅,DMM,丰田,21,7,月报拆周（非实测周报）,模拟
2026-05-18,2026-05-24,MOCK-TD-001,MOCK-D-015,模拟直营·胡拜尔·01店,直营,KHO,丰田,69,7,模拟周报,模拟
2026-05-18,2026-05-24,MOCK-TD-001,MOCK-D-015,模拟直营·胡拜尔·01店,直营,KHO,雷克萨斯,20,7,模拟周报,模拟
2026-05-18,2026-05-24,MOCK-TD-001,MOCK-D-016,模拟直营·胡拜尔·02店,直营,KHO,丰田,65,7,模拟周报,模拟
2026-05-18,2026-05-24,MOCK-TA-019,MOCK-L2-019,模拟二级展厅·胡拜尔·01店,二级展厅,KHO,丰田,19,7,月报拆周（非实测周报）,模拟
2026-05-18,2026-05-24,MOCK-TA-019,MOCK-L2-019,模拟二级展厅·胡拜尔·01店,二级展厅,KHO,雷克萨斯,3,7,月报拆周（非实测周报）,模拟
2026-05-18,2026-05-24,MOCK-TA-020,MOCK-L2-020,模拟二级展厅·胡拜尔·02店,二级展厅,KHO,丰田,20,7,月报拆周（非实测周报）,模拟
2026-05-18,2026-05-24,MOCK-TD-001,MOCK-D-017,模拟直营·麦加·01店,直营,MAK,丰田,61,7,模拟周报,模拟
2026-05-18,2026-05-24,MOCK-TD-001,MOCK-D-017,模拟直营·麦加·01店,直营,MAK,雷克萨斯,13,7,模拟周报,模拟
2026-05-18,2026-05-24,MOCK-TD-001,MOCK-D-018,模拟直营·麦加·02店,直营,MAK,丰田,54,7,模拟周报,模拟
2026-05-18,2026-05-24,MOCK-TA-021,MOCK-L2-021,模拟二级展厅·麦加·01店,二级展厅,MAK,丰田,18,7,月报拆周（非实测周报）,模拟
2026-05-18,2026-05-24,MOCK-TA-021,MOCK-L2-021,模拟二级展厅·麦加·01店,二级展厅,MAK,雷克萨斯,3,7,月报拆周（非实测周报）,模拟
2026-05-18,2026-05-24,MOCK-TA-022,MOCK-L2-022,模拟二级展厅·麦加·02店,二级展厅,MAK,丰田,20,7,月报拆周（非实测周报）,模拟
2026-05-18,2026-05-24,MOCK-TA-023,MOCK-L2-023,模拟二级展厅·麦加·03店,二级展厅,MAK,丰田,22,7,月报拆周（非实测周报）,模拟
2026-05-18,2026-05-24,MOCK-TD-001,MOCK-D-019,模拟直营·麦地那·01店,直营,MED,丰田,70,7,模拟周报,模拟
2026-05-18,2026-05-24,MOCK-TD-001,MOCK-D-019,模拟直营·麦地那·01店,直营,MED,雷克萨斯,17,7,模拟周报,模拟
2026-05-18,2026-05-24,MOCK-TD-001,MOCK-D-020,模拟直营·麦地那·02店,直营,MED,丰田,62,7,模拟周报,模拟
2026-05-18,2026-05-24,MOCK-TA-024,MOCK-L2-024,模拟二级展厅·麦地那·01店,二级展厅,MED,丰田,15,7,月报拆周（非实测周报）,模拟
2026-05-18,2026-05-24,MOCK-TA-024,MOCK-L2-024,模拟二级展厅·麦地那·01店,二级展厅,MED,雷克萨斯,2,7,月报拆周（非实测周报）,模拟
2026-05-18,2026-05-24,MOCK-TA-025,MOCK-L2-025,模拟二级展厅·麦地那·02店,二级展厅,MED,丰田,19,7,月报拆周（非实测周报）,模拟
2026-05-18,2026-05-24,MOCK-TD-001,MOCK-D-021,模拟直营·塔伊夫·01店,直营,TAI,丰田,50,7,模拟周报,模拟
2026-05-18,2026-05-24,MOCK-TA-026,MOCK-L2-026,模拟二级展厅·塔伊夫·01店,二级展厅,TAI,丰田,14,7,月报拆周（非实测周报）,模拟
2026-05-18,2026-05-24,MOCK-TA-027,MOCK-L2-027,模拟二级展厅·塔伊夫·02店,二级展厅,TAI,丰田,16,7,月报拆周（非实测周报）,模拟
2026-05-18,2026-05-24,MOCK-TD-001,MOCK-D-022,模拟直营·哈萨·01店,直营,HOF,丰田,58,7,模拟周报,模拟
2026-05-18,2026-05-24,MOCK-TA-028,MOCK-L2-028,模拟二级展厅·哈萨·01店,二级展厅,HOF,丰田,17,7,月报拆周（非实测周报）,模拟
2026-05-18,2026-05-24,MOCK-TA-029,MOCK-L2-029,模拟二级展厅·哈萨·02店,二级展厅,HOF,丰田,14,7,月报拆周（非实测周报）,模拟
2026-05-18,2026-05-24,MOCK-TD-001,MOCK-D-023,模拟直营·布赖代·01店,直营,BUR,丰田,47,7,模拟周报,模拟
2026-05-18,2026-05-24,MOCK-TD-001,MOCK-D-023,模拟直营·布赖代·01店,直营,BUR,雷克萨斯,10,7,模拟周报,模拟
2026-05-18,2026-05-24,MOCK-TD-001,MOCK-D-024,模拟直营·布赖代·02店,直营,BUR,丰田,66,7,模拟周报,模拟
2026-05-18,2026-05-24,MOCK-TA-030,MOCK-L2-030,模拟二级展厅·布赖代·01店,二级展厅,BUR,丰田,20,7,月报拆周（非实测周报）,模拟
2026-05-18,2026-05-24,MOCK-TA-030,MOCK-L2-030,模拟二级展厅·布赖代·01店,二级展厅,BUR,雷克萨斯,2,7,月报拆周（非实测周报）,模拟
2026-05-18,2026-05-24,MOCK-TA-031,MOCK-L2-031,模拟二级展厅·布赖代·02店,二级展厅,BUR,丰田,20,7,月报拆周（非实测周报）,模拟
2026-05-18,2026-05-24,MOCK-TA-032,MOCK-L2-032,模拟二级展厅·布赖代·03店,二级展厅,BUR,丰田,19,7,月报拆周（非实测周报）,模拟
2026-05-18,2026-05-24,MOCK-TD-001,MOCK-D-025,模拟直营·欧奈宰·01店,直营,UNA,丰田,44,7,模拟周报,模拟
2026-05-18,2026-05-24,MOCK-TA-033,MOCK-L2-033,模拟二级展厅·欧奈宰·01店,二级展厅,UNA,丰田,14,7,月报拆周（非实测周报）,模拟
2026-05-18,2026-05-24,MOCK-TD-001,MOCK-D-026,模拟直营·哈伊勒·01店,直营,HAI,丰田,49,7,模拟周报,模拟
2026-05-18,2026-05-24,MOCK-TA-034,MOCK-L2-034,模拟二级展厅·哈伊勒·01店,二级展厅,HAI,丰田,17,7,月报拆周（非实测周报）,模拟
2026-05-18,2026-05-24,MOCK-TA-035,MOCK-L2-035,模拟二级展厅·哈伊勒·02店,二级展厅,HAI,丰田,14,7,月报拆周（非实测周报）,模拟
2026-05-18,2026-05-24,MOCK-TD-001,MOCK-D-027,模拟直营·塔布克·01店,直营,TAB,丰田,47,7,模拟周报,模拟
2026-05-18,2026-05-24,MOCK-TA-036,MOCK-L2-036,模拟二级展厅·塔布克·01店,二级展厅,TAB,丰田,13,7,月报拆周（非实测周报）,模拟
2026-05-18,2026-05-24,MOCK-TA-037,MOCK-L2-037,模拟二级展厅·塔布克·02店,二级展厅,TAB,丰田,13,7,月报拆周（非实测周报）,模拟
2026-05-18,2026-05-24,MOCK-TD-001,MOCK-D-028,模拟直营·艾卜哈·01店,直营,ABH,丰田,63,7,模拟周报,模拟
2026-05-18,2026-05-24,MOCK-TD-001,MOCK-D-028,模拟直营·艾卜哈·01店,直营,ABH,雷克萨斯,16,7,模拟周报,模拟
2026-05-18,2026-05-24,MOCK-TD-001,MOCK-D-029,模拟直营·艾卜哈·02店,直营,ABH,丰田,53,7,模拟周报,模拟
2026-05-18,2026-05-24,MOCK-TA-038,MOCK-L2-038,模拟二级展厅·艾卜哈·01店,二级展厅,ABH,丰田,15,7,月报拆周（非实测周报）,模拟
2026-05-18,2026-05-24,MOCK-TA-038,MOCK-L2-038,模拟二级展厅·艾卜哈·01店,二级展厅,ABH,雷克萨斯,3,7,月报拆周（非实测周报）,模拟
2026-05-18,2026-05-24,MOCK-TA-039,MOCK-L2-039,模拟二级展厅·艾卜哈·02店,二级展厅,ABH,丰田,17,7,月报拆周（非实测周报）,模拟
2026-05-18,2026-05-24,MOCK-TD-001,MOCK-D-030,模拟直营·海米斯穆谢特·01店,直营,KHM,丰田,41,7,模拟周报,模拟
2026-05-18,2026-05-24,MOCK-TA-040,MOCK-L2-040,模拟二级展厅·海米斯穆谢特·01店,二级展厅,KHM,丰田,18,7,月报拆周（非实测周报）,模拟
2026-05-18,2026-05-24,MOCK-TD-001,MOCK-D-031,模拟直营·吉赞·01店,直营,JAZ,丰田,37,7,模拟周报,模拟
2026-05-18,2026-05-24,MOCK-TA-041,MOCK-L2-041,模拟二级展厅·吉赞·01店,二级展厅,JAZ,丰田,19,7,月报拆周（非实测周报）,模拟
2026-05-18,2026-05-24,MOCK-TA-042,MOCK-L2-042,模拟二级展厅·吉赞·02店,二级展厅,JAZ,丰田,19,7,月报拆周（非实测周报）,模拟
2026-05-18,2026-05-24,MOCK-TD-001,MOCK-D-032,模拟直营·奈季兰·01店,直营,NAJ,丰田,38,7,模拟周报,模拟
2026-05-18,2026-05-24,MOCK-TA-043,MOCK-L2-043,模拟二级展厅·奈季兰·01店,二级展厅,NAJ,丰田,13,7,月报拆周（非实测周报）,模拟
2026-05-18,2026-05-24,MOCK-TD-001,MOCK-D-033,模拟直营·延布·01店,直营,YAN,丰田,49,7,模拟周报,模拟
2026-05-18,2026-05-24,MOCK-TA-044,MOCK-L2-044,模拟二级展厅·延布·01店,二级展厅,YAN,丰田,19,7,月报拆周（非实测周报）,模拟
2026-05-18,2026-05-24,MOCK-TD-001,MOCK-D-034,模拟直营·朱拜勒·01店,直营,JUB,丰田,51,7,模拟周报,模拟
2026-05-18,2026-05-24,MOCK-TA-045,MOCK-L2-045,模拟二级展厅·朱拜勒·01店,二级展厅,JUB,丰田,16,7,月报拆周（非实测周报）,模拟
2026-05-25,2026-05-31,MOCK-TD-001,MOCK-D-001,模拟直营·利雅得·01店,直营,RUH,丰田,91,7,模拟周报,模拟
2026-05-25,2026-05-31,MOCK-TD-001,MOCK-D-001,模拟直营·利雅得·01店,直营,RUH,雷克萨斯,19,7,模拟周报,模拟
2026-05-25,2026-05-31,MOCK-TD-001,MOCK-D-002,模拟直营·利雅得·02店,直营,RUH,丰田,58,7,模拟周报,模拟
2026-05-25,2026-05-31,MOCK-TD-001,MOCK-D-002,模拟直营·利雅得·02店,直营,RUH,雷克萨斯,15,7,模拟周报,模拟
2026-05-25,2026-05-31,MOCK-TD-001,MOCK-D-003,模拟直营·利雅得·03店,直营,RUH,丰田,58,7,模拟周报,模拟
2026-05-25,2026-05-31,MOCK-TD-001,MOCK-D-003,模拟直营·利雅得·03店,直营,RUH,雷克萨斯,16,7,模拟周报,模拟
2026-05-25,2026-05-31,MOCK-TD-001,MOCK-D-004,模拟直营·利雅得·04店,直营,RUH,丰田,68,7,模拟周报,模拟
2026-05-25,2026-05-31,MOCK-TD-001,MOCK-D-005,模拟直营·利雅得·05店,直营,RUH,丰田,61,7,模拟周报,模拟
2026-05-25,2026-05-31,MOCK-TD-001,MOCK-D-006,模拟直营·利雅得·06店,直营,RUH,丰田,54,7,模拟周报,模拟
2026-05-25,2026-05-31,MOCK-TA-001,MOCK-L2-001,模拟二级展厅·利雅得·01店,二级展厅,RUH,丰田,20,7,月报拆周（非实测周报）,模拟
2026-05-25,2026-05-31,MOCK-TA-001,MOCK-L2-001,模拟二级展厅·利雅得·01店,二级展厅,RUH,雷克萨斯,4,7,月报拆周（非实测周报）,模拟
2026-05-25,2026-05-31,MOCK-TA-002,MOCK-L2-002,模拟二级展厅·利雅得·02店,二级展厅,RUH,丰田,20,7,月报拆周（非实测周报）,模拟
2026-05-25,2026-05-31,MOCK-TA-003,MOCK-L2-003,模拟二级展厅·利雅得·03店,二级展厅,RUH,丰田,21,7,月报拆周（非实测周报）,模拟
2026-05-25,2026-05-31,MOCK-TA-004,MOCK-L2-004,模拟二级展厅·利雅得·04店,二级展厅,RUH,丰田,28,7,月报拆周（非实测周报）,模拟
2026-05-25,2026-05-31,MOCK-TA-005,MOCK-L2-005,模拟二级展厅·利雅得·05店,二级展厅,RUH,丰田,17,7,月报拆周（非实测周报）,模拟
2026-05-25,2026-05-31,MOCK-TA-006,MOCK-L2-006,模拟二级展厅·利雅得·06店,二级展厅,RUH,丰田,21,7,月报拆周（非实测周报）,模拟
2026-05-25,2026-05-31,MOCK-TA-007,MOCK-L2-007,模拟二级展厅·利雅得·07店,二级展厅,RUH,丰田,21,7,月报拆周（非实测周报）,模拟
2026-05-25,2026-05-31,MOCK-TA-008,MOCK-L2-008,模拟二级展厅·利雅得·08店,二级展厅,RUH,丰田,21,7,月报拆周（非实测周报）,模拟
2026-05-25,2026-05-31,MOCK-TD-001,MOCK-D-007,模拟直营·吉达·01店,直营,JED,丰田,72,7,模拟周报,模拟
2026-05-25,2026-05-31,MOCK-TD-001,MOCK-D-007,模拟直营·吉达·01店,直营,JED,雷克萨斯,17,7,模拟周报,模拟
2026-05-25,2026-05-31,MOCK-TD-001,MOCK-D-008,模拟直营·吉达·02店,直营,JED,丰田,72,7,模拟周报,模拟
2026-05-25,2026-05-31,MOCK-TD-001,MOCK-D-008,模拟直营·吉达·02店,直营,JED,雷克萨斯,21,7,模拟周报,模拟
2026-05-25,2026-05-31,MOCK-TD-001,MOCK-D-009,模拟直营·吉达·03店,直营,JED,丰田,73,7,模拟周报,模拟
2026-05-25,2026-05-31,MOCK-TD-001,MOCK-D-009,模拟直营·吉达·03店,直营,JED,雷克萨斯,17,7,模拟周报,模拟
2026-05-25,2026-05-31,MOCK-TD-001,MOCK-D-010,模拟直营·吉达·04店,直营,JED,丰田,71,7,模拟周报,模拟
2026-05-25,2026-05-31,MOCK-TD-001,MOCK-D-011,模拟直营·吉达·05店,直营,JED,丰田,50,7,模拟周报,模拟
2026-05-25,2026-05-31,MOCK-TA-009,MOCK-L2-009,模拟二级展厅·吉达·01店,二级展厅,JED,丰田,22,7,月报拆周（非实测周报）,模拟
2026-05-25,2026-05-31,MOCK-TA-009,MOCK-L2-009,模拟二级展厅·吉达·01店,二级展厅,JED,雷克萨斯,3,7,月报拆周（非实测周报）,模拟
2026-05-25,2026-05-31,MOCK-TA-010,MOCK-L2-010,模拟二级展厅·吉达·02店,二级展厅,JED,丰田,31,7,月报拆周（非实测周报）,模拟
2026-05-25,2026-05-31,MOCK-TA-011,MOCK-L2-011,模拟二级展厅·吉达·03店,二级展厅,JED,丰田,19,7,月报拆周（非实测周报）,模拟
2026-05-25,2026-05-31,MOCK-TA-012,MOCK-L2-012,模拟二级展厅·吉达·04店,二级展厅,JED,丰田,22,7,月报拆周（非实测周报）,模拟
2026-05-25,2026-05-31,MOCK-TA-013,MOCK-L2-013,模拟二级展厅·吉达·05店,二级展厅,JED,丰田,24,7,月报拆周（非实测周报）,模拟
2026-05-25,2026-05-31,MOCK-TA-014,MOCK-L2-014,模拟二级展厅·吉达·06店,二级展厅,JED,丰田,18,7,月报拆周（非实测周报）,模拟
2026-05-25,2026-05-31,MOCK-TD-001,MOCK-D-012,模拟直营·达曼·01店,直营,DMM,丰田,61,7,模拟周报,模拟
2026-05-25,2026-05-31,MOCK-TD-001,MOCK-D-012,模拟直营·达曼·01店,直营,DMM,雷克萨斯,16,7,模拟周报,模拟
2026-05-25,2026-05-31,MOCK-TD-001,MOCK-D-013,模拟直营·达曼·02店,直营,DMM,丰田,51,7,模拟周报,模拟
2026-05-25,2026-05-31,MOCK-TD-001,MOCK-D-014,模拟直营·达曼·03店,直营,DMM,丰田,55,7,模拟周报,模拟
2026-05-25,2026-05-31,MOCK-TA-015,MOCK-L2-015,模拟二级展厅·达曼·01店,二级展厅,DMM,丰田,19,7,月报拆周（非实测周报）,模拟
2026-05-25,2026-05-31,MOCK-TA-015,MOCK-L2-015,模拟二级展厅·达曼·01店,二级展厅,DMM,雷克萨斯,3,7,月报拆周（非实测周报）,模拟
2026-05-25,2026-05-31,MOCK-TA-016,MOCK-L2-016,模拟二级展厅·达曼·02店,二级展厅,DMM,丰田,16,7,月报拆周（非实测周报）,模拟
2026-05-25,2026-05-31,MOCK-TA-017,MOCK-L2-017,模拟二级展厅·达曼·03店,二级展厅,DMM,丰田,23,7,月报拆周（非实测周报）,模拟
2026-05-25,2026-05-31,MOCK-TA-018,MOCK-L2-018,模拟二级展厅·达曼·04店,二级展厅,DMM,丰田,23,7,月报拆周（非实测周报）,模拟
2026-05-25,2026-05-31,MOCK-TD-001,MOCK-D-015,模拟直营·胡拜尔·01店,直营,KHO,丰田,60,7,模拟周报,模拟
2026-05-25,2026-05-31,MOCK-TD-001,MOCK-D-015,模拟直营·胡拜尔·01店,直营,KHO,雷克萨斯,19,7,模拟周报,模拟
2026-05-25,2026-05-31,MOCK-TD-001,MOCK-D-016,模拟直营·胡拜尔·02店,直营,KHO,丰田,63,7,模拟周报,模拟
2026-05-25,2026-05-31,MOCK-TA-019,MOCK-L2-019,模拟二级展厅·胡拜尔·01店,二级展厅,KHO,丰田,20,7,月报拆周（非实测周报）,模拟
2026-05-25,2026-05-31,MOCK-TA-019,MOCK-L2-019,模拟二级展厅·胡拜尔·01店,二级展厅,KHO,雷克萨斯,2,7,月报拆周（非实测周报）,模拟
2026-05-25,2026-05-31,MOCK-TA-020,MOCK-L2-020,模拟二级展厅·胡拜尔·02店,二级展厅,KHO,丰田,22,7,月报拆周（非实测周报）,模拟
2026-05-25,2026-05-31,MOCK-TD-001,MOCK-D-017,模拟直营·麦加·01店,直营,MAK,丰田,56,7,模拟周报,模拟
2026-05-25,2026-05-31,MOCK-TD-001,MOCK-D-017,模拟直营·麦加·01店,直营,MAK,雷克萨斯,15,7,模拟周报,模拟
2026-05-25,2026-05-31,MOCK-TD-001,MOCK-D-018,模拟直营·麦加·02店,直营,MAK,丰田,48,7,模拟周报,模拟
2026-05-25,2026-05-31,MOCK-TA-021,MOCK-L2-021,模拟二级展厅·麦加·01店,二级展厅,MAK,丰田,18,7,月报拆周（非实测周报）,模拟
2026-05-25,2026-05-31,MOCK-TA-021,MOCK-L2-021,模拟二级展厅·麦加·01店,二级展厅,MAK,雷克萨斯,3,7,月报拆周（非实测周报）,模拟
2026-05-25,2026-05-31,MOCK-TA-022,MOCK-L2-022,模拟二级展厅·麦加·02店,二级展厅,MAK,丰田,16,7,月报拆周（非实测周报）,模拟
2026-05-25,2026-05-31,MOCK-TA-023,MOCK-L2-023,模拟二级展厅·麦加·03店,二级展厅,MAK,丰田,21,7,月报拆周（非实测周报）,模拟
2026-05-25,2026-05-31,MOCK-TD-001,MOCK-D-019,模拟直营·麦地那·01店,直营,MED,丰田,63,7,模拟周报,模拟
2026-05-25,2026-05-31,MOCK-TD-001,MOCK-D-019,模拟直营·麦地那·01店,直营,MED,雷克萨斯,15,7,模拟周报,模拟
2026-05-25,2026-05-31,MOCK-TD-001,MOCK-D-020,模拟直营·麦地那·02店,直营,MED,丰田,69,7,模拟周报,模拟
2026-05-25,2026-05-31,MOCK-TA-024,MOCK-L2-024,模拟二级展厅·麦地那·01店,二级展厅,MED,丰田,15,7,月报拆周（非实测周报）,模拟
2026-05-25,2026-05-31,MOCK-TA-024,MOCK-L2-024,模拟二级展厅·麦地那·01店,二级展厅,MED,雷克萨斯,3,7,月报拆周（非实测周报）,模拟
2026-05-25,2026-05-31,MOCK-TA-025,MOCK-L2-025,模拟二级展厅·麦地那·02店,二级展厅,MED,丰田,20,7,月报拆周（非实测周报）,模拟
2026-05-25,2026-05-31,MOCK-TD-001,MOCK-D-021,模拟直营·塔伊夫·01店,直营,TAI,丰田,50,7,模拟周报,模拟
2026-05-25,2026-05-31,MOCK-TA-026,MOCK-L2-026,模拟二级展厅·塔伊夫·01店,二级展厅,TAI,丰田,13,7,月报拆周（非实测周报）,模拟
2026-05-25,2026-05-31,MOCK-TA-027,MOCK-L2-027,模拟二级展厅·塔伊夫·02店,二级展厅,TAI,丰田,16,7,月报拆周（非实测周报）,模拟
2026-05-25,2026-05-31,MOCK-TD-001,MOCK-D-022,模拟直营·哈萨·01店,直营,HOF,丰田,53,7,模拟周报,模拟
2026-05-25,2026-05-31,MOCK-TA-028,MOCK-L2-028,模拟二级展厅·哈萨·01店,二级展厅,HOF,丰田,17,7,月报拆周（非实测周报）,模拟
2026-05-25,2026-05-31,MOCK-TA-029,MOCK-L2-029,模拟二级展厅·哈萨·02店,二级展厅,HOF,丰田,13,7,月报拆周（非实测周报）,模拟
2026-05-25,2026-05-31,MOCK-TD-001,MOCK-D-023,模拟直营·布赖代·01店,直营,BUR,丰田,43,7,模拟周报,模拟
2026-05-25,2026-05-31,MOCK-TD-001,MOCK-D-023,模拟直营·布赖代·01店,直营,BUR,雷克萨斯,10,7,模拟周报,模拟
2026-05-25,2026-05-31,MOCK-TD-001,MOCK-D-024,模拟直营·布赖代·02店,直营,BUR,丰田,60,7,模拟周报,模拟
2026-05-25,2026-05-31,MOCK-TA-030,MOCK-L2-030,模拟二级展厅·布赖代·01店,二级展厅,BUR,丰田,18,7,月报拆周（非实测周报）,模拟
2026-05-25,2026-05-31,MOCK-TA-030,MOCK-L2-030,模拟二级展厅·布赖代·01店,二级展厅,BUR,雷克萨斯,3,7,月报拆周（非实测周报）,模拟
2026-05-25,2026-05-31,MOCK-TA-031,MOCK-L2-031,模拟二级展厅·布赖代·02店,二级展厅,BUR,丰田,19,7,月报拆周（非实测周报）,模拟
2026-05-25,2026-05-31,MOCK-TA-032,MOCK-L2-032,模拟二级展厅·布赖代·03店,二级展厅,BUR,丰田,19,7,月报拆周（非实测周报）,模拟
2026-05-25,2026-05-31,MOCK-TD-001,MOCK-D-025,模拟直营·欧奈宰·01店,直营,UNA,丰田,41,7,模拟周报,模拟
2026-05-25,2026-05-31,MOCK-TA-033,MOCK-L2-033,模拟二级展厅·欧奈宰·01店,二级展厅,UNA,丰田,14,7,月报拆周（非实测周报）,模拟
2026-05-25,2026-05-31,MOCK-TD-001,MOCK-D-026,模拟直营·哈伊勒·01店,直营,HAI,丰田,47,7,模拟周报,模拟
2026-05-25,2026-05-31,MOCK-TA-034,MOCK-L2-034,模拟二级展厅·哈伊勒·01店,二级展厅,HAI,丰田,19,7,月报拆周（非实测周报）,模拟
2026-05-25,2026-05-31,MOCK-TA-035,MOCK-L2-035,模拟二级展厅·哈伊勒·02店,二级展厅,HAI,丰田,13,7,月报拆周（非实测周报）,模拟
2026-05-25,2026-05-31,MOCK-TD-001,MOCK-D-027,模拟直营·塔布克·01店,直营,TAB,丰田,47,7,模拟周报,模拟
2026-05-25,2026-05-31,MOCK-TA-036,MOCK-L2-036,模拟二级展厅·塔布克·01店,二级展厅,TAB,丰田,12,7,月报拆周（非实测周报）,模拟
2026-05-25,2026-05-31,MOCK-TA-037,MOCK-L2-037,模拟二级展厅·塔布克·02店,二级展厅,TAB,丰田,14,7,月报拆周（非实测周报）,模拟
2026-05-25,2026-05-31,MOCK-TD-001,MOCK-D-028,模拟直营·艾卜哈·01店,直营,ABH,丰田,55,7,模拟周报,模拟
2026-05-25,2026-05-31,MOCK-TD-001,MOCK-D-028,模拟直营·艾卜哈·01店,直营,ABH,雷克萨斯,17,7,模拟周报,模拟
2026-05-25,2026-05-31,MOCK-TD-001,MOCK-D-029,模拟直营·艾卜哈·02店,直营,ABH,丰田,51,7,模拟周报,模拟
2026-05-25,2026-05-31,MOCK-TA-038,MOCK-L2-038,模拟二级展厅·艾卜哈·01店,二级展厅,ABH,丰田,13,7,月报拆周（非实测周报）,模拟
2026-05-25,2026-05-31,MOCK-TA-038,MOCK-L2-038,模拟二级展厅·艾卜哈·01店,二级展厅,ABH,雷克萨斯,2,7,月报拆周（非实测周报）,模拟
2026-05-25,2026-05-31,MOCK-TA-039,MOCK-L2-039,模拟二级展厅·艾卜哈·02店,二级展厅,ABH,丰田,17,7,月报拆周（非实测周报）,模拟
2026-05-25,2026-05-31,MOCK-TD-001,MOCK-D-030,模拟直营·海米斯穆谢特·01店,直营,KHM,丰田,38,7,模拟周报,模拟
2026-05-25,2026-05-31,MOCK-TA-040,MOCK-L2-040,模拟二级展厅·海米斯穆谢特·01店,二级展厅,KHM,丰田,17,7,月报拆周（非实测周报）,模拟
2026-05-25,2026-05-31,MOCK-TD-001,MOCK-D-031,模拟直营·吉赞·01店,直营,JAZ,丰田,39,7,模拟周报,模拟
2026-05-25,2026-05-31,MOCK-TA-041,MOCK-L2-041,模拟二级展厅·吉赞·01店,二级展厅,JAZ,丰田,15,7,月报拆周（非实测周报）,模拟
2026-05-25,2026-05-31,MOCK-TA-042,MOCK-L2-042,模拟二级展厅·吉赞·02店,二级展厅,JAZ,丰田,18,7,月报拆周（非实测周报）,模拟
2026-05-25,2026-05-31,MOCK-TD-001,MOCK-D-032,模拟直营·奈季兰·01店,直营,NAJ,丰田,39,7,模拟周报,模拟
2026-05-25,2026-05-31,MOCK-TA-043,MOCK-L2-043,模拟二级展厅·奈季兰·01店,二级展厅,NAJ,丰田,13,7,月报拆周（非实测周报）,模拟
2026-05-25,2026-05-31,MOCK-TD-001,MOCK-D-033,模拟直营·延布·01店,直营,YAN,丰田,45,7,模拟周报,模拟
2026-05-25,2026-05-31,MOCK-TA-044,MOCK-L2-044,模拟二级展厅·延布·01店,二级展厅,YAN,丰田,18,7,月报拆周（非实测周报）,模拟
2026-05-25,2026-05-31,MOCK-TD-001,MOCK-D-034,模拟直营·朱拜勒·01店,直营,JUB,丰田,51,7,模拟周报,模拟
2026-05-25,2026-05-31,MOCK-TA-045,MOCK-L2-045,模拟二级展厅·朱拜勒·01店,二级展厅,JUB,丰田,16,7,月报拆周（非实测周报）,模拟
2026-06-01,2026-06-07,MOCK-TD-001,MOCK-D-001,模拟直营·利雅得·01店,直营,RUH,丰田,71,7,模拟周报,模拟
2026-06-01,2026-06-07,MOCK-TD-001,MOCK-D-001,模拟直营·利雅得·01店,直营,RUH,雷克萨斯,21,7,模拟周报,模拟
2026-06-01,2026-06-07,MOCK-TD-001,MOCK-D-002,模拟直营·利雅得·02店,直营,RUH,丰田,50,7,模拟周报,模拟
2026-06-01,2026-06-07,MOCK-TD-001,MOCK-D-002,模拟直营·利雅得·02店,直营,RUH,雷克萨斯,14,7,模拟周报,模拟
2026-06-01,2026-06-07,MOCK-TD-001,MOCK-D-003,模拟直营·利雅得·03店,直营,RUH,丰田,53,7,模拟周报,模拟
2026-06-01,2026-06-07,MOCK-TD-001,MOCK-D-003,模拟直营·利雅得·03店,直营,RUH,雷克萨斯,20,7,模拟周报,模拟
2026-06-01,2026-06-07,MOCK-TD-001,MOCK-D-004,模拟直营·利雅得·04店,直营,RUH,丰田,56,7,模拟周报,模拟
2026-06-01,2026-06-07,MOCK-TD-001,MOCK-D-005,模拟直营·利雅得·05店,直营,RUH,丰田,52,7,模拟周报,模拟
2026-06-01,2026-06-07,MOCK-TD-001,MOCK-D-006,模拟直营·利雅得·06店,直营,RUH,丰田,47,7,模拟周报,模拟
2026-06-01,2026-06-07,MOCK-TA-001,MOCK-L2-001,模拟二级展厅·利雅得·01店,二级展厅,RUH,丰田,18,7,月报拆周（非实测周报）,模拟
2026-06-01,2026-06-07,MOCK-TA-001,MOCK-L2-001,模拟二级展厅·利雅得·01店,二级展厅,RUH,雷克萨斯,2,7,月报拆周（非实测周报）,模拟
2026-06-01,2026-06-07,MOCK-TA-002,MOCK-L2-002,模拟二级展厅·利雅得·02店,二级展厅,RUH,丰田,16,7,月报拆周（非实测周报）,模拟
2026-06-01,2026-06-07,MOCK-TA-003,MOCK-L2-003,模拟二级展厅·利雅得·03店,二级展厅,RUH,丰田,17,7,月报拆周（非实测周报）,模拟
2026-06-01,2026-06-07,MOCK-TA-004,MOCK-L2-004,模拟二级展厅·利雅得·04店,二级展厅,RUH,丰田,24,7,月报拆周（非实测周报）,模拟
2026-06-01,2026-06-07,MOCK-TA-005,MOCK-L2-005,模拟二级展厅·利雅得·05店,二级展厅,RUH,丰田,18,7,月报拆周（非实测周报）,模拟
2026-06-01,2026-06-07,MOCK-TA-006,MOCK-L2-006,模拟二级展厅·利雅得·06店,二级展厅,RUH,丰田,24,7,月报拆周（非实测周报）,模拟
2026-06-01,2026-06-07,MOCK-TA-007,MOCK-L2-007,模拟二级展厅·利雅得·07店,二级展厅,RUH,丰田,19,7,月报拆周（非实测周报）,模拟
2026-06-01,2026-06-07,MOCK-TA-008,MOCK-L2-008,模拟二级展厅·利雅得·08店,二级展厅,RUH,丰田,16,7,月报拆周（非实测周报）,模拟
2026-06-01,2026-06-07,MOCK-TD-001,MOCK-D-007,模拟直营·吉达·01店,直营,JED,丰田,60,7,模拟周报,模拟
2026-06-01,2026-06-07,MOCK-TD-001,MOCK-D-007,模拟直营·吉达·01店,直营,JED,雷克萨斯,19,7,模拟周报,模拟
2026-06-01,2026-06-07,MOCK-TD-001,MOCK-D-008,模拟直营·吉达·02店,直营,JED,丰田,72,7,模拟周报,模拟
2026-06-01,2026-06-07,MOCK-TD-001,MOCK-D-008,模拟直营·吉达·02店,直营,JED,雷克萨斯,20,7,模拟周报,模拟
2026-06-01,2026-06-07,MOCK-TD-001,MOCK-D-009,模拟直营·吉达·03店,直营,JED,丰田,65,7,模拟周报,模拟
2026-06-01,2026-06-07,MOCK-TD-001,MOCK-D-009,模拟直营·吉达·03店,直营,JED,雷克萨斯,20,7,模拟周报,模拟
2026-06-01,2026-06-07,MOCK-TD-001,MOCK-D-010,模拟直营·吉达·04店,直营,JED,丰田,66,7,模拟周报,模拟
2026-06-01,2026-06-07,MOCK-TD-001,MOCK-D-011,模拟直营·吉达·05店,直营,JED,丰田,49,7,模拟周报,模拟
2026-06-01,2026-06-07,MOCK-TA-009,MOCK-L2-009,模拟二级展厅·吉达·01店,二级展厅,JED,丰田,18,7,月报拆周（非实测周报）,模拟
2026-06-01,2026-06-07,MOCK-TA-009,MOCK-L2-009,模拟二级展厅·吉达·01店,二级展厅,JED,雷克萨斯,4,7,月报拆周（非实测周报）,模拟
2026-06-01,2026-06-07,MOCK-TA-010,MOCK-L2-010,模拟二级展厅·吉达·02店,二级展厅,JED,丰田,26,7,月报拆周（非实测周报）,模拟
2026-06-01,2026-06-07,MOCK-TA-011,MOCK-L2-011,模拟二级展厅·吉达·03店,二级展厅,JED,丰田,15,7,月报拆周（非实测周报）,模拟
2026-06-01,2026-06-07,MOCK-TA-012,MOCK-L2-012,模拟二级展厅·吉达·04店,二级展厅,JED,丰田,20,7,月报拆周（非实测周报）,模拟
2026-06-01,2026-06-07,MOCK-TA-013,MOCK-L2-013,模拟二级展厅·吉达·05店,二级展厅,JED,丰田,22,7,月报拆周（非实测周报）,模拟
2026-06-01,2026-06-07,MOCK-TA-014,MOCK-L2-014,模拟二级展厅·吉达·06店,二级展厅,JED,丰田,16,7,月报拆周（非实测周报）,模拟
2026-06-01,2026-06-07,MOCK-TD-001,MOCK-D-012,模拟直营·达曼·01店,直营,DMM,丰田,49,7,模拟周报,模拟
2026-06-01,2026-06-07,MOCK-TD-001,MOCK-D-012,模拟直营·达曼·01店,直营,DMM,雷克萨斯,16,7,模拟周报,模拟
2026-06-01,2026-06-07,MOCK-TD-001,MOCK-D-013,模拟直营·达曼·02店,直营,DMM,丰田,58,7,模拟周报,模拟
2026-06-01,2026-06-07,MOCK-TD-001,MOCK-D-014,模拟直营·达曼·03店,直营,DMM,丰田,48,7,模拟周报,模拟
2026-06-01,2026-06-07,MOCK-TA-015,MOCK-L2-015,模拟二级展厅·达曼·01店,二级展厅,DMM,丰田,15,7,月报拆周（非实测周报）,模拟
2026-06-01,2026-06-07,MOCK-TA-015,MOCK-L2-015,模拟二级展厅·达曼·01店,二级展厅,DMM,雷克萨斯,3,7,月报拆周（非实测周报）,模拟
2026-06-01,2026-06-07,MOCK-TA-016,MOCK-L2-016,模拟二级展厅·达曼·02店,二级展厅,DMM,丰田,17,7,月报拆周（非实测周报）,模拟
2026-06-01,2026-06-07,MOCK-TA-017,MOCK-L2-017,模拟二级展厅·达曼·03店,二级展厅,DMM,丰田,19,7,月报拆周（非实测周报）,模拟
2026-06-01,2026-06-07,MOCK-TA-018,MOCK-L2-018,模拟二级展厅·达曼·04店,二级展厅,DMM,丰田,18,7,月报拆周（非实测周报）,模拟
2026-06-01,2026-06-07,MOCK-TD-001,MOCK-D-015,模拟直营·胡拜尔·01店,直营,KHO,丰田,60,7,模拟周报,模拟
2026-06-01,2026-06-07,MOCK-TD-001,MOCK-D-015,模拟直营·胡拜尔·01店,直营,KHO,雷克萨斯,17,7,模拟周报,模拟
2026-06-01,2026-06-07,MOCK-TD-001,MOCK-D-016,模拟直营·胡拜尔·02店,直营,KHO,丰田,50,7,模拟周报,模拟
2026-06-01,2026-06-07,MOCK-TA-019,MOCK-L2-019,模拟二级展厅·胡拜尔·01店,二级展厅,KHO,丰田,19,7,月报拆周（非实测周报）,模拟
2026-06-01,2026-06-07,MOCK-TA-019,MOCK-L2-019,模拟二级展厅·胡拜尔·01店,二级展厅,KHO,雷克萨斯,3,7,月报拆周（非实测周报）,模拟
2026-06-01,2026-06-07,MOCK-TA-020,MOCK-L2-020,模拟二级展厅·胡拜尔·02店,二级展厅,KHO,丰田,19,7,月报拆周（非实测周报）,模拟
2026-06-01,2026-06-07,MOCK-TD-001,MOCK-D-017,模拟直营·麦加·01店,直营,MAK,丰田,49,7,模拟周报,模拟
2026-06-01,2026-06-07,MOCK-TD-001,MOCK-D-017,模拟直营·麦加·01店,直营,MAK,雷克萨斯,15,7,模拟周报,模拟
2026-06-01,2026-06-07,MOCK-TD-001,MOCK-D-018,模拟直营·麦加·02店,直营,MAK,丰田,46,7,模拟周报,模拟
2026-06-01,2026-06-07,MOCK-TA-021,MOCK-L2-021,模拟二级展厅·麦加·01店,二级展厅,MAK,丰田,16,7,月报拆周（非实测周报）,模拟
2026-06-01,2026-06-07,MOCK-TA-021,MOCK-L2-021,模拟二级展厅·麦加·01店,二级展厅,MAK,雷克萨斯,4,7,月报拆周（非实测周报）,模拟
2026-06-01,2026-06-07,MOCK-TA-022,MOCK-L2-022,模拟二级展厅·麦加·02店,二级展厅,MAK,丰田,16,7,月报拆周（非实测周报）,模拟
2026-06-01,2026-06-07,MOCK-TA-023,MOCK-L2-023,模拟二级展厅·麦加·03店,二级展厅,MAK,丰田,15,7,月报拆周（非实测周报）,模拟
2026-06-01,2026-06-07,MOCK-TD-001,MOCK-D-019,模拟直营·麦地那·01店,直营,MED,丰田,58,7,模拟周报,模拟
2026-06-01,2026-06-07,MOCK-TD-001,MOCK-D-019,模拟直营·麦地那·01店,直营,MED,雷克萨斯,17,7,模拟周报,模拟
2026-06-01,2026-06-07,MOCK-TD-001,MOCK-D-020,模拟直营·麦地那·02店,直营,MED,丰田,50,7,模拟周报,模拟
2026-06-01,2026-06-07,MOCK-TA-024,MOCK-L2-024,模拟二级展厅·麦地那·01店,二级展厅,MED,丰田,16,7,月报拆周（非实测周报）,模拟
2026-06-01,2026-06-07,MOCK-TA-024,MOCK-L2-024,模拟二级展厅·麦地那·01店,二级展厅,MED,雷克萨斯,1,7,月报拆周（非实测周报）,模拟
2026-06-01,2026-06-07,MOCK-TA-025,MOCK-L2-025,模拟二级展厅·麦地那·02店,二级展厅,MED,丰田,15,7,月报拆周（非实测周报）,模拟
2026-06-01,2026-06-07,MOCK-TD-001,MOCK-D-021,模拟直营·塔伊夫·01店,直营,TAI,丰田,44,7,模拟周报,模拟
2026-06-01,2026-06-07,MOCK-TA-026,MOCK-L2-026,模拟二级展厅·塔伊夫·01店,二级展厅,TAI,丰田,12,7,月报拆周（非实测周报）,模拟
2026-06-01,2026-06-07,MOCK-TA-027,MOCK-L2-027,模拟二级展厅·塔伊夫·02店,二级展厅,TAI,丰田,14,7,月报拆周（非实测周报）,模拟
2026-06-01,2026-06-07,MOCK-TD-001,MOCK-D-022,模拟直营·哈萨·01店,直营,HOF,丰田,55,7,模拟周报,模拟
2026-06-01,2026-06-07,MOCK-TA-028,MOCK-L2-028,模拟二级展厅·哈萨·01店,二级展厅,HOF,丰田,14,7,月报拆周（非实测周报）,模拟
2026-06-01,2026-06-07,MOCK-TA-029,MOCK-L2-029,模拟二级展厅·哈萨·02店,二级展厅,HOF,丰田,13,7,月报拆周（非实测周报）,模拟
2026-06-01,2026-06-07,MOCK-TD-001,MOCK-D-023,模拟直营·布赖代·01店,直营,BUR,丰田,33,7,模拟周报,模拟
2026-06-01,2026-06-07,MOCK-TD-001,MOCK-D-023,模拟直营·布赖代·01店,直营,BUR,雷克萨斯,9,7,模拟周报,模拟
2026-06-01,2026-06-07,MOCK-TD-001,MOCK-D-024,模拟直营·布赖代·02店,直营,BUR,丰田,43,7,模拟周报,模拟
2026-06-01,2026-06-07,MOCK-TA-030,MOCK-L2-030,模拟二级展厅·布赖代·01店,二级展厅,BUR,丰田,17,7,月报拆周（非实测周报）,模拟
2026-06-01,2026-06-07,MOCK-TA-030,MOCK-L2-030,模拟二级展厅·布赖代·01店,二级展厅,BUR,雷克萨斯,5,7,月报拆周（非实测周报）,模拟
2026-06-01,2026-06-07,MOCK-TA-031,MOCK-L2-031,模拟二级展厅·布赖代·02店,二级展厅,BUR,丰田,17,7,月报拆周（非实测周报）,模拟
2026-06-01,2026-06-07,MOCK-TA-032,MOCK-L2-032,模拟二级展厅·布赖代·03店,二级展厅,BUR,丰田,13,7,月报拆周（非实测周报）,模拟
2026-06-01,2026-06-07,MOCK-TD-001,MOCK-D-025,模拟直营·欧奈宰·01店,直营,UNA,丰田,33,7,模拟周报,模拟
2026-06-01,2026-06-07,MOCK-TA-033,MOCK-L2-033,模拟二级展厅·欧奈宰·01店,二级展厅,UNA,丰田,9,7,月报拆周（非实测周报）,模拟
2026-06-01,2026-06-07,MOCK-TD-001,MOCK-D-026,模拟直营·哈伊勒·01店,直营,HAI,丰田,48,7,模拟周报,模拟
2026-06-01,2026-06-07,MOCK-TA-034,MOCK-L2-034,模拟二级展厅·哈伊勒·01店,二级展厅,HAI,丰田,14,7,月报拆周（非实测周报）,模拟
2026-06-01,2026-06-07,MOCK-TA-035,MOCK-L2-035,模拟二级展厅·哈伊勒·02店,二级展厅,HAI,丰田,10,7,月报拆周（非实测周报）,模拟
2026-06-01,2026-06-07,MOCK-TD-001,MOCK-D-027,模拟直营·塔布克·01店,直营,TAB,丰田,47,7,模拟周报,模拟
2026-06-01,2026-06-07,MOCK-TA-036,MOCK-L2-036,模拟二级展厅·塔布克·01店,二级展厅,TAB,丰田,11,7,月报拆周（非实测周报）,模拟
2026-06-01,2026-06-07,MOCK-TA-037,MOCK-L2-037,模拟二级展厅·塔布克·02店,二级展厅,TAB,丰田,10,7,月报拆周（非实测周报）,模拟
2026-06-01,2026-06-07,MOCK-TD-001,MOCK-D-028,模拟直营·艾卜哈·01店,直营,ABH,丰田,56,7,模拟周报,模拟
2026-06-01,2026-06-07,MOCK-TD-001,MOCK-D-028,模拟直营·艾卜哈·01店,直营,ABH,雷克萨斯,16,7,模拟周报,模拟
2026-06-01,2026-06-07,MOCK-TD-001,MOCK-D-029,模拟直营·艾卜哈·02店,直营,ABH,丰田,42,7,模拟周报,模拟
2026-06-01,2026-06-07,MOCK-TA-038,MOCK-L2-038,模拟二级展厅·艾卜哈·01店,二级展厅,ABH,丰田,12,7,月报拆周（非实测周报）,模拟
2026-06-01,2026-06-07,MOCK-TA-038,MOCK-L2-038,模拟二级展厅·艾卜哈·01店,二级展厅,ABH,雷克萨斯,3,7,月报拆周（非实测周报）,模拟
2026-06-01,2026-06-07,MOCK-TA-039,MOCK-L2-039,模拟二级展厅·艾卜哈·02店,二级展厅,ABH,丰田,14,7,月报拆周（非实测周报）,模拟
2026-06-01,2026-06-07,MOCK-TD-001,MOCK-D-030,模拟直营·海米斯穆谢特·01店,直营,KHM,丰田,36,7,模拟周报,模拟
2026-06-01,2026-06-07,MOCK-TA-040,MOCK-L2-040,模拟二级展厅·海米斯穆谢特·01店,二级展厅,KHM,丰田,13,7,月报拆周（非实测周报）,模拟
2026-06-01,2026-06-07,MOCK-TD-001,MOCK-D-031,模拟直营·吉赞·01店,直营,JAZ,丰田,31,7,模拟周报,模拟
2026-06-01,2026-06-07,MOCK-TA-041,MOCK-L2-041,模拟二级展厅·吉赞·01店,二级展厅,JAZ,丰田,15,7,月报拆周（非实测周报）,模拟
2026-06-01,2026-06-07,MOCK-TA-042,MOCK-L2-042,模拟二级展厅·吉赞·02店,二级展厅,JAZ,丰田,14,7,月报拆周（非实测周报）,模拟
2026-06-01,2026-06-07,MOCK-TD-001,MOCK-D-032,模拟直营·奈季兰·01店,直营,NAJ,丰田,38,7,模拟周报,模拟
2026-06-01,2026-06-07,MOCK-TA-043,MOCK-L2-043,模拟二级展厅·奈季兰·01店,二级展厅,NAJ,丰田,13,7,月报拆周（非实测周报）,模拟
2026-06-01,2026-06-07,MOCK-TD-001,MOCK-D-033,模拟直营·延布·01店,直营,YAN,丰田,32,7,模拟周报,模拟
2026-06-01,2026-06-07,MOCK-TA-044,MOCK-L2-044,模拟二级展厅·延布·01店,二级展厅,YAN,丰田,14,7,月报拆周（非实测周报）,模拟
2026-06-01,2026-06-07,MOCK-TD-001,MOCK-D-034,模拟直营·朱拜勒·01店,直营,JUB,丰田,45,7,模拟周报,模拟
2026-06-01,2026-06-07,MOCK-TA-045,MOCK-L2-045,模拟二级展厅·朱拜勒·01店,二级展厅,JUB,丰田,13,7,月报拆周（非实测周报）,模拟
2026-06-08,2026-06-14,MOCK-TD-001,MOCK-D-001,模拟直营·利雅得·01店,直营,RUH,丰田,75,7,模拟周报,模拟
2026-06-08,2026-06-14,MOCK-TD-001,MOCK-D-001,模拟直营·利雅得·01店,直营,RUH,雷克萨斯,21,7,模拟周报,模拟
2026-06-08,2026-06-14,MOCK-TD-001,MOCK-D-002,模拟直营·利雅得·02店,直营,RUH,丰田,54,7,模拟周报,模拟
2026-06-08,2026-06-14,MOCK-TD-001,MOCK-D-002,模拟直营·利雅得·02店,直营,RUH,雷克萨斯,15,7,模拟周报,模拟
2026-06-08,2026-06-14,MOCK-TD-001,MOCK-D-003,模拟直营·利雅得·03店,直营,RUH,丰田,55,7,模拟周报,模拟
2026-06-08,2026-06-14,MOCK-TD-001,MOCK-D-003,模拟直营·利雅得·03店,直营,RUH,雷克萨斯,18,7,模拟周报,模拟
2026-06-08,2026-06-14,MOCK-TD-001,MOCK-D-004,模拟直营·利雅得·04店,直营,RUH,丰田,53,7,模拟周报,模拟
2026-06-08,2026-06-14,MOCK-TD-001,MOCK-D-005,模拟直营·利雅得·05店,直营,RUH,丰田,54,7,模拟周报,模拟
2026-06-08,2026-06-14,MOCK-TD-001,MOCK-D-006,模拟直营·利雅得·06店,直营,RUH,丰田,41,7,模拟周报,模拟
2026-06-08,2026-06-14,MOCK-TA-001,MOCK-L2-001,模拟二级展厅·利雅得·01店,二级展厅,RUH,丰田,15,7,月报拆周（非实测周报）,模拟
2026-06-08,2026-06-14,MOCK-TA-001,MOCK-L2-001,模拟二级展厅·利雅得·01店,二级展厅,RUH,雷克萨斯,4,7,月报拆周（非实测周报）,模拟
2026-06-08,2026-06-14,MOCK-TA-002,MOCK-L2-002,模拟二级展厅·利雅得·02店,二级展厅,RUH,丰田,15,7,月报拆周（非实测周报）,模拟
2026-06-08,2026-06-14,MOCK-TA-003,MOCK-L2-003,模拟二级展厅·利雅得·03店,二级展厅,RUH,丰田,19,7,月报拆周（非实测周报）,模拟
2026-06-08,2026-06-14,MOCK-TA-004,MOCK-L2-004,模拟二级展厅·利雅得·04店,二级展厅,RUH,丰田,25,7,月报拆周（非实测周报）,模拟
2026-06-08,2026-06-14,MOCK-TA-005,MOCK-L2-005,模拟二级展厅·利雅得·05店,二级展厅,RUH,丰田,18,7,月报拆周（非实测周报）,模拟
2026-06-08,2026-06-14,MOCK-TA-006,MOCK-L2-006,模拟二级展厅·利雅得·06店,二级展厅,RUH,丰田,23,7,月报拆周（非实测周报）,模拟
2026-06-08,2026-06-14,MOCK-TA-007,MOCK-L2-007,模拟二级展厅·利雅得·07店,二级展厅,RUH,丰田,20,7,月报拆周（非实测周报）,模拟
2026-06-08,2026-06-14,MOCK-TA-008,MOCK-L2-008,模拟二级展厅·利雅得·08店,二级展厅,RUH,丰田,16,7,月报拆周（非实测周报）,模拟
2026-06-08,2026-06-14,MOCK-TD-001,MOCK-D-007,模拟直营·吉达·01店,直营,JED,丰田,62,7,模拟周报,模拟
2026-06-08,2026-06-14,MOCK-TD-001,MOCK-D-007,模拟直营·吉达·01店,直营,JED,雷克萨斯,18,7,模拟周报,模拟
2026-06-08,2026-06-14,MOCK-TD-001,MOCK-D-008,模拟直营·吉达·02店,直营,JED,丰田,72,7,模拟周报,模拟
2026-06-08,2026-06-14,MOCK-TD-001,MOCK-D-008,模拟直营·吉达·02店,直营,JED,雷克萨斯,20,7,模拟周报,模拟
2026-06-08,2026-06-14,MOCK-TD-001,MOCK-D-009,模拟直营·吉达·03店,直营,JED,丰田,68,7,模拟周报,模拟
2026-06-08,2026-06-14,MOCK-TD-001,MOCK-D-009,模拟直营·吉达·03店,直营,JED,雷克萨斯,18,7,模拟周报,模拟
2026-06-08,2026-06-14,MOCK-TD-001,MOCK-D-010,模拟直营·吉达·04店,直营,JED,丰田,61,7,模拟周报,模拟
2026-06-08,2026-06-14,MOCK-TD-001,MOCK-D-011,模拟直营·吉达·05店,直营,JED,丰田,50,7,模拟周报,模拟
2026-06-08,2026-06-14,MOCK-TA-009,MOCK-L2-009,模拟二级展厅·吉达·01店,二级展厅,JED,丰田,17,7,月报拆周（非实测周报）,模拟
2026-06-08,2026-06-14,MOCK-TA-009,MOCK-L2-009,模拟二级展厅·吉达·01店,二级展厅,JED,雷克萨斯,2,7,月报拆周（非实测周报）,模拟
2026-06-08,2026-06-14,MOCK-TA-010,MOCK-L2-010,模拟二级展厅·吉达·02店,二级展厅,JED,丰田,27,7,月报拆周（非实测周报）,模拟
2026-06-08,2026-06-14,MOCK-TA-011,MOCK-L2-011,模拟二级展厅·吉达·03店,二级展厅,JED,丰田,18,7,月报拆周（非实测周报）,模拟
2026-06-08,2026-06-14,MOCK-TA-012,MOCK-L2-012,模拟二级展厅·吉达·04店,二级展厅,JED,丰田,21,7,月报拆周（非实测周报）,模拟
2026-06-08,2026-06-14,MOCK-TA-013,MOCK-L2-013,模拟二级展厅·吉达·05店,二级展厅,JED,丰田,21,7,月报拆周（非实测周报）,模拟
2026-06-08,2026-06-14,MOCK-TA-014,MOCK-L2-014,模拟二级展厅·吉达·06店,二级展厅,JED,丰田,15,7,月报拆周（非实测周报）,模拟
2026-06-08,2026-06-14,MOCK-TD-001,MOCK-D-012,模拟直营·达曼·01店,直营,DMM,丰田,51,7,模拟周报,模拟
2026-06-08,2026-06-14,MOCK-TD-001,MOCK-D-012,模拟直营·达曼·01店,直营,DMM,雷克萨斯,17,7,模拟周报,模拟
2026-06-08,2026-06-14,MOCK-TD-001,MOCK-D-013,模拟直营·达曼·02店,直营,DMM,丰田,59,7,模拟周报,模拟
2026-06-08,2026-06-14,MOCK-TD-001,MOCK-D-014,模拟直营·达曼·03店,直营,DMM,丰田,44,7,模拟周报,模拟
2026-06-08,2026-06-14,MOCK-TA-015,MOCK-L2-015,模拟二级展厅·达曼·01店,二级展厅,DMM,丰田,13,7,月报拆周（非实测周报）,模拟
2026-06-08,2026-06-14,MOCK-TA-015,MOCK-L2-015,模拟二级展厅·达曼·01店,二级展厅,DMM,雷克萨斯,3,7,月报拆周（非实测周报）,模拟
2026-06-08,2026-06-14,MOCK-TA-016,MOCK-L2-016,模拟二级展厅·达曼·02店,二级展厅,DMM,丰田,16,7,月报拆周（非实测周报）,模拟
2026-06-08,2026-06-14,MOCK-TA-017,MOCK-L2-017,模拟二级展厅·达曼·03店,二级展厅,DMM,丰田,18,7,月报拆周（非实测周报）,模拟
2026-06-08,2026-06-14,MOCK-TA-018,MOCK-L2-018,模拟二级展厅·达曼·04店,二级展厅,DMM,丰田,18,7,月报拆周（非实测周报）,模拟
2026-06-08,2026-06-14,MOCK-TD-001,MOCK-D-015,模拟直营·胡拜尔·01店,直营,KHO,丰田,60,7,模拟周报,模拟
2026-06-08,2026-06-14,MOCK-TD-001,MOCK-D-015,模拟直营·胡拜尔·01店,直营,KHO,雷克萨斯,19,7,模拟周报,模拟
2026-06-08,2026-06-14,MOCK-TD-001,MOCK-D-016,模拟直营·胡拜尔·02店,直营,KHO,丰田,48,7,模拟周报,模拟
2026-06-08,2026-06-14,MOCK-TA-019,MOCK-L2-019,模拟二级展厅·胡拜尔·01店,二级展厅,KHO,丰田,19,7,月报拆周（非实测周报）,模拟
2026-06-08,2026-06-14,MOCK-TA-019,MOCK-L2-019,模拟二级展厅·胡拜尔·01店,二级展厅,KHO,雷克萨斯,2,7,月报拆周（非实测周报）,模拟
2026-06-08,2026-06-14,MOCK-TA-020,MOCK-L2-020,模拟二级展厅·胡拜尔·02店,二级展厅,KHO,丰田,18,7,月报拆周（非实测周报）,模拟
2026-06-08,2026-06-14,MOCK-TD-001,MOCK-D-017,模拟直营·麦加·01店,直营,MAK,丰田,45,7,模拟周报,模拟
2026-06-08,2026-06-14,MOCK-TD-001,MOCK-D-017,模拟直营·麦加·01店,直营,MAK,雷克萨斯,13,7,模拟周报,模拟
2026-06-08,2026-06-14,MOCK-TD-001,MOCK-D-018,模拟直营·麦加·02店,直营,MAK,丰田,45,7,模拟周报,模拟
2026-06-08,2026-06-14,MOCK-TA-021,MOCK-L2-021,模拟二级展厅·麦加·01店,二级展厅,MAK,丰田,17,7,月报拆周（非实测周报）,模拟
2026-06-08,2026-06-14,MOCK-TA-021,MOCK-L2-021,模拟二级展厅·麦加·01店,二级展厅,MAK,雷克萨斯,3,7,月报拆周（非实测周报）,模拟
2026-06-08,2026-06-14,MOCK-TA-022,MOCK-L2-022,模拟二级展厅·麦加·02店,二级展厅,MAK,丰田,16,7,月报拆周（非实测周报）,模拟
2026-06-08,2026-06-14,MOCK-TA-023,MOCK-L2-023,模拟二级展厅·麦加·03店,二级展厅,MAK,丰田,13,7,月报拆周（非实测周报）,模拟
2026-06-08,2026-06-14,MOCK-TD-001,MOCK-D-019,模拟直营·麦地那·01店,直营,MED,丰田,54,7,模拟周报,模拟
2026-06-08,2026-06-14,MOCK-TD-001,MOCK-D-019,模拟直营·麦地那·01店,直营,MED,雷克萨斯,17,7,模拟周报,模拟
2026-06-08,2026-06-14,MOCK-TD-001,MOCK-D-020,模拟直营·麦地那·02店,直营,MED,丰田,51,7,模拟周报,模拟
2026-06-08,2026-06-14,MOCK-TA-024,MOCK-L2-024,模拟二级展厅·麦地那·01店,二级展厅,MED,丰田,16,7,月报拆周（非实测周报）,模拟
2026-06-08,2026-06-14,MOCK-TA-024,MOCK-L2-024,模拟二级展厅·麦地那·01店,二级展厅,MED,雷克萨斯,2,7,月报拆周（非实测周报）,模拟
2026-06-08,2026-06-14,MOCK-TA-025,MOCK-L2-025,模拟二级展厅·麦地那·02店,二级展厅,MED,丰田,18,7,月报拆周（非实测周报）,模拟
2026-06-08,2026-06-14,MOCK-TD-001,MOCK-D-021,模拟直营·塔伊夫·01店,直营,TAI,丰田,43,7,模拟周报,模拟
2026-06-08,2026-06-14,MOCK-TA-026,MOCK-L2-026,模拟二级展厅·塔伊夫·01店,二级展厅,TAI,丰田,12,7,月报拆周（非实测周报）,模拟
2026-06-08,2026-06-14,MOCK-TA-027,MOCK-L2-027,模拟二级展厅·塔伊夫·02店,二级展厅,TAI,丰田,14,7,月报拆周（非实测周报）,模拟
2026-06-08,2026-06-14,MOCK-TD-001,MOCK-D-022,模拟直营·哈萨·01店,直营,HOF,丰田,50,7,模拟周报,模拟
2026-06-08,2026-06-14,MOCK-TA-028,MOCK-L2-028,模拟二级展厅·哈萨·01店,二级展厅,HOF,丰田,16,7,月报拆周（非实测周报）,模拟
2026-06-08,2026-06-14,MOCK-TA-029,MOCK-L2-029,模拟二级展厅·哈萨·02店,二级展厅,HOF,丰田,13,7,月报拆周（非实测周报）,模拟
2026-06-08,2026-06-14,MOCK-TD-001,MOCK-D-023,模拟直营·布赖代·01店,直营,BUR,丰田,32,7,模拟周报,模拟
2026-06-08,2026-06-14,MOCK-TD-001,MOCK-D-023,模拟直营·布赖代·01店,直营,BUR,雷克萨斯,12,7,模拟周报,模拟
2026-06-08,2026-06-14,MOCK-TD-001,MOCK-D-024,模拟直营·布赖代·02店,直营,BUR,丰田,51,7,模拟周报,模拟
2026-06-08,2026-06-14,MOCK-TA-030,MOCK-L2-030,模拟二级展厅·布赖代·01店,二级展厅,BUR,丰田,18,7,月报拆周（非实测周报）,模拟
2026-06-08,2026-06-14,MOCK-TA-030,MOCK-L2-030,模拟二级展厅·布赖代·01店,二级展厅,BUR,雷克萨斯,2,7,月报拆周（非实测周报）,模拟
2026-06-08,2026-06-14,MOCK-TA-031,MOCK-L2-031,模拟二级展厅·布赖代·02店,二级展厅,BUR,丰田,18,7,月报拆周（非实测周报）,模拟
2026-06-08,2026-06-14,MOCK-TA-032,MOCK-L2-032,模拟二级展厅·布赖代·03店,二级展厅,BUR,丰田,17,7,月报拆周（非实测周报）,模拟
2026-06-08,2026-06-14,MOCK-TD-001,MOCK-D-025,模拟直营·欧奈宰·01店,直营,UNA,丰田,35,7,模拟周报,模拟
2026-06-08,2026-06-14,MOCK-TA-033,MOCK-L2-033,模拟二级展厅·欧奈宰·01店,二级展厅,UNA,丰田,12,7,月报拆周（非实测周报）,模拟
2026-06-08,2026-06-14,MOCK-TD-001,MOCK-D-026,模拟直营·哈伊勒·01店,直营,HAI,丰田,41,7,模拟周报,模拟
2026-06-08,2026-06-14,MOCK-TA-034,MOCK-L2-034,模拟二级展厅·哈伊勒·01店,二级展厅,HAI,丰田,13,7,月报拆周（非实测周报）,模拟
2026-06-08,2026-06-14,MOCK-TA-035,MOCK-L2-035,模拟二级展厅·哈伊勒·02店,二级展厅,HAI,丰田,9,7,月报拆周（非实测周报）,模拟
2026-06-08,2026-06-14,MOCK-TD-001,MOCK-D-027,模拟直营·塔布克·01店,直营,TAB,丰田,46,7,模拟周报,模拟
2026-06-08,2026-06-14,MOCK-TA-036,MOCK-L2-036,模拟二级展厅·塔布克·01店,二级展厅,TAB,丰田,11,7,月报拆周（非实测周报）,模拟
2026-06-08,2026-06-14,MOCK-TA-037,MOCK-L2-037,模拟二级展厅·塔布克·02店,二级展厅,TAB,丰田,12,7,月报拆周（非实测周报）,模拟
2026-06-08,2026-06-14,MOCK-TD-001,MOCK-D-028,模拟直营·艾卜哈·01店,直营,ABH,丰田,55,7,模拟周报,模拟
2026-06-08,2026-06-14,MOCK-TD-001,MOCK-D-028,模拟直营·艾卜哈·01店,直营,ABH,雷克萨斯,13,7,模拟周报,模拟
2026-06-08,2026-06-14,MOCK-TD-001,MOCK-D-029,模拟直营·艾卜哈·02店,直营,ABH,丰田,41,7,模拟周报,模拟
2026-06-08,2026-06-14,MOCK-TA-038,MOCK-L2-038,模拟二级展厅·艾卜哈·01店,二级展厅,ABH,丰田,11,7,月报拆周（非实测周报）,模拟
2026-06-08,2026-06-14,MOCK-TA-038,MOCK-L2-038,模拟二级展厅·艾卜哈·01店,二级展厅,ABH,雷克萨斯,1,7,月报拆周（非实测周报）,模拟
2026-06-08,2026-06-14,MOCK-TA-039,MOCK-L2-039,模拟二级展厅·艾卜哈·02店,二级展厅,ABH,丰田,14,7,月报拆周（非实测周报）,模拟
2026-06-08,2026-06-14,MOCK-TD-001,MOCK-D-030,模拟直营·海米斯穆谢特·01店,直营,KHM,丰田,33,7,模拟周报,模拟
2026-06-08,2026-06-14,MOCK-TA-040,MOCK-L2-040,模拟二级展厅·海米斯穆谢特·01店,二级展厅,KHM,丰田,15,7,月报拆周（非实测周报）,模拟
2026-06-08,2026-06-14,MOCK-TD-001,MOCK-D-031,模拟直营·吉赞·01店,直营,JAZ,丰田,28,7,模拟周报,模拟
2026-06-08,2026-06-14,MOCK-TA-041,MOCK-L2-041,模拟二级展厅·吉赞·01店,二级展厅,JAZ,丰田,19,7,月报拆周（非实测周报）,模拟
2026-06-08,2026-06-14,MOCK-TA-042,MOCK-L2-042,模拟二级展厅·吉赞·02店,二级展厅,JAZ,丰田,13,7,月报拆周（非实测周报）,模拟
2026-06-08,2026-06-14,MOCK-TD-001,MOCK-D-032,模拟直营·奈季兰·01店,直营,NAJ,丰田,38,7,模拟周报,模拟
2026-06-08,2026-06-14,MOCK-TA-043,MOCK-L2-043,模拟二级展厅·奈季兰·01店,二级展厅,NAJ,丰田,11,7,月报拆周（非实测周报）,模拟
2026-06-08,2026-06-14,MOCK-TD-001,MOCK-D-033,模拟直营·延布·01店,直营,YAN,丰田,36,7,模拟周报,模拟
2026-06-08,2026-06-14,MOCK-TA-044,MOCK-L2-044,模拟二级展厅·延布·01店,二级展厅,YAN,丰田,13,7,月报拆周（非实测周报）,模拟
2026-06-08,2026-06-14,MOCK-TD-001,MOCK-D-034,模拟直营·朱拜勒·01店,直营,JUB,丰田,44,7,模拟周报,模拟
2026-06-08,2026-06-14,MOCK-TA-045,MOCK-L2-045,模拟二级展厅·朱拜勒·01店,二级展厅,JUB,丰田,13,7,月报拆周（非实测周报）,模拟
2026-06-15,2026-06-21,MOCK-TD-001,MOCK-D-001,模拟直营·利雅得·01店,直营,RUH,丰田,83,7,模拟周报,模拟
2026-06-15,2026-06-21,MOCK-TD-001,MOCK-D-001,模拟直营·利雅得·01店,直营,RUH,雷克萨斯,20,7,模拟周报,模拟
2026-06-15,2026-06-21,MOCK-TD-001,MOCK-D-002,模拟直营·利雅得·02店,直营,RUH,丰田,50,7,模拟周报,模拟
2026-06-15,2026-06-21,MOCK-TD-001,MOCK-D-002,模拟直营·利雅得·02店,直营,RUH,雷克萨斯,14,7,模拟周报,模拟
2026-06-15,2026-06-21,MOCK-TD-001,MOCK-D-003,模拟直营·利雅得·03店,直营,RUH,丰田,57,7,模拟周报,模拟
2026-06-15,2026-06-21,MOCK-TD-001,MOCK-D-003,模拟直营·利雅得·03店,直营,RUH,雷克萨斯,18,7,模拟周报,模拟
2026-06-15,2026-06-21,MOCK-TD-001,MOCK-D-004,模拟直营·利雅得·04店,直营,RUH,丰田,55,7,模拟周报,模拟
2026-06-15,2026-06-21,MOCK-TD-001,MOCK-D-005,模拟直营·利雅得·05店,直营,RUH,丰田,49,7,模拟周报,模拟
2026-06-15,2026-06-21,MOCK-TD-001,MOCK-D-006,模拟直营·利雅得·06店,直营,RUH,丰田,44,7,模拟周报,模拟
2026-06-15,2026-06-21,MOCK-TA-001,MOCK-L2-001,模拟二级展厅·利雅得·01店,二级展厅,RUH,丰田,15,7,月报拆周（非实测周报）,模拟
2026-06-15,2026-06-21,MOCK-TA-001,MOCK-L2-001,模拟二级展厅·利雅得·01店,二级展厅,RUH,雷克萨斯,4,7,月报拆周（非实测周报）,模拟
2026-06-15,2026-06-21,MOCK-TA-002,MOCK-L2-002,模拟二级展厅·利雅得·02店,二级展厅,RUH,丰田,18,7,月报拆周（非实测周报）,模拟
2026-06-15,2026-06-21,MOCK-TA-003,MOCK-L2-003,模拟二级展厅·利雅得·03店,二级展厅,RUH,丰田,18,7,月报拆周（非实测周报）,模拟
2026-06-15,2026-06-21,MOCK-TA-004,MOCK-L2-004,模拟二级展厅·利雅得·04店,二级展厅,RUH,丰田,23,7,月报拆周（非实测周报）,模拟
2026-06-15,2026-06-21,MOCK-TA-005,MOCK-L2-005,模拟二级展厅·利雅得·05店,二级展厅,RUH,丰田,18,7,月报拆周（非实测周报）,模拟
2026-06-15,2026-06-21,MOCK-TA-006,MOCK-L2-006,模拟二级展厅·利雅得·06店,二级展厅,RUH,丰田,22,7,月报拆周（非实测周报）,模拟
2026-06-15,2026-06-21,MOCK-TA-007,MOCK-L2-007,模拟二级展厅·利雅得·07店,二级展厅,RUH,丰田,20,7,月报拆周（非实测周报）,模拟
2026-06-15,2026-06-21,MOCK-TA-008,MOCK-L2-008,模拟二级展厅·利雅得·08店,二级展厅,RUH,丰田,16,7,月报拆周（非实测周报）,模拟
2026-06-15,2026-06-21,MOCK-TD-001,MOCK-D-007,模拟直营·吉达·01店,直营,JED,丰田,55,7,模拟周报,模拟
2026-06-15,2026-06-21,MOCK-TD-001,MOCK-D-007,模拟直营·吉达·01店,直营,JED,雷克萨斯,19,7,模拟周报,模拟
2026-06-15,2026-06-21,MOCK-TD-001,MOCK-D-008,模拟直营·吉达·02店,直营,JED,丰田,69,7,模拟周报,模拟
2026-06-15,2026-06-21,MOCK-TD-001,MOCK-D-008,模拟直营·吉达·02店,直营,JED,雷克萨斯,21,7,模拟周报,模拟
2026-06-15,2026-06-21,MOCK-TD-001,MOCK-D-009,模拟直营·吉达·03店,直营,JED,丰田,67,7,模拟周报,模拟
2026-06-15,2026-06-21,MOCK-TD-001,MOCK-D-009,模拟直营·吉达·03店,直营,JED,雷克萨斯,16,7,模拟周报,模拟
2026-06-15,2026-06-21,MOCK-TD-001,MOCK-D-010,模拟直营·吉达·04店,直营,JED,丰田,63,7,模拟周报,模拟
2026-06-15,2026-06-21,MOCK-TD-001,MOCK-D-011,模拟直营·吉达·05店,直营,JED,丰田,48,7,模拟周报,模拟
2026-06-15,2026-06-21,MOCK-TA-009,MOCK-L2-009,模拟二级展厅·吉达·01店,二级展厅,JED,丰田,19,7,月报拆周（非实测周报）,模拟
2026-06-15,2026-06-21,MOCK-TA-009,MOCK-L2-009,模拟二级展厅·吉达·01店,二级展厅,JED,雷克萨斯,4,7,月报拆周（非实测周报）,模拟
2026-06-15,2026-06-21,MOCK-TA-010,MOCK-L2-010,模拟二级展厅·吉达·02店,二级展厅,JED,丰田,25,7,月报拆周（非实测周报）,模拟
2026-06-15,2026-06-21,MOCK-TA-011,MOCK-L2-011,模拟二级展厅·吉达·03店,二级展厅,JED,丰田,15,7,月报拆周（非实测周报）,模拟
2026-06-15,2026-06-21,MOCK-TA-012,MOCK-L2-012,模拟二级展厅·吉达·04店,二级展厅,JED,丰田,17,7,月报拆周（非实测周报）,模拟
2026-06-15,2026-06-21,MOCK-TA-013,MOCK-L2-013,模拟二级展厅·吉达·05店,二级展厅,JED,丰田,21,7,月报拆周（非实测周报）,模拟
2026-06-15,2026-06-21,MOCK-TA-014,MOCK-L2-014,模拟二级展厅·吉达·06店,二级展厅,JED,丰田,16,7,月报拆周（非实测周报）,模拟
2026-06-15,2026-06-21,MOCK-TD-001,MOCK-D-012,模拟直营·达曼·01店,直营,DMM,丰田,47,7,模拟周报,模拟
2026-06-15,2026-06-21,MOCK-TD-001,MOCK-D-012,模拟直营·达曼·01店,直营,DMM,雷克萨斯,18,7,模拟周报,模拟
2026-06-15,2026-06-21,MOCK-TD-001,MOCK-D-013,模拟直营·达曼·02店,直营,DMM,丰田,57,7,模拟周报,模拟
2026-06-15,2026-06-21,MOCK-TD-001,MOCK-D-014,模拟直营·达曼·03店,直营,DMM,丰田,48,7,模拟周报,模拟
2026-06-15,2026-06-21,MOCK-TA-015,MOCK-L2-015,模拟二级展厅·达曼·01店,二级展厅,DMM,丰田,14,7,月报拆周（非实测周报）,模拟
2026-06-15,2026-06-21,MOCK-TA-015,MOCK-L2-015,模拟二级展厅·达曼·01店,二级展厅,DMM,雷克萨斯,1,7,月报拆周（非实测周报）,模拟
2026-06-15,2026-06-21,MOCK-TA-016,MOCK-L2-016,模拟二级展厅·达曼·02店,二级展厅,DMM,丰田,18,7,月报拆周（非实测周报）,模拟
2026-06-15,2026-06-21,MOCK-TA-017,MOCK-L2-017,模拟二级展厅·达曼·03店,二级展厅,DMM,丰田,18,7,月报拆周（非实测周报）,模拟
2026-06-15,2026-06-21,MOCK-TA-018,MOCK-L2-018,模拟二级展厅·达曼·04店,二级展厅,DMM,丰田,17,7,月报拆周（非实测周报）,模拟
2026-06-15,2026-06-21,MOCK-TD-001,MOCK-D-015,模拟直营·胡拜尔·01店,直营,KHO,丰田,59,7,模拟周报,模拟
2026-06-15,2026-06-21,MOCK-TD-001,MOCK-D-015,模拟直营·胡拜尔·01店,直营,KHO,雷克萨斯,18,7,模拟周报,模拟
2026-06-15,2026-06-21,MOCK-TD-001,MOCK-D-016,模拟直营·胡拜尔·02店,直营,KHO,丰田,47,7,模拟周报,模拟
2026-06-15,2026-06-21,MOCK-TA-019,MOCK-L2-019,模拟二级展厅·胡拜尔·01店,二级展厅,KHO,丰田,17,7,月报拆周（非实测周报）,模拟
2026-06-15,2026-06-21,MOCK-TA-019,MOCK-L2-019,模拟二级展厅·胡拜尔·01店,二级展厅,KHO,雷克萨斯,4,7,月报拆周（非实测周报）,模拟
2026-06-15,2026-06-21,MOCK-TA-020,MOCK-L2-020,模拟二级展厅·胡拜尔·02店,二级展厅,KHO,丰田,18,7,月报拆周（非实测周报）,模拟
2026-06-15,2026-06-21,MOCK-TD-001,MOCK-D-017,模拟直营·麦加·01店,直营,MAK,丰田,41,7,模拟周报,模拟
2026-06-15,2026-06-21,MOCK-TD-001,MOCK-D-017,模拟直营·麦加·01店,直营,MAK,雷克萨斯,16,7,模拟周报,模拟
2026-06-15,2026-06-21,MOCK-TD-001,MOCK-D-018,模拟直营·麦加·02店,直营,MAK,丰田,47,7,模拟周报,模拟
2026-06-15,2026-06-21,MOCK-TA-021,MOCK-L2-021,模拟二级展厅·麦加·01店,二级展厅,MAK,丰田,17,7,月报拆周（非实测周报）,模拟
2026-06-15,2026-06-21,MOCK-TA-021,MOCK-L2-021,模拟二级展厅·麦加·01店,二级展厅,MAK,雷克萨斯,2,7,月报拆周（非实测周报）,模拟
2026-06-15,2026-06-21,MOCK-TA-022,MOCK-L2-022,模拟二级展厅·麦加·02店,二级展厅,MAK,丰田,18,7,月报拆周（非实测周报）,模拟
2026-06-15,2026-06-21,MOCK-TA-023,MOCK-L2-023,模拟二级展厅·麦加·03店,二级展厅,MAK,丰田,17,7,月报拆周（非实测周报）,模拟
2026-06-15,2026-06-21,MOCK-TD-001,MOCK-D-019,模拟直营·麦地那·01店,直营,MED,丰田,61,7,模拟周报,模拟
2026-06-15,2026-06-21,MOCK-TD-001,MOCK-D-019,模拟直营·麦地那·01店,直营,MED,雷克萨斯,15,7,模拟周报,模拟
2026-06-15,2026-06-21,MOCK-TD-001,MOCK-D-020,模拟直营·麦地那·02店,直营,MED,丰田,48,7,模拟周报,模拟
2026-06-15,2026-06-21,MOCK-TA-024,MOCK-L2-024,模拟二级展厅·麦地那·01店,二级展厅,MED,丰田,14,7,月报拆周（非实测周报）,模拟
2026-06-15,2026-06-21,MOCK-TA-024,MOCK-L2-024,模拟二级展厅·麦地那·01店,二级展厅,MED,雷克萨斯,3,7,月报拆周（非实测周报）,模拟
2026-06-15,2026-06-21,MOCK-TA-025,MOCK-L2-025,模拟二级展厅·麦地那·02店,二级展厅,MED,丰田,18,7,月报拆周（非实测周报）,模拟
2026-06-15,2026-06-21,MOCK-TD-001,MOCK-D-021,模拟直营·塔伊夫·01店,直营,TAI,丰田,44,7,模拟周报,模拟
2026-06-15,2026-06-21,MOCK-TA-026,MOCK-L2-026,模拟二级展厅·塔伊夫·01店,二级展厅,TAI,丰田,12,7,月报拆周（非实测周报）,模拟
2026-06-15,2026-06-21,MOCK-TA-027,MOCK-L2-027,模拟二级展厅·塔伊夫·02店,二级展厅,TAI,丰田,13,7,月报拆周（非实测周报）,模拟
2026-06-15,2026-06-21,MOCK-TD-001,MOCK-D-022,模拟直营·哈萨·01店,直营,HOF,丰田,55,7,模拟周报,模拟
2026-06-15,2026-06-21,MOCK-TA-028,MOCK-L2-028,模拟二级展厅·哈萨·01店,二级展厅,HOF,丰田,13,7,月报拆周（非实测周报）,模拟
2026-06-15,2026-06-21,MOCK-TA-029,MOCK-L2-029,模拟二级展厅·哈萨·02店,二级展厅,HOF,丰田,13,7,月报拆周（非实测周报）,模拟
2026-06-15,2026-06-21,MOCK-TD-001,MOCK-D-023,模拟直营·布赖代·01店,直营,BUR,丰田,35,7,模拟周报,模拟
2026-06-15,2026-06-21,MOCK-TD-001,MOCK-D-023,模拟直营·布赖代·01店,直营,BUR,雷克萨斯,11,7,模拟周报,模拟
2026-06-15,2026-06-21,MOCK-TD-001,MOCK-D-024,模拟直营·布赖代·02店,直营,BUR,丰田,46,7,模拟周报,模拟
2026-06-15,2026-06-21,MOCK-TA-030,MOCK-L2-030,模拟二级展厅·布赖代·01店,二级展厅,BUR,丰田,18,7,月报拆周（非实测周报）,模拟
2026-06-15,2026-06-21,MOCK-TA-030,MOCK-L2-030,模拟二级展厅·布赖代·01店,二级展厅,BUR,雷克萨斯,3,7,月报拆周（非实测周报）,模拟
2026-06-15,2026-06-21,MOCK-TA-031,MOCK-L2-031,模拟二级展厅·布赖代·02店,二级展厅,BUR,丰田,17,7,月报拆周（非实测周报）,模拟
2026-06-15,2026-06-21,MOCK-TA-032,MOCK-L2-032,模拟二级展厅·布赖代·03店,二级展厅,BUR,丰田,18,7,月报拆周（非实测周报）,模拟
2026-06-15,2026-06-21,MOCK-TD-001,MOCK-D-025,模拟直营·欧奈宰·01店,直营,UNA,丰田,34,7,模拟周报,模拟
2026-06-15,2026-06-21,MOCK-TA-033,MOCK-L2-033,模拟二级展厅·欧奈宰·01店,二级展厅,UNA,丰田,10,7,月报拆周（非实测周报）,模拟
2026-06-15,2026-06-21,MOCK-TD-001,MOCK-D-026,模拟直营·哈伊勒·01店,直营,HAI,丰田,44,7,模拟周报,模拟
2026-06-15,2026-06-21,MOCK-TA-034,MOCK-L2-034,模拟二级展厅·哈伊勒·01店,二级展厅,HAI,丰田,13,7,月报拆周（非实测周报）,模拟
2026-06-15,2026-06-21,MOCK-TA-035,MOCK-L2-035,模拟二级展厅·哈伊勒·02店,二级展厅,HAI,丰田,12,7,月报拆周（非实测周报）,模拟
2026-06-15,2026-06-21,MOCK-TD-001,MOCK-D-027,模拟直营·塔布克·01店,直营,TAB,丰田,47,7,模拟周报,模拟
2026-06-15,2026-06-21,MOCK-TA-036,MOCK-L2-036,模拟二级展厅·塔布克·01店,二级展厅,TAB,丰田,11,7,月报拆周（非实测周报）,模拟
2026-06-15,2026-06-21,MOCK-TA-037,MOCK-L2-037,模拟二级展厅·塔布克·02店,二级展厅,TAB,丰田,10,7,月报拆周（非实测周报）,模拟
2026-06-15,2026-06-21,MOCK-TD-001,MOCK-D-028,模拟直营·艾卜哈·01店,直营,ABH,丰田,51,7,模拟周报,模拟
2026-06-15,2026-06-21,MOCK-TD-001,MOCK-D-028,模拟直营·艾卜哈·01店,直营,ABH,雷克萨斯,15,7,模拟周报,模拟
2026-06-15,2026-06-21,MOCK-TD-001,MOCK-D-029,模拟直营·艾卜哈·02店,直营,ABH,丰田,43,7,模拟周报,模拟
2026-06-15,2026-06-21,MOCK-TA-038,MOCK-L2-038,模拟二级展厅·艾卜哈·01店,二级展厅,ABH,丰田,13,7,月报拆周（非实测周报）,模拟
2026-06-15,2026-06-21,MOCK-TA-038,MOCK-L2-038,模拟二级展厅·艾卜哈·01店,二级展厅,ABH,雷克萨斯,3,7,月报拆周（非实测周报）,模拟
2026-06-15,2026-06-21,MOCK-TA-039,MOCK-L2-039,模拟二级展厅·艾卜哈·02店,二级展厅,ABH,丰田,15,7,月报拆周（非实测周报）,模拟
2026-06-15,2026-06-21,MOCK-TD-001,MOCK-D-030,模拟直营·海米斯穆谢特·01店,直营,KHM,丰田,36,7,模拟周报,模拟
2026-06-15,2026-06-21,MOCK-TA-040,MOCK-L2-040,模拟二级展厅·海米斯穆谢特·01店,二级展厅,KHM,丰田,15,7,月报拆周（非实测周报）,模拟
2026-06-15,2026-06-21,MOCK-TD-001,MOCK-D-031,模拟直营·吉赞·01店,直营,JAZ,丰田,29,7,模拟周报,模拟
2026-06-15,2026-06-21,MOCK-TA-041,MOCK-L2-041,模拟二级展厅·吉赞·01店,二级展厅,JAZ,丰田,16,7,月报拆周（非实测周报）,模拟
2026-06-15,2026-06-21,MOCK-TA-042,MOCK-L2-042,模拟二级展厅·吉赞·02店,二级展厅,JAZ,丰田,14,7,月报拆周（非实测周报）,模拟
2026-06-15,2026-06-21,MOCK-TD-001,MOCK-D-032,模拟直营·奈季兰·01店,直营,NAJ,丰田,40,7,模拟周报,模拟
2026-06-15,2026-06-21,MOCK-TA-043,MOCK-L2-043,模拟二级展厅·奈季兰·01店,二级展厅,NAJ,丰田,11,7,月报拆周（非实测周报）,模拟
2026-06-15,2026-06-21,MOCK-TD-001,MOCK-D-033,模拟直营·延布·01店,直营,YAN,丰田,31,7,模拟周报,模拟
2026-06-15,2026-06-21,MOCK-TA-044,MOCK-L2-044,模拟二级展厅·延布·01店,二级展厅,YAN,丰田,14,7,月报拆周（非实测周报）,模拟
2026-06-15,2026-06-21,MOCK-TD-001,MOCK-D-034,模拟直营·朱拜勒·01店,直营,JUB,丰田,47,7,模拟周报,模拟
2026-06-15,2026-06-21,MOCK-TA-045,MOCK-L2-045,模拟二级展厅·朱拜勒·01店,二级展厅,JUB,丰田,12,7,月报拆周（非实测周报）,模拟
2026-06-22,2026-06-28,MOCK-TD-001,MOCK-D-001,模拟直营·利雅得·01店,直营,RUH,丰田,79,7,模拟周报,模拟
2026-06-22,2026-06-28,MOCK-TD-001,MOCK-D-001,模拟直营·利雅得·01店,直营,RUH,雷克萨斯,21,7,模拟周报,模拟
2026-06-22,2026-06-28,MOCK-TD-001,MOCK-D-002,模拟直营·利雅得·02店,直营,RUH,丰田,51,7,模拟周报,模拟
2026-06-22,2026-06-28,MOCK-TD-001,MOCK-D-002,模拟直营·利雅得·02店,直营,RUH,雷克萨斯,15,7,模拟周报,模拟
2026-06-22,2026-06-28,MOCK-TD-001,MOCK-D-003,模拟直营·利雅得·03店,直营,RUH,丰田,52,7,模拟周报,模拟
2026-06-22,2026-06-28,MOCK-TD-001,MOCK-D-003,模拟直营·利雅得·03店,直营,RUH,雷克萨斯,18,7,模拟周报,模拟
2026-06-22,2026-06-28,MOCK-TD-001,MOCK-D-004,模拟直营·利雅得·04店,直营,RUH,丰田,59,7,模拟周报,模拟
2026-06-22,2026-06-28,MOCK-TD-001,MOCK-D-005,模拟直营·利雅得·05店,直营,RUH,丰田,60,7,模拟周报,模拟
2026-06-22,2026-06-28,MOCK-TD-001,MOCK-D-006,模拟直营·利雅得·06店,直营,RUH,丰田,44,7,模拟周报,模拟
2026-06-22,2026-06-28,MOCK-TA-001,MOCK-L2-001,模拟二级展厅·利雅得·01店,二级展厅,RUH,丰田,19,7,月报拆周（非实测周报）,模拟
2026-06-22,2026-06-28,MOCK-TA-001,MOCK-L2-001,模拟二级展厅·利雅得·01店,二级展厅,RUH,雷克萨斯,3,7,月报拆周（非实测周报）,模拟
2026-06-22,2026-06-28,MOCK-TA-002,MOCK-L2-002,模拟二级展厅·利雅得·02店,二级展厅,RUH,丰田,18,7,月报拆周（非实测周报）,模拟
2026-06-22,2026-06-28,MOCK-TA-003,MOCK-L2-003,模拟二级展厅·利雅得·03店,二级展厅,RUH,丰田,16,7,月报拆周（非实测周报）,模拟
2026-06-22,2026-06-28,MOCK-TA-004,MOCK-L2-004,模拟二级展厅·利雅得·04店,二级展厅,RUH,丰田,22,7,月报拆周（非实测周报）,模拟
2026-06-22,2026-06-28,MOCK-TA-005,MOCK-L2-005,模拟二级展厅·利雅得·05店,二级展厅,RUH,丰田,17,7,月报拆周（非实测周报）,模拟
2026-06-22,2026-06-28,MOCK-TA-006,MOCK-L2-006,模拟二级展厅·利雅得·06店,二级展厅,RUH,丰田,22,7,月报拆周（非实测周报）,模拟
2026-06-22,2026-06-28,MOCK-TA-007,MOCK-L2-007,模拟二级展厅·利雅得·07店,二级展厅,RUH,丰田,15,7,月报拆周（非实测周报）,模拟
2026-06-22,2026-06-28,MOCK-TA-008,MOCK-L2-008,模拟二级展厅·利雅得·08店,二级展厅,RUH,丰田,18,7,月报拆周（非实测周报）,模拟
2026-06-22,2026-06-28,MOCK-TD-001,MOCK-D-007,模拟直营·吉达·01店,直营,JED,丰田,59,7,模拟周报,模拟
2026-06-22,2026-06-28,MOCK-TD-001,MOCK-D-007,模拟直营·吉达·01店,直营,JED,雷克萨斯,18,7,模拟周报,模拟
2026-06-22,2026-06-28,MOCK-TD-001,MOCK-D-008,模拟直营·吉达·02店,直营,JED,丰田,71,7,模拟周报,模拟
2026-06-22,2026-06-28,MOCK-TD-001,MOCK-D-008,模拟直营·吉达·02店,直营,JED,雷克萨斯,20,7,模拟周报,模拟
2026-06-22,2026-06-28,MOCK-TD-001,MOCK-D-009,模拟直营·吉达·03店,直营,JED,丰田,66,7,模拟周报,模拟
2026-06-22,2026-06-28,MOCK-TD-001,MOCK-D-009,模拟直营·吉达·03店,直营,JED,雷克萨斯,17,7,模拟周报,模拟
2026-06-22,2026-06-28,MOCK-TD-001,MOCK-D-010,模拟直营·吉达·04店,直营,JED,丰田,66,7,模拟周报,模拟
2026-06-22,2026-06-28,MOCK-TD-001,MOCK-D-011,模拟直营·吉达·05店,直营,JED,丰田,51,7,模拟周报,模拟
2026-06-22,2026-06-28,MOCK-TA-009,MOCK-L2-009,模拟二级展厅·吉达·01店,二级展厅,JED,丰田,18,7,月报拆周（非实测周报）,模拟
2026-06-22,2026-06-28,MOCK-TA-009,MOCK-L2-009,模拟二级展厅·吉达·01店,二级展厅,JED,雷克萨斯,2,7,月报拆周（非实测周报）,模拟
2026-06-22,2026-06-28,MOCK-TA-010,MOCK-L2-010,模拟二级展厅·吉达·02店,二级展厅,JED,丰田,29,7,月报拆周（非实测周报）,模拟
2026-06-22,2026-06-28,MOCK-TA-011,MOCK-L2-011,模拟二级展厅·吉达·03店,二级展厅,JED,丰田,16,7,月报拆周（非实测周报）,模拟
2026-06-22,2026-06-28,MOCK-TA-012,MOCK-L2-012,模拟二级展厅·吉达·04店,二级展厅,JED,丰田,18,7,月报拆周（非实测周报）,模拟
2026-06-22,2026-06-28,MOCK-TA-013,MOCK-L2-013,模拟二级展厅·吉达·05店,二级展厅,JED,丰田,21,7,月报拆周（非实测周报）,模拟
2026-06-22,2026-06-28,MOCK-TA-014,MOCK-L2-014,模拟二级展厅·吉达·06店,二级展厅,JED,丰田,17,7,月报拆周（非实测周报）,模拟
2026-06-22,2026-06-28,MOCK-TD-001,MOCK-D-012,模拟直营·达曼·01店,直营,DMM,丰田,49,7,模拟周报,模拟
2026-06-22,2026-06-28,MOCK-TD-001,MOCK-D-012,模拟直营·达曼·01店,直营,DMM,雷克萨斯,19,7,模拟周报,模拟
2026-06-22,2026-06-28,MOCK-TD-001,MOCK-D-013,模拟直营·达曼·02店,直营,DMM,丰田,55,7,模拟周报,模拟
2026-06-22,2026-06-28,MOCK-TD-001,MOCK-D-014,模拟直营·达曼·03店,直营,DMM,丰田,43,7,模拟周报,模拟
2026-06-22,2026-06-28,MOCK-TA-015,MOCK-L2-015,模拟二级展厅·达曼·01店,二级展厅,DMM,丰田,14,7,月报拆周（非实测周报）,模拟
2026-06-22,2026-06-28,MOCK-TA-015,MOCK-L2-015,模拟二级展厅·达曼·01店,二级展厅,DMM,雷克萨斯,4,7,月报拆周（非实测周报）,模拟
2026-06-22,2026-06-28,MOCK-TA-016,MOCK-L2-016,模拟二级展厅·达曼·02店,二级展厅,DMM,丰田,16,7,月报拆周（非实测周报）,模拟
2026-06-22,2026-06-28,MOCK-TA-017,MOCK-L2-017,模拟二级展厅·达曼·03店,二级展厅,DMM,丰田,17,7,月报拆周（非实测周报）,模拟
2026-06-22,2026-06-28,MOCK-TA-018,MOCK-L2-018,模拟二级展厅·达曼·04店,二级展厅,DMM,丰田,17,7,月报拆周（非实测周报）,模拟
2026-06-22,2026-06-28,MOCK-TD-001,MOCK-D-015,模拟直营·胡拜尔·01店,直营,KHO,丰田,59,7,模拟周报,模拟
2026-06-22,2026-06-28,MOCK-TD-001,MOCK-D-015,模拟直营·胡拜尔·01店,直营,KHO,雷克萨斯,17,7,模拟周报,模拟
2026-06-22,2026-06-28,MOCK-TD-001,MOCK-D-016,模拟直营·胡拜尔·02店,直营,KHO,丰田,45,7,模拟周报,模拟
2026-06-22,2026-06-28,MOCK-TA-019,MOCK-L2-019,模拟二级展厅·胡拜尔·01店,二级展厅,KHO,丰田,18,7,月报拆周（非实测周报）,模拟
2026-06-22,2026-06-28,MOCK-TA-019,MOCK-L2-019,模拟二级展厅·胡拜尔·01店,二级展厅,KHO,雷克萨斯,4,7,月报拆周（非实测周报）,模拟
2026-06-22,2026-06-28,MOCK-TA-020,MOCK-L2-020,模拟二级展厅·胡拜尔·02店,二级展厅,KHO,丰田,18,7,月报拆周（非实测周报）,模拟
2026-06-22,2026-06-28,MOCK-TD-001,MOCK-D-017,模拟直营·麦加·01店,直营,MAK,丰田,48,7,模拟周报,模拟
2026-06-22,2026-06-28,MOCK-TD-001,MOCK-D-017,模拟直营·麦加·01店,直营,MAK,雷克萨斯,14,7,模拟周报,模拟
2026-06-22,2026-06-28,MOCK-TD-001,MOCK-D-018,模拟直营·麦加·02店,直营,MAK,丰田,45,7,模拟周报,模拟
2026-06-22,2026-06-28,MOCK-TA-021,MOCK-L2-021,模拟二级展厅·麦加·01店,二级展厅,MAK,丰田,16,7,月报拆周（非实测周报）,模拟
2026-06-22,2026-06-28,MOCK-TA-021,MOCK-L2-021,模拟二级展厅·麦加·01店,二级展厅,MAK,雷克萨斯,2,7,月报拆周（非实测周报）,模拟
2026-06-22,2026-06-28,MOCK-TA-022,MOCK-L2-022,模拟二级展厅·麦加·02店,二级展厅,MAK,丰田,18,7,月报拆周（非实测周报）,模拟
2026-06-22,2026-06-28,MOCK-TA-023,MOCK-L2-023,模拟二级展厅·麦加·03店,二级展厅,MAK,丰田,17,7,月报拆周（非实测周报）,模拟
2026-06-22,2026-06-28,MOCK-TD-001,MOCK-D-019,模拟直营·麦地那·01店,直营,MED,丰田,57,7,模拟周报,模拟
2026-06-22,2026-06-28,MOCK-TD-001,MOCK-D-019,模拟直营·麦地那·01店,直营,MED,雷克萨斯,17,7,模拟周报,模拟
2026-06-22,2026-06-28,MOCK-TD-001,MOCK-D-020,模拟直营·麦地那·02店,直营,MED,丰田,51,7,模拟周报,模拟
2026-06-22,2026-06-28,MOCK-TA-024,MOCK-L2-024,模拟二级展厅·麦地那·01店,二级展厅,MED,丰田,15,7,月报拆周（非实测周报）,模拟
2026-06-22,2026-06-28,MOCK-TA-024,MOCK-L2-024,模拟二级展厅·麦地那·01店,二级展厅,MED,雷克萨斯,3,7,月报拆周（非实测周报）,模拟
2026-06-22,2026-06-28,MOCK-TA-025,MOCK-L2-025,模拟二级展厅·麦地那·02店,二级展厅,MED,丰田,19,7,月报拆周（非实测周报）,模拟
2026-06-22,2026-06-28,MOCK-TD-001,MOCK-D-021,模拟直营·塔伊夫·01店,直营,TAI,丰田,44,7,模拟周报,模拟
2026-06-22,2026-06-28,MOCK-TA-026,MOCK-L2-026,模拟二级展厅·塔伊夫·01店,二级展厅,TAI,丰田,13,7,月报拆周（非实测周报）,模拟
2026-06-22,2026-06-28,MOCK-TA-027,MOCK-L2-027,模拟二级展厅·塔伊夫·02店,二级展厅,TAI,丰田,17,7,月报拆周（非实测周报）,模拟
2026-06-22,2026-06-28,MOCK-TD-001,MOCK-D-022,模拟直营·哈萨·01店,直营,HOF,丰田,58,7,模拟周报,模拟
2026-06-22,2026-06-28,MOCK-TA-028,MOCK-L2-028,模拟二级展厅·哈萨·01店,二级展厅,HOF,丰田,13,7,月报拆周（非实测周报）,模拟
2026-06-22,2026-06-28,MOCK-TA-029,MOCK-L2-029,模拟二级展厅·哈萨·02店,二级展厅,HOF,丰田,14,7,月报拆周（非实测周报）,模拟
2026-06-22,2026-06-28,MOCK-TD-001,MOCK-D-023,模拟直营·布赖代·01店,直营,BUR,丰田,33,7,模拟周报,模拟
2026-06-22,2026-06-28,MOCK-TD-001,MOCK-D-023,模拟直营·布赖代·01店,直营,BUR,雷克萨斯,11,7,模拟周报,模拟
2026-06-22,2026-06-28,MOCK-TD-001,MOCK-D-024,模拟直营·布赖代·02店,直营,BUR,丰田,49,7,模拟周报,模拟
2026-06-22,2026-06-28,MOCK-TA-030,MOCK-L2-030,模拟二级展厅·布赖代·01店,二级展厅,BUR,丰田,19,7,月报拆周（非实测周报）,模拟
2026-06-22,2026-06-28,MOCK-TA-030,MOCK-L2-030,模拟二级展厅·布赖代·01店,二级展厅,BUR,雷克萨斯,1,7,月报拆周（非实测周报）,模拟
2026-06-22,2026-06-28,MOCK-TA-031,MOCK-L2-031,模拟二级展厅·布赖代·02店,二级展厅,BUR,丰田,15,7,月报拆周（非实测周报）,模拟
2026-06-22,2026-06-28,MOCK-TA-032,MOCK-L2-032,模拟二级展厅·布赖代·03店,二级展厅,BUR,丰田,15,7,月报拆周（非实测周报）,模拟
2026-06-22,2026-06-28,MOCK-TD-001,MOCK-D-025,模拟直营·欧奈宰·01店,直营,UNA,丰田,37,7,模拟周报,模拟
2026-06-22,2026-06-28,MOCK-TA-033,MOCK-L2-033,模拟二级展厅·欧奈宰·01店,二级展厅,UNA,丰田,12,7,月报拆周（非实测周报）,模拟
2026-06-22,2026-06-28,MOCK-TD-001,MOCK-D-026,模拟直营·哈伊勒·01店,直营,HAI,丰田,41,7,模拟周报,模拟
2026-06-22,2026-06-28,MOCK-TA-034,MOCK-L2-034,模拟二级展厅·哈伊勒·01店,二级展厅,HAI,丰田,13,7,月报拆周（非实测周报）,模拟
2026-06-22,2026-06-28,MOCK-TA-035,MOCK-L2-035,模拟二级展厅·哈伊勒·02店,二级展厅,HAI,丰田,10,7,月报拆周（非实测周报）,模拟
2026-06-22,2026-06-28,MOCK-TD-001,MOCK-D-027,模拟直营·塔布克·01店,直营,TAB,丰田,53,7,模拟周报,模拟
2026-06-22,2026-06-28,MOCK-TA-036,MOCK-L2-036,模拟二级展厅·塔布克·01店,二级展厅,TAB,丰田,11,7,月报拆周（非实测周报）,模拟
2026-06-22,2026-06-28,MOCK-TA-037,MOCK-L2-037,模拟二级展厅·塔布克·02店,二级展厅,TAB,丰田,12,7,月报拆周（非实测周报）,模拟
2026-06-22,2026-06-28,MOCK-TD-001,MOCK-D-028,模拟直营·艾卜哈·01店,直营,ABH,丰田,55,7,模拟周报,模拟
2026-06-22,2026-06-28,MOCK-TD-001,MOCK-D-028,模拟直营·艾卜哈·01店,直营,ABH,雷克萨斯,16,7,模拟周报,模拟
2026-06-22,2026-06-28,MOCK-TD-001,MOCK-D-029,模拟直营·艾卜哈·02店,直营,ABH,丰田,44,7,模拟周报,模拟
2026-06-22,2026-06-28,MOCK-TA-038,MOCK-L2-038,模拟二级展厅·艾卜哈·01店,二级展厅,ABH,丰田,12,7,月报拆周（非实测周报）,模拟
2026-06-22,2026-06-28,MOCK-TA-038,MOCK-L2-038,模拟二级展厅·艾卜哈·01店,二级展厅,ABH,雷克萨斯,4,7,月报拆周（非实测周报）,模拟
2026-06-22,2026-06-28,MOCK-TA-039,MOCK-L2-039,模拟二级展厅·艾卜哈·02店,二级展厅,ABH,丰田,16,7,月报拆周（非实测周报）,模拟
2026-06-22,2026-06-28,MOCK-TD-001,MOCK-D-030,模拟直营·海米斯穆谢特·01店,直营,KHM,丰田,33,7,模拟周报,模拟
2026-06-22,2026-06-28,MOCK-TA-040,MOCK-L2-040,模拟二级展厅·海米斯穆谢特·01店,二级展厅,KHM,丰田,14,7,月报拆周（非实测周报）,模拟
2026-06-22,2026-06-28,MOCK-TD-001,MOCK-D-031,模拟直营·吉赞·01店,直营,JAZ,丰田,28,7,模拟周报,模拟
2026-06-22,2026-06-28,MOCK-TA-041,MOCK-L2-041,模拟二级展厅·吉赞·01店,二级展厅,JAZ,丰田,17,7,月报拆周（非实测周报）,模拟
2026-06-22,2026-06-28,MOCK-TA-042,MOCK-L2-042,模拟二级展厅·吉赞·02店,二级展厅,JAZ,丰田,14,7,月报拆周（非实测周报）,模拟
2026-06-22,2026-06-28,MOCK-TD-001,MOCK-D-032,模拟直营·奈季兰·01店,直营,NAJ,丰田,39,7,模拟周报,模拟
2026-06-22,2026-06-28,MOCK-TA-043,MOCK-L2-043,模拟二级展厅·奈季兰·01店,二级展厅,NAJ,丰田,11,7,月报拆周（非实测周报）,模拟
2026-06-22,2026-06-28,MOCK-TD-001,MOCK-D-033,模拟直营·延布·01店,直营,YAN,丰田,30,7,模拟周报,模拟
2026-06-22,2026-06-28,MOCK-TA-044,MOCK-L2-044,模拟二级展厅·延布·01店,二级展厅,YAN,丰田,15,7,月报拆周（非实测周报）,模拟
2026-06-22,2026-06-28,MOCK-TD-001,MOCK-D-034,模拟直营·朱拜勒·01店,直营,JUB,丰田,43,7,模拟周报,模拟
2026-06-22,2026-06-28,MOCK-TA-045,MOCK-L2-045,模拟二级展厅·朱拜勒·01店,二级展厅,JUB,丰田,13,7,月报拆周（非实测周报）,模拟
2026-06-29,2026-07-05,MOCK-TD-001,MOCK-D-001,模拟直营·利雅得·01店,直营,RUH,丰田,62,7,模拟周报,模拟
2026-06-29,2026-07-05,MOCK-TD-001,MOCK-D-001,模拟直营·利雅得·01店,直营,RUH,雷克萨斯,20,7,模拟周报,模拟
2026-06-29,2026-07-05,MOCK-TD-001,MOCK-D-002,模拟直营·利雅得·02店,直营,RUH,丰田,40,7,模拟周报,模拟
2026-06-29,2026-07-05,MOCK-TD-001,MOCK-D-002,模拟直营·利雅得·02店,直营,RUH,雷克萨斯,13,7,模拟周报,模拟
2026-06-29,2026-07-05,MOCK-TD-001,MOCK-D-003,模拟直营·利雅得·03店,直营,RUH,丰田,47,7,模拟周报,模拟
2026-06-29,2026-07-05,MOCK-TD-001,MOCK-D-003,模拟直营·利雅得·03店,直营,RUH,雷克萨斯,19,7,模拟周报,模拟
2026-06-29,2026-07-05,MOCK-TD-001,MOCK-D-004,模拟直营·利雅得·04店,直营,RUH,丰田,50,7,模拟周报,模拟
2026-06-29,2026-07-05,MOCK-TD-001,MOCK-D-005,模拟直营·利雅得·05店,直营,RUH,丰田,45,7,模拟周报,模拟
2026-06-29,2026-07-05,MOCK-TD-001,MOCK-D-006,模拟直营·利雅得·06店,直营,RUH,丰田,34,7,模拟周报,模拟
2026-06-29,2026-07-05,MOCK-TA-001,MOCK-L2-001,模拟二级展厅·利雅得·01店,二级展厅,RUH,丰田,13,7,月报拆周（非实测周报）,模拟
2026-06-29,2026-07-05,MOCK-TA-001,MOCK-L2-001,模拟二级展厅·利雅得·01店,二级展厅,RUH,雷克萨斯,3,7,月报拆周（非实测周报）,模拟
2026-06-29,2026-07-05,MOCK-TA-002,MOCK-L2-002,模拟二级展厅·利雅得·02店,二级展厅,RUH,丰田,13,7,月报拆周（非实测周报）,模拟
2026-06-29,2026-07-05,MOCK-TA-003,MOCK-L2-003,模拟二级展厅·利雅得·03店,二级展厅,RUH,丰田,13,7,月报拆周（非实测周报）,模拟
2026-06-29,2026-07-05,MOCK-TA-004,MOCK-L2-004,模拟二级展厅·利雅得·04店,二级展厅,RUH,丰田,20,7,月报拆周（非实测周报）,模拟
2026-06-29,2026-07-05,MOCK-TA-005,MOCK-L2-005,模拟二级展厅·利雅得·05店,二级展厅,RUH,丰田,15,7,月报拆周（非实测周报）,模拟
2026-06-29,2026-07-05,MOCK-TA-006,MOCK-L2-006,模拟二级展厅·利雅得·06店,二级展厅,RUH,丰田,19,7,月报拆周（非实测周报）,模拟
2026-06-29,2026-07-05,MOCK-TA-007,MOCK-L2-007,模拟二级展厅·利雅得·07店,二级展厅,RUH,丰田,13,7,月报拆周（非实测周报）,模拟
2026-06-29,2026-07-05,MOCK-TA-008,MOCK-L2-008,模拟二级展厅·利雅得·08店,二级展厅,RUH,丰田,12,7,月报拆周（非实测周报）,模拟
2026-06-29,2026-07-05,MOCK-TD-001,MOCK-D-007,模拟直营·吉达·01店,直营,JED,丰田,50,7,模拟周报,模拟
2026-06-29,2026-07-05,MOCK-TD-001,MOCK-D-007,模拟直营·吉达·01店,直营,JED,雷克萨斯,18,7,模拟周报,模拟
2026-06-29,2026-07-05,MOCK-TD-001,MOCK-D-008,模拟直营·吉达·02店,直营,JED,丰田,60,7,模拟周报,模拟
2026-06-29,2026-07-05,MOCK-TD-001,MOCK-D-008,模拟直营·吉达·02店,直营,JED,雷克萨斯,21,7,模拟周报,模拟
2026-06-29,2026-07-05,MOCK-TD-001,MOCK-D-009,模拟直营·吉达·03店,直营,JED,丰田,47,7,模拟周报,模拟
2026-06-29,2026-07-05,MOCK-TD-001,MOCK-D-009,模拟直营·吉达·03店,直营,JED,雷克萨斯,17,7,模拟周报,模拟
2026-06-29,2026-07-05,MOCK-TD-001,MOCK-D-010,模拟直营·吉达·04店,直营,JED,丰田,53,7,模拟周报,模拟
2026-06-29,2026-07-05,MOCK-TD-001,MOCK-D-011,模拟直营·吉达·05店,直营,JED,丰田,37,7,模拟周报,模拟
2026-06-29,2026-07-05,MOCK-TA-009,MOCK-L2-009,模拟二级展厅·吉达·01店,二级展厅,JED,丰田,16,7,月报拆周（非实测周报）,模拟
2026-06-29,2026-07-05,MOCK-TA-009,MOCK-L2-009,模拟二级展厅·吉达·01店,二级展厅,JED,雷克萨斯,3,7,月报拆周（非实测周报）,模拟
2026-06-29,2026-07-05,MOCK-TA-010,MOCK-L2-010,模拟二级展厅·吉达·02店,二级展厅,JED,丰田,21,7,月报拆周（非实测周报）,模拟
2026-06-29,2026-07-05,MOCK-TA-011,MOCK-L2-011,模拟二级展厅·吉达·03店,二级展厅,JED,丰田,12,7,月报拆周（非实测周报）,模拟
2026-06-29,2026-07-05,MOCK-TA-012,MOCK-L2-012,模拟二级展厅·吉达·04店,二级展厅,JED,丰田,18,7,月报拆周（非实测周报）,模拟
2026-06-29,2026-07-05,MOCK-TA-013,MOCK-L2-013,模拟二级展厅·吉达·05店,二级展厅,JED,丰田,17,7,月报拆周（非实测周报）,模拟
2026-06-29,2026-07-05,MOCK-TA-014,MOCK-L2-014,模拟二级展厅·吉达·06店,二级展厅,JED,丰田,12,7,月报拆周（非实测周报）,模拟
2026-06-29,2026-07-05,MOCK-TD-001,MOCK-D-012,模拟直营·达曼·01店,直营,DMM,丰田,42,7,模拟周报,模拟
2026-06-29,2026-07-05,MOCK-TD-001,MOCK-D-012,模拟直营·达曼·01店,直营,DMM,雷克萨斯,17,7,模拟周报,模拟
2026-06-29,2026-07-05,MOCK-TD-001,MOCK-D-013,模拟直营·达曼·02店,直营,DMM,丰田,47,7,模拟周报,模拟
2026-06-29,2026-07-05,MOCK-TD-001,MOCK-D-014,模拟直营·达曼·03店,直营,DMM,丰田,43,7,模拟周报,模拟
2026-06-29,2026-07-05,MOCK-TA-015,MOCK-L2-015,模拟二级展厅·达曼·01店,二级展厅,DMM,丰田,13,7,月报拆周（非实测周报）,模拟
2026-06-29,2026-07-05,MOCK-TA-015,MOCK-L2-015,模拟二级展厅·达曼·01店,二级展厅,DMM,雷克萨斯,3,7,月报拆周（非实测周报）,模拟
2026-06-29,2026-07-05,MOCK-TA-016,MOCK-L2-016,模拟二级展厅·达曼·02店,二级展厅,DMM,丰田,11,7,月报拆周（非实测周报）,模拟
2026-06-29,2026-07-05,MOCK-TA-017,MOCK-L2-017,模拟二级展厅·达曼·03店,二级展厅,DMM,丰田,15,7,月报拆周（非实测周报）,模拟
2026-06-29,2026-07-05,MOCK-TA-018,MOCK-L2-018,模拟二级展厅·达曼·04店,二级展厅,DMM,丰田,14,7,月报拆周（非实测周报）,模拟
2026-06-29,2026-07-05,MOCK-TD-001,MOCK-D-015,模拟直营·胡拜尔·01店,直营,KHO,丰田,46,7,模拟周报,模拟
2026-06-29,2026-07-05,MOCK-TD-001,MOCK-D-015,模拟直营·胡拜尔·01店,直营,KHO,雷克萨斯,19,7,模拟周报,模拟
2026-06-29,2026-07-05,MOCK-TD-001,MOCK-D-016,模拟直营·胡拜尔·02店,直营,KHO,丰田,39,7,模拟周报,模拟
2026-06-29,2026-07-05,MOCK-TA-019,MOCK-L2-019,模拟二级展厅·胡拜尔·01店,二级展厅,KHO,丰田,16,7,月报拆周（非实测周报）,模拟
2026-06-29,2026-07-05,MOCK-TA-019,MOCK-L2-019,模拟二级展厅·胡拜尔·01店,二级展厅,KHO,雷克萨斯,2,7,月报拆周（非实测周报）,模拟
2026-06-29,2026-07-05,MOCK-TA-020,MOCK-L2-020,模拟二级展厅·胡拜尔·02店,二级展厅,KHO,丰田,13,7,月报拆周（非实测周报）,模拟
2026-06-29,2026-07-05,MOCK-TD-001,MOCK-D-017,模拟直营·麦加·01店,直营,MAK,丰田,39,7,模拟周报,模拟
2026-06-29,2026-07-05,MOCK-TD-001,MOCK-D-017,模拟直营·麦加·01店,直营,MAK,雷克萨斯,12,7,模拟周报,模拟
2026-06-29,2026-07-05,MOCK-TD-001,MOCK-D-018,模拟直营·麦加·02店,直营,MAK,丰田,33,7,模拟周报,模拟
2026-06-29,2026-07-05,MOCK-TA-021,MOCK-L2-021,模拟二级展厅·麦加·01店,二级展厅,MAK,丰田,11,7,月报拆周（非实测周报）,模拟
2026-06-29,2026-07-05,MOCK-TA-021,MOCK-L2-021,模拟二级展厅·麦加·01店,二级展厅,MAK,雷克萨斯,2,7,月报拆周（非实测周报）,模拟
2026-06-29,2026-07-05,MOCK-TA-022,MOCK-L2-022,模拟二级展厅·麦加·02店,二级展厅,MAK,丰田,15,7,月报拆周（非实测周报）,模拟
2026-06-29,2026-07-05,MOCK-TA-023,MOCK-L2-023,模拟二级展厅·麦加·03店,二级展厅,MAK,丰田,10,7,月报拆周（非实测周报）,模拟
2026-06-29,2026-07-05,MOCK-TD-001,MOCK-D-019,模拟直营·麦地那·01店,直营,MED,丰田,44,7,模拟周报,模拟
2026-06-29,2026-07-05,MOCK-TD-001,MOCK-D-019,模拟直营·麦地那·01店,直营,MED,雷克萨斯,15,7,模拟周报,模拟
2026-06-29,2026-07-05,MOCK-TD-001,MOCK-D-020,模拟直营·麦地那·02店,直营,MED,丰田,44,7,模拟周报,模拟
2026-06-29,2026-07-05,MOCK-TA-024,MOCK-L2-024,模拟二级展厅·麦地那·01店,二级展厅,MED,丰田,10,7,月报拆周（非实测周报）,模拟
2026-06-29,2026-07-05,MOCK-TA-024,MOCK-L2-024,模拟二级展厅·麦地那·01店,二级展厅,MED,雷克萨斯,4,7,月报拆周（非实测周报）,模拟
2026-06-29,2026-07-05,MOCK-TA-025,MOCK-L2-025,模拟二级展厅·麦地那·02店,二级展厅,MED,丰田,13,7,月报拆周（非实测周报）,模拟
2026-06-29,2026-07-05,MOCK-TD-001,MOCK-D-021,模拟直营·塔伊夫·01店,直营,TAI,丰田,35,7,模拟周报,模拟
2026-06-29,2026-07-05,MOCK-TA-026,MOCK-L2-026,模拟二级展厅·塔伊夫·01店,二级展厅,TAI,丰田,10,7,月报拆周（非实测周报）,模拟
2026-06-29,2026-07-05,MOCK-TA-027,MOCK-L2-027,模拟二级展厅·塔伊夫·02店,二级展厅,TAI,丰田,12,7,月报拆周（非实测周报）,模拟
2026-06-29,2026-07-05,MOCK-TD-001,MOCK-D-022,模拟直营·哈萨·01店,直营,HOF,丰田,42,7,模拟周报,模拟
2026-06-29,2026-07-05,MOCK-TA-028,MOCK-L2-028,模拟二级展厅·哈萨·01店,二级展厅,HOF,丰田,12,7,月报拆周（非实测周报）,模拟
2026-06-29,2026-07-05,MOCK-TA-029,MOCK-L2-029,模拟二级展厅·哈萨·02店,二级展厅,HOF,丰田,10,7,月报拆周（非实测周报）,模拟
2026-06-29,2026-07-05,MOCK-TD-001,MOCK-D-023,模拟直营·布赖代·01店,直营,BUR,丰田,31,7,模拟周报,模拟
2026-06-29,2026-07-05,MOCK-TD-001,MOCK-D-023,模拟直营·布赖代·01店,直营,BUR,雷克萨斯,10,7,模拟周报,模拟
2026-06-29,2026-07-05,MOCK-TD-001,MOCK-D-024,模拟直营·布赖代·02店,直营,BUR,丰田,36,7,模拟周报,模拟
2026-06-29,2026-07-05,MOCK-TA-030,MOCK-L2-030,模拟二级展厅·布赖代·01店,二级展厅,BUR,丰田,14,7,月报拆周（非实测周报）,模拟
2026-06-29,2026-07-05,MOCK-TA-030,MOCK-L2-030,模拟二级展厅·布赖代·01店,二级展厅,BUR,雷克萨斯,5,7,月报拆周（非实测周报）,模拟
2026-06-29,2026-07-05,MOCK-TA-031,MOCK-L2-031,模拟二级展厅·布赖代·02店,二级展厅,BUR,丰田,14,7,月报拆周（非实测周报）,模拟
2026-06-29,2026-07-05,MOCK-TA-032,MOCK-L2-032,模拟二级展厅·布赖代·03店,二级展厅,BUR,丰田,13,7,月报拆周（非实测周报）,模拟
2026-06-29,2026-07-05,MOCK-TD-001,MOCK-D-025,模拟直营·欧奈宰·01店,直营,UNA,丰田,28,7,模拟周报,模拟
2026-06-29,2026-07-05,MOCK-TA-033,MOCK-L2-033,模拟二级展厅·欧奈宰·01店,二级展厅,UNA,丰田,11,7,月报拆周（非实测周报）,模拟
2026-06-29,2026-07-05,MOCK-TD-001,MOCK-D-026,模拟直营·哈伊勒·01店,直营,HAI,丰田,35,7,模拟周报,模拟
2026-06-29,2026-07-05,MOCK-TA-034,MOCK-L2-034,模拟二级展厅·哈伊勒·01店,二级展厅,HAI,丰田,12,7,月报拆周（非实测周报）,模拟
2026-06-29,2026-07-05,MOCK-TA-035,MOCK-L2-035,模拟二级展厅·哈伊勒·02店,二级展厅,HAI,丰田,9,7,月报拆周（非实测周报）,模拟
2026-06-29,2026-07-05,MOCK-TD-001,MOCK-D-027,模拟直营·塔布克·01店,直营,TAB,丰田,43,7,模拟周报,模拟
2026-06-29,2026-07-05,MOCK-TA-036,MOCK-L2-036,模拟二级展厅·塔布克·01店,二级展厅,TAB,丰田,10,7,月报拆周（非实测周报）,模拟
2026-06-29,2026-07-05,MOCK-TA-037,MOCK-L2-037,模拟二级展厅·塔布克·02店,二级展厅,TAB,丰田,10,7,月报拆周（非实测周报）,模拟
2026-06-29,2026-07-05,MOCK-TD-001,MOCK-D-028,模拟直营·艾卜哈·01店,直营,ABH,丰田,43,7,模拟周报,模拟
2026-06-29,2026-07-05,MOCK-TD-001,MOCK-D-028,模拟直营·艾卜哈·01店,直营,ABH,雷克萨斯,16,7,模拟周报,模拟
2026-06-29,2026-07-05,MOCK-TD-001,MOCK-D-029,模拟直营·艾卜哈·02店,直营,ABH,丰田,36,7,模拟周报,模拟
2026-06-29,2026-07-05,MOCK-TA-038,MOCK-L2-038,模拟二级展厅·艾卜哈·01店,二级展厅,ABH,丰田,10,7,月报拆周（非实测周报）,模拟
2026-06-29,2026-07-05,MOCK-TA-038,MOCK-L2-038,模拟二级展厅·艾卜哈·01店,二级展厅,ABH,雷克萨斯,1,7,月报拆周（非实测周报）,模拟
2026-06-29,2026-07-05,MOCK-TA-039,MOCK-L2-039,模拟二级展厅·艾卜哈·02店,二级展厅,ABH,丰田,13,7,月报拆周（非实测周报）,模拟
2026-06-29,2026-07-05,MOCK-TD-001,MOCK-D-030,模拟直营·海米斯穆谢特·01店,直营,KHM,丰田,25,7,模拟周报,模拟
2026-06-29,2026-07-05,MOCK-TA-040,MOCK-L2-040,模拟二级展厅·海米斯穆谢特·01店,二级展厅,KHM,丰田,12,7,月报拆周（非实测周报）,模拟
2026-06-29,2026-07-05,MOCK-TD-001,MOCK-D-031,模拟直营·吉赞·01店,直营,JAZ,丰田,27,7,模拟周报,模拟
2026-06-29,2026-07-05,MOCK-TA-041,MOCK-L2-041,模拟二级展厅·吉赞·01店,二级展厅,JAZ,丰田,13,7,月报拆周（非实测周报）,模拟
2026-06-29,2026-07-05,MOCK-TA-042,MOCK-L2-042,模拟二级展厅·吉赞·02店,二级展厅,JAZ,丰田,13,7,月报拆周（非实测周报）,模拟
2026-06-29,2026-07-05,MOCK-TD-001,MOCK-D-032,模拟直营·奈季兰·01店,直营,NAJ,丰田,30,7,模拟周报,模拟
2026-06-29,2026-07-05,MOCK-TA-043,MOCK-L2-043,模拟二级展厅·奈季兰·01店,二级展厅,NAJ,丰田,9,7,月报拆周（非实测周报）,模拟
2026-06-29,2026-07-05,MOCK-TD-001,MOCK-D-033,模拟直营·延布·01店,直营,YAN,丰田,27,7,模拟周报,模拟
2026-06-29,2026-07-05,MOCK-TA-044,MOCK-L2-044,模拟二级展厅·延布·01店,二级展厅,YAN,丰田,13,7,月报拆周（非实测周报）,模拟
2026-06-29,2026-07-05,MOCK-TD-001,MOCK-D-034,模拟直营·朱拜勒·01店,直营,JUB,丰田,36,7,模拟周报,模拟
2026-06-29,2026-07-05,MOCK-TA-045,MOCK-L2-045,模拟二级展厅·朱拜勒·01店,二级展厅,JUB,丰田,11,7,月报拆周（非实测周报）,模拟
2026-07-06,2026-07-12,MOCK-TD-001,MOCK-D-001,模拟直营·利雅得·01店,直营,RUH,丰田,61,7,模拟周报,模拟
2026-07-06,2026-07-12,MOCK-TD-001,MOCK-D-001,模拟直营·利雅得·01店,直营,RUH,雷克萨斯,22,7,模拟周报,模拟
2026-07-06,2026-07-12,MOCK-TD-001,MOCK-D-002,模拟直营·利雅得·02店,直营,RUH,丰田,47,7,模拟周报,模拟
2026-07-06,2026-07-12,MOCK-TD-001,MOCK-D-002,模拟直营·利雅得·02店,直营,RUH,雷克萨斯,14,7,模拟周报,模拟
2026-07-06,2026-07-12,MOCK-TD-001,MOCK-D-003,模拟直营·利雅得·03店,直营,RUH,丰田,42,7,模拟周报,模拟
2026-07-06,2026-07-12,MOCK-TD-001,MOCK-D-003,模拟直营·利雅得·03店,直营,RUH,雷克萨斯,17,7,模拟周报,模拟
2026-07-06,2026-07-12,MOCK-TD-001,MOCK-D-004,模拟直营·利雅得·04店,直营,RUH,丰田,45,7,模拟周报,模拟
2026-07-06,2026-07-12,MOCK-TD-001,MOCK-D-005,模拟直营·利雅得·05店,直营,RUH,丰田,39,7,模拟周报,模拟
2026-07-06,2026-07-12,MOCK-TD-001,MOCK-D-006,模拟直营·利雅得·06店,直营,RUH,丰田,33,7,模拟周报,模拟
2026-07-06,2026-07-12,MOCK-TA-001,MOCK-L2-001,模拟二级展厅·利雅得·01店,二级展厅,RUH,丰田,17,7,月报拆周（非实测周报）,模拟
2026-07-06,2026-07-12,MOCK-TA-001,MOCK-L2-001,模拟二级展厅·利雅得·01店,二级展厅,RUH,雷克萨斯,4,7,月报拆周（非实测周报）,模拟
2026-07-06,2026-07-12,MOCK-TA-002,MOCK-L2-002,模拟二级展厅·利雅得·02店,二级展厅,RUH,丰田,14,7,月报拆周（非实测周报）,模拟
2026-07-06,2026-07-12,MOCK-TA-003,MOCK-L2-003,模拟二级展厅·利雅得·03店,二级展厅,RUH,丰田,14,7,月报拆周（非实测周报）,模拟
2026-07-06,2026-07-12,MOCK-TA-004,MOCK-L2-004,模拟二级展厅·利雅得·04店,二级展厅,RUH,丰田,19,7,月报拆周（非实测周报）,模拟
2026-07-06,2026-07-12,MOCK-TA-005,MOCK-L2-005,模拟二级展厅·利雅得·05店,二级展厅,RUH,丰田,14,7,月报拆周（非实测周报）,模拟
2026-07-06,2026-07-12,MOCK-TA-006,MOCK-L2-006,模拟二级展厅·利雅得·06店,二级展厅,RUH,丰田,15,7,月报拆周（非实测周报）,模拟
2026-07-06,2026-07-12,MOCK-TA-007,MOCK-L2-007,模拟二级展厅·利雅得·07店,二级展厅,RUH,丰田,12,7,月报拆周（非实测周报）,模拟
2026-07-06,2026-07-12,MOCK-TA-008,MOCK-L2-008,模拟二级展厅·利雅得·08店,二级展厅,RUH,丰田,13,7,月报拆周（非实测周报）,模拟
2026-07-06,2026-07-12,MOCK-TD-001,MOCK-D-007,模拟直营·吉达·01店,直营,JED,丰田,46,7,模拟周报,模拟
2026-07-06,2026-07-12,MOCK-TD-001,MOCK-D-007,模拟直营·吉达·01店,直营,JED,雷克萨斯,20,7,模拟周报,模拟
2026-07-06,2026-07-12,MOCK-TD-001,MOCK-D-008,模拟直营·吉达·02店,直营,JED,丰田,50,7,模拟周报,模拟
2026-07-06,2026-07-12,MOCK-TD-001,MOCK-D-008,模拟直营·吉达·02店,直营,JED,雷克萨斯,20,7,模拟周报,模拟
2026-07-06,2026-07-12,MOCK-TD-001,MOCK-D-009,模拟直营·吉达·03店,直营,JED,丰田,43,7,模拟周报,模拟
2026-07-06,2026-07-12,MOCK-TD-001,MOCK-D-009,模拟直营·吉达·03店,直营,JED,雷克萨斯,19,7,模拟周报,模拟
2026-07-06,2026-07-12,MOCK-TD-001,MOCK-D-010,模拟直营·吉达·04店,直营,JED,丰田,48,7,模拟周报,模拟
2026-07-06,2026-07-12,MOCK-TD-001,MOCK-D-011,模拟直营·吉达·05店,直营,JED,丰田,36,7,模拟周报,模拟
2026-07-06,2026-07-12,MOCK-TA-009,MOCK-L2-009,模拟二级展厅·吉达·01店,二级展厅,JED,丰田,15,7,月报拆周（非实测周报）,模拟
2026-07-06,2026-07-12,MOCK-TA-009,MOCK-L2-009,模拟二级展厅·吉达·01店,二级展厅,JED,雷克萨斯,4,7,月报拆周（非实测周报）,模拟
2026-07-06,2026-07-12,MOCK-TA-010,MOCK-L2-010,模拟二级展厅·吉达·02店,二级展厅,JED,丰田,19,7,月报拆周（非实测周报）,模拟
2026-07-06,2026-07-12,MOCK-TA-011,MOCK-L2-011,模拟二级展厅·吉达·03店,二级展厅,JED,丰田,11,7,月报拆周（非实测周报）,模拟
2026-07-06,2026-07-12,MOCK-TA-012,MOCK-L2-012,模拟二级展厅·吉达·04店,二级展厅,JED,丰田,16,7,月报拆周（非实测周报）,模拟
2026-07-06,2026-07-12,MOCK-TA-013,MOCK-L2-013,模拟二级展厅·吉达·05店,二级展厅,JED,丰田,14,7,月报拆周（非实测周报）,模拟
2026-07-06,2026-07-12,MOCK-TA-014,MOCK-L2-014,模拟二级展厅·吉达·06店,二级展厅,JED,丰田,12,7,月报拆周（非实测周报）,模拟
2026-07-06,2026-07-12,MOCK-TD-001,MOCK-D-012,模拟直营·达曼·01店,直营,DMM,丰田,36,7,模拟周报,模拟
2026-07-06,2026-07-12,MOCK-TD-001,MOCK-D-012,模拟直营·达曼·01店,直营,DMM,雷克萨斯,15,7,模拟周报,模拟
2026-07-06,2026-07-12,MOCK-TD-001,MOCK-D-013,模拟直营·达曼·02店,直营,DMM,丰田,40,7,模拟周报,模拟
2026-07-06,2026-07-12,MOCK-TD-001,MOCK-D-014,模拟直营·达曼·03店,直营,DMM,丰田,42,7,模拟周报,模拟
2026-07-06,2026-07-12,MOCK-TA-015,MOCK-L2-015,模拟二级展厅·达曼·01店,二级展厅,DMM,丰田,13,7,月报拆周（非实测周报）,模拟
2026-07-06,2026-07-12,MOCK-TA-015,MOCK-L2-015,模拟二级展厅·达曼·01店,二级展厅,DMM,雷克萨斯,2,7,月报拆周（非实测周报）,模拟
2026-07-06,2026-07-12,MOCK-TA-016,MOCK-L2-016,模拟二级展厅·达曼·02店,二级展厅,DMM,丰田,10,7,月报拆周（非实测周报）,模拟
2026-07-06,2026-07-12,MOCK-TA-017,MOCK-L2-017,模拟二级展厅·达曼·03店,二级展厅,DMM,丰田,13,7,月报拆周（非实测周报）,模拟
2026-07-06,2026-07-12,MOCK-TA-018,MOCK-L2-018,模拟二级展厅·达曼·04店,二级展厅,DMM,丰田,15,7,月报拆周（非实测周报）,模拟
2026-07-06,2026-07-12,MOCK-TD-001,MOCK-D-015,模拟直营·胡拜尔·01店,直营,KHO,丰田,46,7,模拟周报,模拟
2026-07-06,2026-07-12,MOCK-TD-001,MOCK-D-015,模拟直营·胡拜尔·01店,直营,KHO,雷克萨斯,18,7,模拟周报,模拟
2026-07-06,2026-07-12,MOCK-TD-001,MOCK-D-016,模拟直营·胡拜尔·02店,直营,KHO,丰田,39,7,模拟周报,模拟
2026-07-06,2026-07-12,MOCK-TA-019,MOCK-L2-019,模拟二级展厅·胡拜尔·01店,二级展厅,KHO,丰田,13,7,月报拆周（非实测周报）,模拟
2026-07-06,2026-07-12,MOCK-TA-019,MOCK-L2-019,模拟二级展厅·胡拜尔·01店,二级展厅,KHO,雷克萨斯,3,7,月报拆周（非实测周报）,模拟
2026-07-06,2026-07-12,MOCK-TA-020,MOCK-L2-020,模拟二级展厅·胡拜尔·02店,二级展厅,KHO,丰田,13,7,月报拆周（非实测周报）,模拟
2026-07-06,2026-07-12,MOCK-TD-001,MOCK-D-017,模拟直营·麦加·01店,直营,MAK,丰田,35,7,模拟周报,模拟
2026-07-06,2026-07-12,MOCK-TD-001,MOCK-D-017,模拟直营·麦加·01店,直营,MAK,雷克萨斯,11,7,模拟周报,模拟
2026-07-06,2026-07-12,MOCK-TD-001,MOCK-D-018,模拟直营·麦加·02店,直营,MAK,丰田,32,7,模拟周报,模拟
2026-07-06,2026-07-12,MOCK-TA-021,MOCK-L2-021,模拟二级展厅·麦加·01店,二级展厅,MAK,丰田,10,7,月报拆周（非实测周报）,模拟
2026-07-06,2026-07-12,MOCK-TA-021,MOCK-L2-021,模拟二级展厅·麦加·01店,二级展厅,MAK,雷克萨斯,2,7,月报拆周（非实测周报）,模拟
2026-07-06,2026-07-12,MOCK-TA-022,MOCK-L2-022,模拟二级展厅·麦加·02店,二级展厅,MAK,丰田,14,7,月报拆周（非实测周报）,模拟
2026-07-06,2026-07-12,MOCK-TA-023,MOCK-L2-023,模拟二级展厅·麦加·03店,二级展厅,MAK,丰田,13,7,月报拆周（非实测周报）,模拟
2026-07-06,2026-07-12,MOCK-TD-001,MOCK-D-019,模拟直营·麦地那·01店,直营,MED,丰田,44,7,模拟周报,模拟
2026-07-06,2026-07-12,MOCK-TD-001,MOCK-D-019,模拟直营·麦地那·01店,直营,MED,雷克萨斯,14,7,模拟周报,模拟
2026-07-06,2026-07-12,MOCK-TD-001,MOCK-D-020,模拟直营·麦地那·02店,直营,MED,丰田,40,7,模拟周报,模拟
2026-07-06,2026-07-12,MOCK-TA-024,MOCK-L2-024,模拟二级展厅·麦地那·01店,二级展厅,MED,丰田,11,7,月报拆周（非实测周报）,模拟
2026-07-06,2026-07-12,MOCK-TA-024,MOCK-L2-024,模拟二级展厅·麦地那·01店,二级展厅,MED,雷克萨斯,1,7,月报拆周（非实测周报）,模拟
2026-07-06,2026-07-12,MOCK-TA-025,MOCK-L2-025,模拟二级展厅·麦地那·02店,二级展厅,MED,丰田,13,7,月报拆周（非实测周报）,模拟
2026-07-06,2026-07-12,MOCK-TD-001,MOCK-D-021,模拟直营·塔伊夫·01店,直营,TAI,丰田,33,7,模拟周报,模拟
2026-07-06,2026-07-12,MOCK-TA-026,MOCK-L2-026,模拟二级展厅·塔伊夫·01店,二级展厅,TAI,丰田,8,7,月报拆周（非实测周报）,模拟
2026-07-06,2026-07-12,MOCK-TA-027,MOCK-L2-027,模拟二级展厅·塔伊夫·02店,二级展厅,TAI,丰田,12,7,月报拆周（非实测周报）,模拟
2026-07-06,2026-07-12,MOCK-TD-001,MOCK-D-022,模拟直营·哈萨·01店,直营,HOF,丰田,34,7,模拟周报,模拟
2026-07-06,2026-07-12,MOCK-TA-028,MOCK-L2-028,模拟二级展厅·哈萨·01店,二级展厅,HOF,丰田,10,7,月报拆周（非实测周报）,模拟
2026-07-06,2026-07-12,MOCK-TA-029,MOCK-L2-029,模拟二级展厅·哈萨·02店,二级展厅,HOF,丰田,10,7,月报拆周（非实测周报）,模拟
2026-07-06,2026-07-12,MOCK-TD-001,MOCK-D-023,模拟直营·布赖代·01店,直营,BUR,丰田,25,7,模拟周报,模拟
2026-07-06,2026-07-12,MOCK-TD-001,MOCK-D-023,模拟直营·布赖代·01店,直营,BUR,雷克萨斯,12,7,模拟周报,模拟
2026-07-06,2026-07-12,MOCK-TD-001,MOCK-D-024,模拟直营·布赖代·02店,直营,BUR,丰田,31,7,模拟周报,模拟
2026-07-06,2026-07-12,MOCK-TA-030,MOCK-L2-030,模拟二级展厅·布赖代·01店,二级展厅,BUR,丰田,13,7,月报拆周（非实测周报）,模拟
2026-07-06,2026-07-12,MOCK-TA-030,MOCK-L2-030,模拟二级展厅·布赖代·01店,二级展厅,BUR,雷克萨斯,4,7,月报拆周（非实测周报）,模拟
2026-07-06,2026-07-12,MOCK-TA-031,MOCK-L2-031,模拟二级展厅·布赖代·02店,二级展厅,BUR,丰田,10,7,月报拆周（非实测周报）,模拟
2026-07-06,2026-07-12,MOCK-TA-032,MOCK-L2-032,模拟二级展厅·布赖代·03店,二级展厅,BUR,丰田,12,7,月报拆周（非实测周报）,模拟
2026-07-06,2026-07-12,MOCK-TD-001,MOCK-D-025,模拟直营·欧奈宰·01店,直营,UNA,丰田,30,7,模拟周报,模拟
2026-07-06,2026-07-12,MOCK-TA-033,MOCK-L2-033,模拟二级展厅·欧奈宰·01店,二级展厅,UNA,丰田,10,7,月报拆周（非实测周报）,模拟
2026-07-06,2026-07-12,MOCK-TD-001,MOCK-D-026,模拟直营·哈伊勒·01店,直营,HAI,丰田,34,7,模拟周报,模拟
2026-07-06,2026-07-12,MOCK-TA-034,MOCK-L2-034,模拟二级展厅·哈伊勒·01店,二级展厅,HAI,丰田,12,7,月报拆周（非实测周报）,模拟
2026-07-06,2026-07-12,MOCK-TA-035,MOCK-L2-035,模拟二级展厅·哈伊勒·02店,二级展厅,HAI,丰田,8,7,月报拆周（非实测周报）,模拟
2026-07-06,2026-07-12,MOCK-TD-001,MOCK-D-027,模拟直营·塔布克·01店,直营,TAB,丰田,32,7,模拟周报,模拟
2026-07-06,2026-07-12,MOCK-TA-036,MOCK-L2-036,模拟二级展厅·塔布克·01店,二级展厅,TAB,丰田,7,7,月报拆周（非实测周报）,模拟
2026-07-06,2026-07-12,MOCK-TA-037,MOCK-L2-037,模拟二级展厅·塔布克·02店,二级展厅,TAB,丰田,8,7,月报拆周（非实测周报）,模拟
2026-07-06,2026-07-12,MOCK-TD-001,MOCK-D-028,模拟直营·艾卜哈·01店,直营,ABH,丰田,42,7,模拟周报,模拟
2026-07-06,2026-07-12,MOCK-TD-001,MOCK-D-028,模拟直营·艾卜哈·01店,直营,ABH,雷克萨斯,16,7,模拟周报,模拟
2026-07-06,2026-07-12,MOCK-TD-001,MOCK-D-029,模拟直营·艾卜哈·02店,直营,ABH,丰田,33,7,模拟周报,模拟
2026-07-06,2026-07-12,MOCK-TA-038,MOCK-L2-038,模拟二级展厅·艾卜哈·01店,二级展厅,ABH,丰田,8,7,月报拆周（非实测周报）,模拟
2026-07-06,2026-07-12,MOCK-TA-038,MOCK-L2-038,模拟二级展厅·艾卜哈·01店,二级展厅,ABH,雷克萨斯,1,7,月报拆周（非实测周报）,模拟
2026-07-06,2026-07-12,MOCK-TA-039,MOCK-L2-039,模拟二级展厅·艾卜哈·02店,二级展厅,ABH,丰田,12,7,月报拆周（非实测周报）,模拟
2026-07-06,2026-07-12,MOCK-TD-001,MOCK-D-030,模拟直营·海米斯穆谢特·01店,直营,KHM,丰田,24,7,模拟周报,模拟
2026-07-06,2026-07-12,MOCK-TA-040,MOCK-L2-040,模拟二级展厅·海米斯穆谢特·01店,二级展厅,KHM,丰田,12,7,月报拆周（非实测周报）,模拟
2026-07-06,2026-07-12,MOCK-TD-001,MOCK-D-031,模拟直营·吉赞·01店,直营,JAZ,丰田,25,7,模拟周报,模拟
2026-07-06,2026-07-12,MOCK-TA-041,MOCK-L2-041,模拟二级展厅·吉赞·01店,二级展厅,JAZ,丰田,11,7,月报拆周（非实测周报）,模拟
2026-07-06,2026-07-12,MOCK-TA-042,MOCK-L2-042,模拟二级展厅·吉赞·02店,二级展厅,JAZ,丰田,12,7,月报拆周（非实测周报）,模拟
2026-07-06,2026-07-12,MOCK-TD-001,MOCK-D-032,模拟直营·奈季兰·01店,直营,NAJ,丰田,24,7,模拟周报,模拟
2026-07-06,2026-07-12,MOCK-TA-043,MOCK-L2-043,模拟二级展厅·奈季兰·01店,二级展厅,NAJ,丰田,10,7,月报拆周（非实测周报）,模拟
2026-07-06,2026-07-12,MOCK-TD-001,MOCK-D-033,模拟直营·延布·01店,直营,YAN,丰田,27,7,模拟周报,模拟
2026-07-06,2026-07-12,MOCK-TA-044,MOCK-L2-044,模拟二级展厅·延布·01店,二级展厅,YAN,丰田,11,7,月报拆周（非实测周报）,模拟
2026-07-06,2026-07-12,MOCK-TD-001,MOCK-D-034,模拟直营·朱拜勒·01店,直营,JUB,丰田,32,7,模拟周报,模拟
2026-07-06,2026-07-12,MOCK-TA-045,MOCK-L2-045,模拟二级展厅·朱拜勒·01店,二级展厅,JUB,丰田,9,7,月报拆周（非实测周报）,模拟
2026-07-13,2026-07-19,MOCK-TD-001,MOCK-D-001,模拟直营·利雅得·01店,直营,RUH,丰田,59,7,模拟周报,模拟
2026-07-13,2026-07-19,MOCK-TD-001,MOCK-D-001,模拟直营·利雅得·01店,直营,RUH,雷克萨斯,25,7,模拟周报,模拟
2026-07-13,2026-07-19,MOCK-TD-001,MOCK-D-002,模拟直营·利雅得·02店,直营,RUH,丰田,42,7,模拟周报,模拟
2026-07-13,2026-07-19,MOCK-TD-001,MOCK-D-002,模拟直营·利雅得·02店,直营,RUH,雷克萨斯,16,7,模拟周报,模拟
2026-07-13,2026-07-19,MOCK-TD-001,MOCK-D-003,模拟直营·利雅得·03店,直营,RUH,丰田,42,7,模拟周报,模拟
2026-07-13,2026-07-19,MOCK-TD-001,MOCK-D-003,模拟直营·利雅得·03店,直营,RUH,雷克萨斯,16,7,模拟周报,模拟
2026-07-13,2026-07-19,MOCK-TD-001,MOCK-D-004,模拟直营·利雅得·04店,直营,RUH,丰田,45,7,模拟周报,模拟
2026-07-13,2026-07-19,MOCK-TD-001,MOCK-D-005,模拟直营·利雅得·05店,直营,RUH,丰田,40,7,模拟周报,模拟
2026-07-13,2026-07-19,MOCK-TD-001,MOCK-D-006,模拟直营·利雅得·06店,直营,RUH,丰田,33,7,模拟周报,模拟
2026-07-13,2026-07-19,MOCK-TA-001,MOCK-L2-001,模拟二级展厅·利雅得·01店,二级展厅,RUH,丰田,15,7,月报拆周（非实测周报）,模拟
2026-07-13,2026-07-19,MOCK-TA-001,MOCK-L2-001,模拟二级展厅·利雅得·01店,二级展厅,RUH,雷克萨斯,4,7,月报拆周（非实测周报）,模拟
2026-07-13,2026-07-19,MOCK-TA-002,MOCK-L2-002,模拟二级展厅·利雅得·02店,二级展厅,RUH,丰田,13,7,月报拆周（非实测周报）,模拟
2026-07-13,2026-07-19,MOCK-TA-003,MOCK-L2-003,模拟二级展厅·利雅得·03店,二级展厅,RUH,丰田,12,7,月报拆周（非实测周报）,模拟
2026-07-13,2026-07-19,MOCK-TA-004,MOCK-L2-004,模拟二级展厅·利雅得·04店,二级展厅,RUH,丰田,17,7,月报拆周（非实测周报）,模拟
2026-07-13,2026-07-19,MOCK-TA-005,MOCK-L2-005,模拟二级展厅·利雅得·05店,二级展厅,RUH,丰田,14,7,月报拆周（非实测周报）,模拟
2026-07-13,2026-07-19,MOCK-TA-006,MOCK-L2-006,模拟二级展厅·利雅得·06店,二级展厅,RUH,丰田,13,7,月报拆周（非实测周报）,模拟
2026-07-13,2026-07-19,MOCK-TA-007,MOCK-L2-007,模拟二级展厅·利雅得·07店,二级展厅,RUH,丰田,13,7,月报拆周（非实测周报）,模拟
2026-07-13,2026-07-19,MOCK-TA-008,MOCK-L2-008,模拟二级展厅·利雅得·08店,二级展厅,RUH,丰田,11,7,月报拆周（非实测周报）,模拟
2026-07-13,2026-07-19,MOCK-TD-001,MOCK-D-007,模拟直营·吉达·01店,直营,JED,丰田,45,7,模拟周报,模拟
2026-07-13,2026-07-19,MOCK-TD-001,MOCK-D-007,模拟直营·吉达·01店,直营,JED,雷克萨斯,17,7,模拟周报,模拟
2026-07-13,2026-07-19,MOCK-TD-001,MOCK-D-008,模拟直营·吉达·02店,直营,JED,丰田,51,7,模拟周报,模拟
2026-07-13,2026-07-19,MOCK-TD-001,MOCK-D-008,模拟直营·吉达·02店,直营,JED,雷克萨斯,19,7,模拟周报,模拟
2026-07-13,2026-07-19,MOCK-TD-001,MOCK-D-009,模拟直营·吉达·03店,直营,JED,丰田,42,7,模拟周报,模拟
2026-07-13,2026-07-19,MOCK-TD-001,MOCK-D-009,模拟直营·吉达·03店,直营,JED,雷克萨斯,19,7,模拟周报,模拟
2026-07-13,2026-07-19,MOCK-TD-001,MOCK-D-010,模拟直营·吉达·04店,直营,JED,丰田,45,7,模拟周报,模拟
2026-07-13,2026-07-19,MOCK-TD-001,MOCK-D-011,模拟直营·吉达·05店,直营,JED,丰田,36,7,模拟周报,模拟
2026-07-13,2026-07-19,MOCK-TA-009,MOCK-L2-009,模拟二级展厅·吉达·01店,二级展厅,JED,丰田,15,7,月报拆周（非实测周报）,模拟
2026-07-13,2026-07-19,MOCK-TA-009,MOCK-L2-009,模拟二级展厅·吉达·01店,二级展厅,JED,雷克萨斯,4,7,月报拆周（非实测周报）,模拟
2026-07-13,2026-07-19,MOCK-TA-010,MOCK-L2-010,模拟二级展厅·吉达·02店,二级展厅,JED,丰田,20,7,月报拆周（非实测周报）,模拟
2026-07-13,2026-07-19,MOCK-TA-011,MOCK-L2-011,模拟二级展厅·吉达·03店,二级展厅,JED,丰田,12,7,月报拆周（非实测周报）,模拟
2026-07-13,2026-07-19,MOCK-TA-012,MOCK-L2-012,模拟二级展厅·吉达·04店,二级展厅,JED,丰田,15,7,月报拆周（非实测周报）,模拟
2026-07-13,2026-07-19,MOCK-TA-013,MOCK-L2-013,模拟二级展厅·吉达·05店,二级展厅,JED,丰田,17,7,月报拆周（非实测周报）,模拟
2026-07-13,2026-07-19,MOCK-TA-014,MOCK-L2-014,模拟二级展厅·吉达·06店,二级展厅,JED,丰田,12,7,月报拆周（非实测周报）,模拟
2026-07-13,2026-07-19,MOCK-TD-001,MOCK-D-012,模拟直营·达曼·01店,直营,DMM,丰田,38,7,模拟周报,模拟
2026-07-13,2026-07-19,MOCK-TD-001,MOCK-D-012,模拟直营·达曼·01店,直营,DMM,雷克萨斯,18,7,模拟周报,模拟
2026-07-13,2026-07-19,MOCK-TD-001,MOCK-D-013,模拟直营·达曼·02店,直营,DMM,丰田,37,7,模拟周报,模拟
2026-07-13,2026-07-19,MOCK-TD-001,MOCK-D-014,模拟直营·达曼·03店,直营,DMM,丰田,43,7,模拟周报,模拟
2026-07-13,2026-07-19,MOCK-TA-015,MOCK-L2-015,模拟二级展厅·达曼·01店,二级展厅,DMM,丰田,13,7,月报拆周（非实测周报）,模拟
2026-07-13,2026-07-19,MOCK-TA-015,MOCK-L2-015,模拟二级展厅·达曼·01店,二级展厅,DMM,雷克萨斯,3,7,月报拆周（非实测周报）,模拟
2026-07-13,2026-07-19,MOCK-TA-016,MOCK-L2-016,模拟二级展厅·达曼·02店,二级展厅,DMM,丰田,11,7,月报拆周（非实测周报）,模拟
2026-07-13,2026-07-19,MOCK-TA-017,MOCK-L2-017,模拟二级展厅·达曼·03店,二级展厅,DMM,丰田,12,7,月报拆周（非实测周报）,模拟
2026-07-13,2026-07-19,MOCK-TA-018,MOCK-L2-018,模拟二级展厅·达曼·04店,二级展厅,DMM,丰田,15,7,月报拆周（非实测周报）,模拟
2026-07-13,2026-07-19,MOCK-TD-001,MOCK-D-015,模拟直营·胡拜尔·01店,直营,KHO,丰田,41,7,模拟周报,模拟
2026-07-13,2026-07-19,MOCK-TD-001,MOCK-D-015,模拟直营·胡拜尔·01店,直营,KHO,雷克萨斯,18,7,模拟周报,模拟
2026-07-13,2026-07-19,MOCK-TD-001,MOCK-D-016,模拟直营·胡拜尔·02店,直营,KHO,丰田,39,7,模拟周报,模拟
2026-07-13,2026-07-19,MOCK-TA-019,MOCK-L2-019,模拟二级展厅·胡拜尔·01店,二级展厅,KHO,丰田,13,7,月报拆周（非实测周报）,模拟
2026-07-13,2026-07-19,MOCK-TA-019,MOCK-L2-019,模拟二级展厅·胡拜尔·01店,二级展厅,KHO,雷克萨斯,3,7,月报拆周（非实测周报）,模拟
2026-07-13,2026-07-19,MOCK-TA-020,MOCK-L2-020,模拟二级展厅·胡拜尔·02店,二级展厅,KHO,丰田,13,7,月报拆周（非实测周报）,模拟
2026-07-13,2026-07-19,MOCK-TD-001,MOCK-D-017,模拟直营·麦加·01店,直营,MAK,丰田,36,7,模拟周报,模拟
2026-07-13,2026-07-19,MOCK-TD-001,MOCK-D-017,模拟直营·麦加·01店,直营,MAK,雷克萨斯,13,7,模拟周报,模拟
2026-07-13,2026-07-19,MOCK-TD-001,MOCK-D-018,模拟直营·麦加·02店,直营,MAK,丰田,30,7,模拟周报,模拟
2026-07-13,2026-07-19,MOCK-TA-021,MOCK-L2-021,模拟二级展厅·麦加·01店,二级展厅,MAK,丰田,11,7,月报拆周（非实测周报）,模拟
2026-07-13,2026-07-19,MOCK-TA-021,MOCK-L2-021,模拟二级展厅·麦加·01店,二级展厅,MAK,雷克萨斯,1,7,月报拆周（非实测周报）,模拟
2026-07-13,2026-07-19,MOCK-TA-022,MOCK-L2-022,模拟二级展厅·麦加·02店,二级展厅,MAK,丰田,13,7,月报拆周（非实测周报）,模拟
2026-07-13,2026-07-19,MOCK-TA-023,MOCK-L2-023,模拟二级展厅·麦加·03店,二级展厅,MAK,丰田,13,7,月报拆周（非实测周报）,模拟
2026-07-13,2026-07-19,MOCK-TD-001,MOCK-D-019,模拟直营·麦地那·01店,直营,MED,丰田,46,7,模拟周报,模拟
2026-07-13,2026-07-19,MOCK-TD-001,MOCK-D-019,模拟直营·麦地那·01店,直营,MED,雷克萨斯,14,7,模拟周报,模拟
2026-07-13,2026-07-19,MOCK-TD-001,MOCK-D-020,模拟直营·麦地那·02店,直营,MED,丰田,42,7,模拟周报,模拟
2026-07-13,2026-07-19,MOCK-TA-024,MOCK-L2-024,模拟二级展厅·麦地那·01店,二级展厅,MED,丰田,12,7,月报拆周（非实测周报）,模拟
2026-07-13,2026-07-19,MOCK-TA-024,MOCK-L2-024,模拟二级展厅·麦地那·01店,二级展厅,MED,雷克萨斯,2,7,月报拆周（非实测周报）,模拟
2026-07-13,2026-07-19,MOCK-TA-025,MOCK-L2-025,模拟二级展厅·麦地那·02店,二级展厅,MED,丰田,14,7,月报拆周（非实测周报）,模拟
2026-07-13,2026-07-19,MOCK-TD-001,MOCK-D-021,模拟直营·塔伊夫·01店,直营,TAI,丰田,29,7,模拟周报,模拟
2026-07-13,2026-07-19,MOCK-TA-026,MOCK-L2-026,模拟二级展厅·塔伊夫·01店,二级展厅,TAI,丰田,8,7,月报拆周（非实测周报）,模拟
2026-07-13,2026-07-19,MOCK-TA-027,MOCK-L2-027,模拟二级展厅·塔伊夫·02店,二级展厅,TAI,丰田,11,7,月报拆周（非实测周报）,模拟
2026-07-13,2026-07-19,MOCK-TD-001,MOCK-D-022,模拟直营·哈萨·01店,直营,HOF,丰田,36,7,模拟周报,模拟
2026-07-13,2026-07-19,MOCK-TA-028,MOCK-L2-028,模拟二级展厅·哈萨·01店,二级展厅,HOF,丰田,11,7,月报拆周（非实测周报）,模拟
2026-07-13,2026-07-19,MOCK-TA-029,MOCK-L2-029,模拟二级展厅·哈萨·02店,二级展厅,HOF,丰田,9,7,月报拆周（非实测周报）,模拟
2026-07-13,2026-07-19,MOCK-TD-001,MOCK-D-023,模拟直营·布赖代·01店,直营,BUR,丰田,25,7,模拟周报,模拟
2026-07-13,2026-07-19,MOCK-TD-001,MOCK-D-023,模拟直营·布赖代·01店,直营,BUR,雷克萨斯,10,7,模拟周报,模拟
2026-07-13,2026-07-19,MOCK-TD-001,MOCK-D-024,模拟直营·布赖代·02店,直营,BUR,丰田,33,7,模拟周报,模拟
2026-07-13,2026-07-19,MOCK-TA-030,MOCK-L2-030,模拟二级展厅·布赖代·01店,二级展厅,BUR,丰田,14,7,月报拆周（非实测周报）,模拟
2026-07-13,2026-07-19,MOCK-TA-030,MOCK-L2-030,模拟二级展厅·布赖代·01店,二级展厅,BUR,雷克萨斯,1,7,月报拆周（非实测周报）,模拟
2026-07-13,2026-07-19,MOCK-TA-031,MOCK-L2-031,模拟二级展厅·布赖代·02店,二级展厅,BUR,丰田,11,7,月报拆周（非实测周报）,模拟
2026-07-13,2026-07-19,MOCK-TA-032,MOCK-L2-032,模拟二级展厅·布赖代·03店,二级展厅,BUR,丰田,12,7,月报拆周（非实测周报）,模拟
2026-07-13,2026-07-19,MOCK-TD-001,MOCK-D-025,模拟直营·欧奈宰·01店,直营,UNA,丰田,27,7,模拟周报,模拟
2026-07-13,2026-07-19,MOCK-TA-033,MOCK-L2-033,模拟二级展厅·欧奈宰·01店,二级展厅,UNA,丰田,9,7,月报拆周（非实测周报）,模拟
2026-07-13,2026-07-19,MOCK-TD-001,MOCK-D-026,模拟直营·哈伊勒·01店,直营,HAI,丰田,31,7,模拟周报,模拟
2026-07-13,2026-07-19,MOCK-TA-034,MOCK-L2-034,模拟二级展厅·哈伊勒·01店,二级展厅,HAI,丰田,9,7,月报拆周（非实测周报）,模拟
2026-07-13,2026-07-19,MOCK-TA-035,MOCK-L2-035,模拟二级展厅·哈伊勒·02店,二级展厅,HAI,丰田,8,7,月报拆周（非实测周报）,模拟
2026-07-13,2026-07-19,MOCK-TD-001,MOCK-D-027,模拟直营·塔布克·01店,直营,TAB,丰田,33,7,模拟周报,模拟
2026-07-13,2026-07-19,MOCK-TA-036,MOCK-L2-036,模拟二级展厅·塔布克·01店,二级展厅,TAB,丰田,7,7,月报拆周（非实测周报）,模拟
2026-07-13,2026-07-19,MOCK-TA-037,MOCK-L2-037,模拟二级展厅·塔布克·02店,二级展厅,TAB,丰田,9,7,月报拆周（非实测周报）,模拟
2026-07-13,2026-07-19,MOCK-TD-001,MOCK-D-028,模拟直营·艾卜哈·01店,直营,ABH,丰田,40,7,模拟周报,模拟
2026-07-13,2026-07-19,MOCK-TD-001,MOCK-D-028,模拟直营·艾卜哈·01店,直营,ABH,雷克萨斯,14,7,模拟周报,模拟
2026-07-13,2026-07-19,MOCK-TD-001,MOCK-D-029,模拟直营·艾卜哈·02店,直营,ABH,丰田,32,7,模拟周报,模拟
2026-07-13,2026-07-19,MOCK-TA-038,MOCK-L2-038,模拟二级展厅·艾卜哈·01店,二级展厅,ABH,丰田,7,7,月报拆周（非实测周报）,模拟
2026-07-13,2026-07-19,MOCK-TA-038,MOCK-L2-038,模拟二级展厅·艾卜哈·01店,二级展厅,ABH,雷克萨斯,2,7,月报拆周（非实测周报）,模拟
2026-07-13,2026-07-19,MOCK-TA-039,MOCK-L2-039,模拟二级展厅·艾卜哈·02店,二级展厅,ABH,丰田,11,7,月报拆周（非实测周报）,模拟
2026-07-13,2026-07-19,MOCK-TD-001,MOCK-D-030,模拟直营·海米斯穆谢特·01店,直营,KHM,丰田,24,7,模拟周报,模拟
2026-07-13,2026-07-19,MOCK-TA-040,MOCK-L2-040,模拟二级展厅·海米斯穆谢特·01店,二级展厅,KHM,丰田,10,7,月报拆周（非实测周报）,模拟
2026-07-13,2026-07-19,MOCK-TD-001,MOCK-D-031,模拟直营·吉赞·01店,直营,JAZ,丰田,25,7,模拟周报,模拟
2026-07-13,2026-07-19,MOCK-TA-041,MOCK-L2-041,模拟二级展厅·吉赞·01店,二级展厅,JAZ,丰田,11,7,月报拆周（非实测周报）,模拟
2026-07-13,2026-07-19,MOCK-TA-042,MOCK-L2-042,模拟二级展厅·吉赞·02店,二级展厅,JAZ,丰田,12,7,月报拆周（非实测周报）,模拟
2026-07-13,2026-07-19,MOCK-TD-001,MOCK-D-032,模拟直营·奈季兰·01店,直营,NAJ,丰田,25,7,模拟周报,模拟
2026-07-13,2026-07-19,MOCK-TA-043,MOCK-L2-043,模拟二级展厅·奈季兰·01店,二级展厅,NAJ,丰田,10,7,月报拆周（非实测周报）,模拟
2026-07-13,2026-07-19,MOCK-TD-001,MOCK-D-033,模拟直营·延布·01店,直营,YAN,丰田,26,7,模拟周报,模拟
2026-07-13,2026-07-19,MOCK-TA-044,MOCK-L2-044,模拟二级展厅·延布·01店,二级展厅,YAN,丰田,11,7,月报拆周（非实测周报）,模拟
2026-07-13,2026-07-19,MOCK-TD-001,MOCK-D-034,模拟直营·朱拜勒·01店,直营,JUB,丰田,29,7,模拟周报,模拟
2026-07-13,2026-07-19,MOCK-TA-045,MOCK-L2-045,模拟二级展厅·朱拜勒·01店,二级展厅,JUB,丰田,11,7,月报拆周（非实测周报）,模拟
2026-07-20,2026-07-26,MOCK-TD-001,MOCK-D-001,模拟直营·利雅得·01店,直营,RUH,丰田,58,7,模拟周报,模拟
2026-07-20,2026-07-26,MOCK-TD-001,MOCK-D-001,模拟直营·利雅得·01店,直营,RUH,雷克萨斯,23,7,模拟周报,模拟
2026-07-20,2026-07-26,MOCK-TD-001,MOCK-D-002,模拟直营·利雅得·02店,直营,RUH,丰田,42,7,模拟周报,模拟
2026-07-20,2026-07-26,MOCK-TD-001,MOCK-D-002,模拟直营·利雅得·02店,直营,RUH,雷克萨斯,15,7,模拟周报,模拟
2026-07-20,2026-07-26,MOCK-TD-001,MOCK-D-003,模拟直营·利雅得·03店,直营,RUH,丰田,41,7,模拟周报,模拟
2026-07-20,2026-07-26,MOCK-TD-001,MOCK-D-003,模拟直营·利雅得·03店,直营,RUH,雷克萨斯,16,7,模拟周报,模拟
2026-07-20,2026-07-26,MOCK-TD-001,MOCK-D-004,模拟直营·利雅得·04店,直营,RUH,丰田,50,7,模拟周报,模拟
2026-07-20,2026-07-26,MOCK-TD-001,MOCK-D-005,模拟直营·利雅得·05店,直营,RUH,丰田,38,7,模拟周报,模拟
2026-07-20,2026-07-26,MOCK-TD-001,MOCK-D-006,模拟直营·利雅得·06店,直营,RUH,丰田,36,7,模拟周报,模拟
2026-07-20,2026-07-26,MOCK-TA-001,MOCK-L2-001,模拟二级展厅·利雅得·01店,二级展厅,RUH,丰田,14,7,月报拆周（非实测周报）,模拟
2026-07-20,2026-07-26,MOCK-TA-001,MOCK-L2-001,模拟二级展厅·利雅得·01店,二级展厅,RUH,雷克萨斯,4,7,月报拆周（非实测周报）,模拟
2026-07-20,2026-07-26,MOCK-TA-002,MOCK-L2-002,模拟二级展厅·利雅得·02店,二级展厅,RUH,丰田,14,7,月报拆周（非实测周报）,模拟
2026-07-20,2026-07-26,MOCK-TA-003,MOCK-L2-003,模拟二级展厅·利雅得·03店,二级展厅,RUH,丰田,12,7,月报拆周（非实测周报）,模拟
2026-07-20,2026-07-26,MOCK-TA-004,MOCK-L2-004,模拟二级展厅·利雅得·04店,二级展厅,RUH,丰田,18,7,月报拆周（非实测周报）,模拟
2026-07-20,2026-07-26,MOCK-TA-005,MOCK-L2-005,模拟二级展厅·利雅得·05店,二级展厅,RUH,丰田,14,7,月报拆周（非实测周报）,模拟
2026-07-20,2026-07-26,MOCK-TA-006,MOCK-L2-006,模拟二级展厅·利雅得·06店,二级展厅,RUH,丰田,14,7,月报拆周（非实测周报）,模拟
2026-07-20,2026-07-26,MOCK-TA-007,MOCK-L2-007,模拟二级展厅·利雅得·07店,二级展厅,RUH,丰田,12,7,月报拆周（非实测周报）,模拟
2026-07-20,2026-07-26,MOCK-TA-008,MOCK-L2-008,模拟二级展厅·利雅得·08店,二级展厅,RUH,丰田,12,7,月报拆周（非实测周报）,模拟
2026-07-20,2026-07-26,MOCK-TD-001,MOCK-D-007,模拟直营·吉达·01店,直营,JED,丰田,41,7,模拟周报,模拟
2026-07-20,2026-07-26,MOCK-TD-001,MOCK-D-007,模拟直营·吉达·01店,直营,JED,雷克萨斯,18,7,模拟周报,模拟
2026-07-20,2026-07-26,MOCK-TD-001,MOCK-D-008,模拟直营·吉达·02店,直营,JED,丰田,48,7,模拟周报,模拟
2026-07-20,2026-07-26,MOCK-TD-001,MOCK-D-008,模拟直营·吉达·02店,直营,JED,雷克萨斯,19,7,模拟周报,模拟
2026-07-20,2026-07-26,MOCK-TD-001,MOCK-D-009,模拟直营·吉达·03店,直营,JED,丰田,48,7,模拟周报,模拟
2026-07-20,2026-07-26,MOCK-TD-001,MOCK-D-009,模拟直营·吉达·03店,直营,JED,雷克萨斯,18,7,模拟周报,模拟
2026-07-20,2026-07-26,MOCK-TD-001,MOCK-D-010,模拟直营·吉达·04店,直营,JED,丰田,43,7,模拟周报,模拟
2026-07-20,2026-07-26,MOCK-TD-001,MOCK-D-011,模拟直营·吉达·05店,直营,JED,丰田,35,7,模拟周报,模拟
2026-07-20,2026-07-26,MOCK-TA-009,MOCK-L2-009,模拟二级展厅·吉达·01店,二级展厅,JED,丰田,14,7,月报拆周（非实测周报）,模拟
2026-07-20,2026-07-26,MOCK-TA-009,MOCK-L2-009,模拟二级展厅·吉达·01店,二级展厅,JED,雷克萨斯,3,7,月报拆周（非实测周报）,模拟
2026-07-20,2026-07-26,MOCK-TA-010,MOCK-L2-010,模拟二级展厅·吉达·02店,二级展厅,JED,丰田,19,7,月报拆周（非实测周报）,模拟
2026-07-20,2026-07-26,MOCK-TA-011,MOCK-L2-011,模拟二级展厅·吉达·03店,二级展厅,JED,丰田,11,7,月报拆周（非实测周报）,模拟
2026-07-20,2026-07-26,MOCK-TA-012,MOCK-L2-012,模拟二级展厅·吉达·04店,二级展厅,JED,丰田,18,7,月报拆周（非实测周报）,模拟
2026-07-20,2026-07-26,MOCK-TA-013,MOCK-L2-013,模拟二级展厅·吉达·05店,二级展厅,JED,丰田,17,7,月报拆周（非实测周报）,模拟
2026-07-20,2026-07-26,MOCK-TA-014,MOCK-L2-014,模拟二级展厅·吉达·06店,二级展厅,JED,丰田,11,7,月报拆周（非实测周报）,模拟
2026-07-20,2026-07-26,MOCK-TD-001,MOCK-D-012,模拟直营·达曼·01店,直营,DMM,丰田,36,7,模拟周报,模拟
2026-07-20,2026-07-26,MOCK-TD-001,MOCK-D-012,模拟直营·达曼·01店,直营,DMM,雷克萨斯,15,7,模拟周报,模拟
2026-07-20,2026-07-26,MOCK-TD-001,MOCK-D-013,模拟直营·达曼·02店,直营,DMM,丰田,40,7,模拟周报,模拟
2026-07-20,2026-07-26,MOCK-TD-001,MOCK-D-014,模拟直营·达曼·03店,直营,DMM,丰田,43,7,模拟周报,模拟
2026-07-20,2026-07-26,MOCK-TA-015,MOCK-L2-015,模拟二级展厅·达曼·01店,二级展厅,DMM,丰田,12,7,月报拆周（非实测周报）,模拟
2026-07-20,2026-07-26,MOCK-TA-015,MOCK-L2-015,模拟二级展厅·达曼·01店,二级展厅,DMM,雷克萨斯,3,7,月报拆周（非实测周报）,模拟
2026-07-20,2026-07-26,MOCK-TA-016,MOCK-L2-016,模拟二级展厅·达曼·02店,二级展厅,DMM,丰田,9,7,月报拆周（非实测周报）,模拟
2026-07-20,2026-07-26,MOCK-TA-017,MOCK-L2-017,模拟二级展厅·达曼·03店,二级展厅,DMM,丰田,13,7,月报拆周（非实测周报）,模拟
2026-07-20,2026-07-26,MOCK-TA-018,MOCK-L2-018,模拟二级展厅·达曼·04店,二级展厅,DMM,丰田,15,7,月报拆周（非实测周报）,模拟
2026-07-20,2026-07-26,MOCK-TD-001,MOCK-D-015,模拟直营·胡拜尔·01店,直营,KHO,丰田,46,7,模拟周报,模拟
2026-07-20,2026-07-26,MOCK-TD-001,MOCK-D-015,模拟直营·胡拜尔·01店,直营,KHO,雷克萨斯,16,7,模拟周报,模拟
2026-07-20,2026-07-26,MOCK-TD-001,MOCK-D-016,模拟直营·胡拜尔·02店,直营,KHO,丰田,38,7,模拟周报,模拟
2026-07-20,2026-07-26,MOCK-TA-019,MOCK-L2-019,模拟二级展厅·胡拜尔·01店,二级展厅,KHO,丰田,14,7,月报拆周（非实测周报）,模拟
2026-07-20,2026-07-26,MOCK-TA-019,MOCK-L2-019,模拟二级展厅·胡拜尔·01店,二级展厅,KHO,雷克萨斯,3,7,月报拆周（非实测周报）,模拟
2026-07-20,2026-07-26,MOCK-TA-020,MOCK-L2-020,模拟二级展厅·胡拜尔·02店,二级展厅,KHO,丰田,13,7,月报拆周（非实测周报）,模拟
2026-07-20,2026-07-26,MOCK-TD-001,MOCK-D-017,模拟直营·麦加·01店,直营,MAK,丰田,34,7,模拟周报,模拟
2026-07-20,2026-07-26,MOCK-TD-001,MOCK-D-017,模拟直营·麦加·01店,直营,MAK,雷克萨斯,11,7,模拟周报,模拟
2026-07-20,2026-07-26,MOCK-TD-001,MOCK-D-018,模拟直营·麦加·02店,直营,MAK,丰田,31,7,模拟周报,模拟
2026-07-20,2026-07-26,MOCK-TA-021,MOCK-L2-021,模拟二级展厅·麦加·01店,二级展厅,MAK,丰田,11,7,月报拆周（非实测周报）,模拟
2026-07-20,2026-07-26,MOCK-TA-021,MOCK-L2-021,模拟二级展厅·麦加·01店,二级展厅,MAK,雷克萨斯,3,7,月报拆周（非实测周报）,模拟
2026-07-20,2026-07-26,MOCK-TA-022,MOCK-L2-022,模拟二级展厅·麦加·02店,二级展厅,MAK,丰田,14,7,月报拆周（非实测周报）,模拟
2026-07-20,2026-07-26,MOCK-TA-023,MOCK-L2-023,模拟二级展厅·麦加·03店,二级展厅,MAK,丰田,9,7,月报拆周（非实测周报）,模拟
2026-07-20,2026-07-26,MOCK-TD-001,MOCK-D-019,模拟直营·麦地那·01店,直营,MED,丰田,44,7,模拟周报,模拟
2026-07-20,2026-07-26,MOCK-TD-001,MOCK-D-019,模拟直营·麦地那·01店,直营,MED,雷克萨斯,14,7,模拟周报,模拟
2026-07-20,2026-07-26,MOCK-TD-001,MOCK-D-020,模拟直营·麦地那·02店,直营,MED,丰田,40,7,模拟周报,模拟
2026-07-20,2026-07-26,MOCK-TA-024,MOCK-L2-024,模拟二级展厅·麦地那·01店,二级展厅,MED,丰田,10,7,月报拆周（非实测周报）,模拟
2026-07-20,2026-07-26,MOCK-TA-024,MOCK-L2-024,模拟二级展厅·麦地那·01店,二级展厅,MED,雷克萨斯,2,7,月报拆周（非实测周报）,模拟
2026-07-20,2026-07-26,MOCK-TA-025,MOCK-L2-025,模拟二级展厅·麦地那·02店,二级展厅,MED,丰田,14,7,月报拆周（非实测周报）,模拟
2026-07-20,2026-07-26,MOCK-TD-001,MOCK-D-021,模拟直营·塔伊夫·01店,直营,TAI,丰田,32,7,模拟周报,模拟
2026-07-20,2026-07-26,MOCK-TA-026,MOCK-L2-026,模拟二级展厅·塔伊夫·01店,二级展厅,TAI,丰田,9,7,月报拆周（非实测周报）,模拟
2026-07-20,2026-07-26,MOCK-TA-027,MOCK-L2-027,模拟二级展厅·塔伊夫·02店,二级展厅,TAI,丰田,12,7,月报拆周（非实测周报）,模拟
2026-07-20,2026-07-26,MOCK-TD-001,MOCK-D-022,模拟直营·哈萨·01店,直营,HOF,丰田,36,7,模拟周报,模拟
2026-07-20,2026-07-26,MOCK-TA-028,MOCK-L2-028,模拟二级展厅·哈萨·01店,二级展厅,HOF,丰田,10,7,月报拆周（非实测周报）,模拟
2026-07-20,2026-07-26,MOCK-TA-029,MOCK-L2-029,模拟二级展厅·哈萨·02店,二级展厅,HOF,丰田,9,7,月报拆周（非实测周报）,模拟
2026-07-20,2026-07-26,MOCK-TD-001,MOCK-D-023,模拟直营·布赖代·01店,直营,BUR,丰田,25,7,模拟周报,模拟
2026-07-20,2026-07-26,MOCK-TD-001,MOCK-D-023,模拟直营·布赖代·01店,直营,BUR,雷克萨斯,9,7,模拟周报,模拟
2026-07-20,2026-07-26,MOCK-TD-001,MOCK-D-024,模拟直营·布赖代·02店,直营,BUR,丰田,32,7,模拟周报,模拟
2026-07-20,2026-07-26,MOCK-TA-030,MOCK-L2-030,模拟二级展厅·布赖代·01店,二级展厅,BUR,丰田,14,7,月报拆周（非实测周报）,模拟
2026-07-20,2026-07-26,MOCK-TA-030,MOCK-L2-030,模拟二级展厅·布赖代·01店,二级展厅,BUR,雷克萨斯,3,7,月报拆周（非实测周报）,模拟
2026-07-20,2026-07-26,MOCK-TA-031,MOCK-L2-031,模拟二级展厅·布赖代·02店,二级展厅,BUR,丰田,11,7,月报拆周（非实测周报）,模拟
2026-07-20,2026-07-26,MOCK-TA-032,MOCK-L2-032,模拟二级展厅·布赖代·03店,二级展厅,BUR,丰田,12,7,月报拆周（非实测周报）,模拟
2026-07-20,2026-07-26,MOCK-TD-001,MOCK-D-025,模拟直营·欧奈宰·01店,直营,UNA,丰田,27,7,模拟周报,模拟
2026-07-20,2026-07-26,MOCK-TA-033,MOCK-L2-033,模拟二级展厅·欧奈宰·01店,二级展厅,UNA,丰田,9,7,月报拆周（非实测周报）,模拟
2026-07-20,2026-07-26,MOCK-TD-001,MOCK-D-026,模拟直营·哈伊勒·01店,直营,HAI,丰田,36,7,模拟周报,模拟
2026-07-20,2026-07-26,MOCK-TA-034,MOCK-L2-034,模拟二级展厅·哈伊勒·01店,二级展厅,HAI,丰田,10,7,月报拆周（非实测周报）,模拟
2026-07-20,2026-07-26,MOCK-TA-035,MOCK-L2-035,模拟二级展厅·哈伊勒·02店,二级展厅,HAI,丰田,9,7,月报拆周（非实测周报）,模拟
2026-07-20,2026-07-26,MOCK-TD-001,MOCK-D-027,模拟直营·塔布克·01店,直营,TAB,丰田,36,7,模拟周报,模拟
2026-07-20,2026-07-26,MOCK-TA-036,MOCK-L2-036,模拟二级展厅·塔布克·01店,二级展厅,TAB,丰田,7,7,月报拆周（非实测周报）,模拟
2026-07-20,2026-07-26,MOCK-TA-037,MOCK-L2-037,模拟二级展厅·塔布克·02店,二级展厅,TAB,丰田,9,7,月报拆周（非实测周报）,模拟
2026-07-20,2026-07-26,MOCK-TD-001,MOCK-D-028,模拟直营·艾卜哈·01店,直营,ABH,丰田,43,7,模拟周报,模拟
2026-07-20,2026-07-26,MOCK-TD-001,MOCK-D-028,模拟直营·艾卜哈·01店,直营,ABH,雷克萨斯,14,7,模拟周报,模拟
2026-07-20,2026-07-26,MOCK-TD-001,MOCK-D-029,模拟直营·艾卜哈·02店,直营,ABH,丰田,34,7,模拟周报,模拟
2026-07-20,2026-07-26,MOCK-TA-038,MOCK-L2-038,模拟二级展厅·艾卜哈·01店,二级展厅,ABH,丰田,10,7,月报拆周（非实测周报）,模拟
2026-07-20,2026-07-26,MOCK-TA-038,MOCK-L2-038,模拟二级展厅·艾卜哈·01店,二级展厅,ABH,雷克萨斯,3,7,月报拆周（非实测周报）,模拟
2026-07-20,2026-07-26,MOCK-TA-039,MOCK-L2-039,模拟二级展厅·艾卜哈·02店,二级展厅,ABH,丰田,12,7,月报拆周（非实测周报）,模拟
2026-07-20,2026-07-26,MOCK-TD-001,MOCK-D-030,模拟直营·海米斯穆谢特·01店,直营,KHM,丰田,26,7,模拟周报,模拟
2026-07-20,2026-07-26,MOCK-TA-040,MOCK-L2-040,模拟二级展厅·海米斯穆谢特·01店,二级展厅,KHM,丰田,11,7,月报拆周（非实测周报）,模拟
2026-07-20,2026-07-26,MOCK-TD-001,MOCK-D-031,模拟直营·吉赞·01店,直营,JAZ,丰田,26,7,模拟周报,模拟
2026-07-20,2026-07-26,MOCK-TA-041,MOCK-L2-041,模拟二级展厅·吉赞·01店,二级展厅,JAZ,丰田,11,7,月报拆周（非实测周报）,模拟
2026-07-20,2026-07-26,MOCK-TA-042,MOCK-L2-042,模拟二级展厅·吉赞·02店,二级展厅,JAZ,丰田,11,7,月报拆周（非实测周报）,模拟
2026-07-20,2026-07-26,MOCK-TD-001,MOCK-D-032,模拟直营·奈季兰·01店,直营,NAJ,丰田,24,7,模拟周报,模拟
2026-07-20,2026-07-26,MOCK-TA-043,MOCK-L2-043,模拟二级展厅·奈季兰·01店,二级展厅,NAJ,丰田,9,7,月报拆周（非实测周报）,模拟
2026-07-20,2026-07-26,MOCK-TD-001,MOCK-D-033,模拟直营·延布·01店,直营,YAN,丰田,25,7,模拟周报,模拟
2026-07-20,2026-07-26,MOCK-TA-044,MOCK-L2-044,模拟二级展厅·延布·01店,二级展厅,YAN,丰田,11,7,月报拆周（非实测周报）,模拟
2026-07-20,2026-07-26,MOCK-TD-001,MOCK-D-034,模拟直营·朱拜勒·01店,直营,JUB,丰田,30,7,模拟周报,模拟
2026-07-20,2026-07-26,MOCK-TA-045,MOCK-L2-045,模拟二级展厅·朱拜勒·01店,二级展厅,JUB,丰田,9,7,月报拆周（非实测周报）,模拟
