月份,交易身份编码,门店编码,门店名称,客户类型,城市编码,品牌,月销量(台),月天数,折算周均销量(台),数据性质
2025-01,MOCK-TD-001,MOCK-D-001,模拟直营·利雅得·01店,直营,RUH,丰田,623,31,140.6774,模拟
2025-01,MOCK-TD-001,MOCK-D-002,模拟直营·利雅得·02店,直营,RUH,丰田,398,31,89.871,模拟
2025-01,MOCK-TD-001,MOCK-D-003,模拟直营·利雅得·03店,直营,RUH,丰田,459,31,103.6452,模拟
2025-01,MOCK-TD-001,MOCK-D-004,模拟直营·利雅得·04店,直营,RUH,丰田,468,31,105.6774,模拟
2025-01,MOCK-TD-001,MOCK-D-005,模拟直营·利雅得·05店,直营,RUH,丰田,432,31,97.5484,模拟
2025-01,MOCK-TD-001,MOCK-D-006,模拟直营·利雅得·06店,直营,RUH,丰田,398,31,89.871,模拟
2025-01,MOCK-TD-001,MOCK-D-007,模拟直营·吉达·01店,直营,JED,丰田,520,31,117.4194,模拟
2025-01,MOCK-TD-001,MOCK-D-008,模拟直营·吉达·02店,直营,JED,丰田,505,31,114.0323,模拟
2025-01,MOCK-TD-001,MOCK-D-009,模拟直营·吉达·03店,直营,JED,丰田,561,31,126.6774,模拟
2025-01,MOCK-TD-001,MOCK-D-010,模拟直营·吉达·04店,直营,JED,丰田,524,31,118.3226,模拟
2025-01,MOCK-TD-001,MOCK-D-011,模拟直营·吉达·05店,直营,JED,丰田,410,31,92.5806,模拟
2025-01,MOCK-TD-001,MOCK-D-012,模拟直营·达曼·01店,直营,DMM,丰田,431,31,97.3226,模拟
2025-01,MOCK-TD-001,MOCK-D-013,模拟直营·达曼·02店,直营,DMM,丰田,389,31,87.8387,模拟
2025-01,MOCK-TD-001,MOCK-D-014,模拟直营·达曼·03店,直营,DMM,丰田,404,31,91.2258,模拟
2025-01,MOCK-TD-001,MOCK-D-015,模拟直营·胡拜尔·01店,直营,KHO,丰田,516,31,116.5161,模拟
2025-01,MOCK-TD-001,MOCK-D-016,模拟直营·胡拜尔·02店,直营,KHO,丰田,413,31,93.2581,模拟
2025-01,MOCK-TD-001,MOCK-D-017,模拟直营·麦加·01店,直营,MAK,丰田,339,31,76.5484,模拟
2025-01,MOCK-TD-001,MOCK-D-018,模拟直营·麦加·02店,直营,MAK,丰田,310,31,70,模拟
2025-01,MOCK-TD-001,MOCK-D-019,模拟直营·麦地那·01店,直营,MED,丰田,405,31,91.4516,模拟
2025-01,MOCK-TD-001,MOCK-D-020,模拟直营·麦地那·02店,直营,MED,丰田,380,31,85.8065,模拟
2025-01,MOCK-TD-001,MOCK-D-021,模拟直营·塔伊夫·01店,直营,TAI,丰田,305,31,68.871,模拟
2025-01,MOCK-TD-001,MOCK-D-022,模拟直营·哈萨·01店,直营,HOF,丰田,443,31,100.0323,模拟
2025-01,MOCK-TD-001,MOCK-D-023,模拟直营·布赖代·01店,直营,BUR,丰田,293,31,66.1613,模拟
2025-01,MOCK-TD-001,MOCK-D-024,模拟直营·布赖代·02店,直营,BUR,丰田,377,31,85.129,模拟
2025-01,MOCK-TD-001,MOCK-D-025,模拟直营·欧奈宰·01店,直营,UNA,丰田,343,31,77.4516,模拟
2025-01,MOCK-TD-001,MOCK-D-026,模拟直营·哈伊勒·01店,直营,HAI,丰田,361,31,81.5161,模拟
2025-01,MOCK-TD-001,MOCK-D-027,模拟直营·塔布克·01店,直营,TAB,丰田,361,31,81.5161,模拟
2025-01,MOCK-TD-001,MOCK-D-028,模拟直营·艾卜哈·01店,直营,ABH,丰田,387,31,87.3871,模拟
2025-01,MOCK-TD-001,MOCK-D-029,模拟直营·艾卜哈·02店,直营,ABH,丰田,287,31,64.8065,模拟
2025-01,MOCK-TD-001,MOCK-D-030,模拟直营·海米斯穆谢特·01店,直营,KHM,丰田,280,31,63.2258,模拟
2025-01,MOCK-TD-001,MOCK-D-031,模拟直营·吉赞·01店,直营,JAZ,丰田,272,31,61.4194,模拟
2025-01,MOCK-TD-001,MOCK-D-032,模拟直营·奈季兰·01店,直营,NAJ,丰田,311,31,70.2258,模拟
2025-01,MOCK-TD-001,MOCK-D-033,模拟直营·延布·01店,直营,YAN,丰田,300,31,67.7419,模拟
2025-01,MOCK-TD-001,MOCK-D-034,模拟直营·朱拜勒·01店,直营,JUB,丰田,346,31,78.129,模拟
2025-01,MOCK-TA-001,MOCK-L2-001,模拟二级展厅·利雅得·01店,二级展厅,RUH,丰田,165,31,37.2581,模拟
2025-01,MOCK-TA-002,MOCK-L2-002,模拟二级展厅·利雅得·02店,二级展厅,RUH,丰田,127,31,28.6774,模拟
2025-01,MOCK-TA-003,MOCK-L2-003,模拟二级展厅·利雅得·03店,二级展厅,RUH,丰田,146,31,32.9677,模拟
2025-01,MOCK-TA-004,MOCK-L2-004,模拟二级展厅·利雅得·04店,二级展厅,RUH,丰田,171,31,38.6129,模拟
2025-01,MOCK-TA-005,MOCK-L2-005,模拟二级展厅·利雅得·05店,二级展厅,RUH,丰田,122,31,27.5484,模拟
2025-01,MOCK-TA-006,MOCK-L2-006,模拟二级展厅·利雅得·06店,二级展厅,RUH,丰田,177,31,39.9677,模拟
2025-01,MOCK-TA-007,MOCK-L2-007,模拟二级展厅·利雅得·07店,二级展厅,RUH,丰田,138,31,31.1613,模拟
2025-01,MOCK-TA-008,MOCK-L2-008,模拟二级展厅·利雅得·08店,二级展厅,RUH,丰田,152,31,34.3226,模拟
2025-01,MOCK-TA-009,MOCK-L2-009,模拟二级展厅·吉达·01店,二级展厅,JED,丰田,151,31,34.0968,模拟
2025-01,MOCK-TA-010,MOCK-L2-010,模拟二级展厅·吉达·02店,二级展厅,JED,丰田,202,31,45.6129,模拟
2025-01,MOCK-TA-011,MOCK-L2-011,模拟二级展厅·吉达·03店,二级展厅,JED,丰田,143,31,32.2903,模拟
2025-01,MOCK-TA-012,MOCK-L2-012,模拟二级展厅·吉达·04店,二级展厅,JED,丰田,151,31,34.0968,模拟
2025-01,MOCK-TA-013,MOCK-L2-013,模拟二级展厅·吉达·05店,二级展厅,JED,丰田,173,31,39.0645,模拟
2025-01,MOCK-TA-014,MOCK-L2-014,模拟二级展厅·吉达·06店,二级展厅,JED,丰田,146,31,32.9677,模拟
2025-01,MOCK-TA-015,MOCK-L2-015,模拟二级展厅·达曼·01店,二级展厅,DMM,丰田,136,31,30.7097,模拟
2025-01,MOCK-TA-016,MOCK-L2-016,模拟二级展厅·达曼·02店,二级展厅,DMM,丰田,110,31,24.8387,模拟
2025-01,MOCK-TA-017,MOCK-L2-017,模拟二级展厅·达曼·03店,二级展厅,DMM,丰田,140,31,31.6129,模拟
2025-01,MOCK-TA-018,MOCK-L2-018,模拟二级展厅·达曼·04店,二级展厅,DMM,丰田,164,31,37.0323,模拟
2025-01,MOCK-TA-019,MOCK-L2-019,模拟二级展厅·胡拜尔·01店,二级展厅,KHO,丰田,127,31,28.6774,模拟
2025-01,MOCK-TA-020,MOCK-L2-020,模拟二级展厅·胡拜尔·02店,二级展厅,KHO,丰田,142,31,32.0645,模拟
2025-01,MOCK-TA-021,MOCK-L2-021,模拟二级展厅·麦加·01店,二级展厅,MAK,丰田,127,31,28.6774,模拟
2025-01,MOCK-TA-022,MOCK-L2-022,模拟二级展厅·麦加·02店,二级展厅,MAK,丰田,139,31,31.3871,模拟
2025-01,MOCK-TA-023,MOCK-L2-023,模拟二级展厅·麦加·03店,二级展厅,MAK,丰田,131,31,29.5806,模拟
2025-01,MOCK-TA-024,MOCK-L2-024,模拟二级展厅·麦地那·01店,二级展厅,MED,丰田,121,31,27.3226,模拟
2025-01,MOCK-TA-025,MOCK-L2-025,模拟二级展厅·麦地那·02店,二级展厅,MED,丰田,144,31,32.5161,模拟
2025-01,MOCK-TA-026,MOCK-L2-026,模拟二级展厅·塔伊夫·01店,二级展厅,TAI,丰田,90,31,20.3226,模拟
2025-01,MOCK-TA-027,MOCK-L2-027,模拟二级展厅·塔伊夫·02店,二级展厅,TAI,丰田,102,31,23.0323,模拟
2025-01,MOCK-TA-028,MOCK-L2-028,模拟二级展厅·哈萨·01店,二级展厅,HOF,丰田,116,31,26.1935,模拟
2025-01,MOCK-TA-029,MOCK-L2-029,模拟二级展厅·哈萨·02店,二级展厅,HOF,丰田,96,31,21.6774,模拟
2025-01,MOCK-TA-030,MOCK-L2-030,模拟二级展厅·布赖代·01店,二级展厅,BUR,丰田,138,31,31.1613,模拟
2025-01,MOCK-TA-031,MOCK-L2-031,模拟二级展厅·布赖代·02店,二级展厅,BUR,丰田,113,31,25.5161,模拟
2025-01,MOCK-TA-032,MOCK-L2-032,模拟二级展厅·布赖代·03店,二级展厅,BUR,丰田,133,31,30.0323,模拟
2025-01,MOCK-TA-033,MOCK-L2-033,模拟二级展厅·欧奈宰·01店,二级展厅,UNA,丰田,103,31,23.2581,模拟
2025-01,MOCK-TA-034,MOCK-L2-034,模拟二级展厅·哈伊勒·01店,二级展厅,HAI,丰田,107,31,24.1613,模拟
2025-01,MOCK-TA-035,MOCK-L2-035,模拟二级展厅·哈伊勒·02店,二级展厅,HAI,丰田,78,31,17.6129,模拟
2025-01,MOCK-TA-036,MOCK-L2-036,模拟二级展厅·塔布克·01店,二级展厅,TAB,丰田,88,31,19.871,模拟
2025-01,MOCK-TA-037,MOCK-L2-037,模拟二级展厅·塔布克·02店,二级展厅,TAB,丰田,80,31,18.0645,模拟
2025-01,MOCK-TA-038,MOCK-L2-038,模拟二级展厅·艾卜哈·01店,二级展厅,ABH,丰田,102,31,23.0323,模拟
2025-01,MOCK-TA-039,MOCK-L2-039,模拟二级展厅·艾卜哈·02店,二级展厅,ABH,丰田,127,31,28.6774,模拟
2025-01,MOCK-TA-040,MOCK-L2-040,模拟二级展厅·海米斯穆谢特·01店,二级展厅,KHM,丰田,119,31,26.871,模拟
2025-01,MOCK-TA-041,MOCK-L2-041,模拟二级展厅·吉赞·01店,二级展厅,JAZ,丰田,125,31,28.2258,模拟
2025-01,MOCK-TA-042,MOCK-L2-042,模拟二级展厅·吉赞·02店,二级展厅,JAZ,丰田,117,31,26.4194,模拟
2025-01,MOCK-TA-043,MOCK-L2-043,模拟二级展厅·奈季兰·01店,二级展厅,NAJ,丰田,100,31,22.5806,模拟
2025-01,MOCK-TA-044,MOCK-L2-044,模拟二级展厅·延布·01店,二级展厅,YAN,丰田,122,31,27.5484,模拟
2025-01,MOCK-TA-045,MOCK-L2-045,模拟二级展厅·朱拜勒·01店,二级展厅,JUB,丰田,106,31,23.9355,模拟
2025-01,MOCK-TD-001,MOCK-D-001,模拟直营·利雅得·01店,直营,RUH,雷克萨斯,135,31,30.4839,模拟
2025-01,MOCK-TD-001,MOCK-D-002,模拟直营·利雅得·02店,直营,RUH,雷克萨斯,89,31,20.0968,模拟
2025-01,MOCK-TD-001,MOCK-D-003,模拟直营·利雅得·03店,直营,RUH,雷克萨斯,103,31,23.2581,模拟
2025-01,MOCK-TD-001,MOCK-D-007,模拟直营·吉达·01店,直营,JED,雷克萨斯,121,31,27.3226,模拟
2025-01,MOCK-TD-001,MOCK-D-008,模拟直营·吉达·02店,直营,JED,雷克萨斯,135,31,30.4839,模拟
2025-01,MOCK-TD-001,MOCK-D-009,模拟直营·吉达·03店,直营,JED,雷克萨斯,118,31,26.6452,模拟
2025-01,MOCK-TD-001,MOCK-D-012,模拟直营·达曼·01店,直营,DMM,雷克萨斯,107,31,24.1613,模拟
2025-01,MOCK-TD-001,MOCK-D-015,模拟直营·胡拜尔·01店,直营,KHO,雷克萨斯,117,31,26.4194,模拟
2025-01,MOCK-TD-001,MOCK-D-017,模拟直营·麦加·01店,直营,MAK,雷克萨斯,75,31,16.9355,模拟
2025-01,MOCK-TD-001,MOCK-D-019,模拟直营·麦地那·01店,直营,MED,雷克萨斯,95,31,21.4516,模拟
2025-01,MOCK-TD-001,MOCK-D-023,模拟直营·布赖代·01店,直营,BUR,雷克萨斯,61,31,13.7742,模拟
2025-01,MOCK-TD-001,MOCK-D-028,模拟直营·艾卜哈·01店,直营,ABH,雷克萨斯,93,31,21,模拟
2025-01,MOCK-TA-001,MOCK-L2-001,模拟二级展厅·利雅得·01店,二级展厅,RUH,雷克萨斯,20,31,4.5161,模拟
2025-01,MOCK-TA-009,MOCK-L2-009,模拟二级展厅·吉达·01店,二级展厅,JED,雷克萨斯,21,31,4.7419,模拟
2025-01,MOCK-TA-015,MOCK-L2-015,模拟二级展厅·达曼·01店,二级展厅,DMM,雷克萨斯,17,31,3.8387,模拟
2025-01,MOCK-TA-019,MOCK-L2-019,模拟二级展厅·胡拜尔·01店,二级展厅,KHO,雷克萨斯,18,31,4.0645,模拟
2025-01,MOCK-TA-021,MOCK-L2-021,模拟二级展厅·麦加·01店,二级展厅,MAK,雷克萨斯,16,31,3.6129,模拟
2025-01,MOCK-TA-024,MOCK-L2-024,模拟二级展厅·麦地那·01店,二级展厅,MED,雷克萨斯,15,31,3.3871,模拟
2025-01,MOCK-TA-030,MOCK-L2-030,模拟二级展厅·布赖代·01店,二级展厅,BUR,雷克萨斯,17,31,3.8387,模拟
2025-01,MOCK-TA-038,MOCK-L2-038,模拟二级展厅·艾卜哈·01店,二级展厅,ABH,雷克萨斯,15,31,3.3871,模拟
2025-02,MOCK-TD-001,MOCK-D-001,模拟直营·利雅得·01店,直营,RUH,丰田,667,28,166.75,模拟
2025-02,MOCK-TD-001,MOCK-D-002,模拟直营·利雅得·02店,直营,RUH,丰田,421,28,105.25,模拟
2025-02,MOCK-TD-001,MOCK-D-003,模拟直营·利雅得·03店,直营,RUH,丰田,408,28,102,模拟
2025-02,MOCK-TD-001,MOCK-D-004,模拟直营·利雅得·04店,直营,RUH,丰田,456,28,114,模拟
2025-02,MOCK-TD-001,MOCK-D-005,模拟直营·利雅得·05店,直营,RUH,丰田,435,28,108.75,模拟
2025-02,MOCK-TD-001,MOCK-D-006,模拟直营·利雅得·06店,直营,RUH,丰田,415,28,103.75,模拟
2025-02,MOCK-TD-001,MOCK-D-007,模拟直营·吉达·01店,直营,JED,丰田,457,28,114.25,模拟
2025-02,MOCK-TD-001,MOCK-D-008,模拟直营·吉达·02店,直营,JED,丰田,568,28,142,模拟
2025-02,MOCK-TD-001,MOCK-D-009,模拟直营·吉达·03店,直营,JED,丰田,454,28,113.5,模拟
2025-02,MOCK-TD-001,MOCK-D-010,模拟直营·吉达·04店,直营,JED,丰田,482,28,120.5,模拟
2025-02,MOCK-TD-001,MOCK-D-011,模拟直营·吉达·05店,直营,JED,丰田,367,28,91.75,模拟
2025-02,MOCK-TD-001,MOCK-D-012,模拟直营·达曼·01店,直营,DMM,丰田,469,28,117.25,模拟
2025-02,MOCK-TD-001,MOCK-D-013,模拟直营·达曼·02店,直营,DMM,丰田,438,28,109.5,模拟
2025-02,MOCK-TD-001,MOCK-D-014,模拟直营·达曼·03店,直营,DMM,丰田,383,28,95.75,模拟
2025-02,MOCK-TD-001,MOCK-D-015,模拟直营·胡拜尔·01店,直营,KHO,丰田,529,28,132.25,模拟
2025-02,MOCK-TD-001,MOCK-D-016,模拟直营·胡拜尔·02店,直营,KHO,丰田,433,28,108.25,模拟
2025-02,MOCK-TD-001,MOCK-D-017,模拟直营·麦加·01店,直营,MAK,丰田,390,28,97.5,模拟
2025-02,MOCK-TD-001,MOCK-D-018,模拟直营·麦加·02店,直营,MAK,丰田,313,28,78.25,模拟
2025-02,MOCK-TD-001,MOCK-D-019,模拟直营·麦地那·01店,直营,MED,丰田,437,28,109.25,模拟
2025-02,MOCK-TD-001,MOCK-D-020,模拟直营·麦地那·02店,直营,MED,丰田,358,28,89.5,模拟
2025-02,MOCK-TD-001,MOCK-D-021,模拟直营·塔伊夫·01店,直营,TAI,丰田,296,28,74,模拟
2025-02,MOCK-TD-001,MOCK-D-022,模拟直营·哈萨·01店,直营,HOF,丰田,372,28,93,模拟
2025-02,MOCK-TD-001,MOCK-D-023,模拟直营·布赖代·01店,直营,BUR,丰田,269,28,67.25,模拟
2025-02,MOCK-TD-001,MOCK-D-024,模拟直营·布赖代·02店,直营,BUR,丰田,353,28,88.25,模拟
2025-02,MOCK-TD-001,MOCK-D-025,模拟直营·欧奈宰·01店,直营,UNA,丰田,296,28,74,模拟
2025-02,MOCK-TD-001,MOCK-D-026,模拟直营·哈伊勒·01店,直营,HAI,丰田,390,28,97.5,模拟
2025-02,MOCK-TD-001,MOCK-D-027,模拟直营·塔布克·01店,直营,TAB,丰田,376,28,94,模拟
2025-02,MOCK-TD-001,MOCK-D-028,模拟直营·艾卜哈·01店,直营,ABH,丰田,367,28,91.75,模拟
2025-02,MOCK-TD-001,MOCK-D-029,模拟直营·艾卜哈·02店,直营,ABH,丰田,319,28,79.75,模拟
2025-02,MOCK-TD-001,MOCK-D-030,模拟直营·海米斯穆谢特·01店,直营,KHM,丰田,244,28,61,模拟
2025-02,MOCK-TD-001,MOCK-D-031,模拟直营·吉赞·01店,直营,JAZ,丰田,272,28,68,模拟
2025-02,MOCK-TD-001,MOCK-D-032,模拟直营·奈季兰·01店,直营,NAJ,丰田,256,28,64,模拟
2025-02,MOCK-TD-001,MOCK-D-033,模拟直营·延布·01店,直营,YAN,丰田,247,28,61.75,模拟
2025-02,MOCK-TD-001,MOCK-D-034,模拟直营·朱拜勒·01店,直营,JUB,丰田,339,28,84.75,模拟
2025-02,MOCK-TA-001,MOCK-L2-001,模拟二级展厅·利雅得·01店,二级展厅,RUH,丰田,151,28,37.75,模拟
2025-02,MOCK-TA-002,MOCK-L2-002,模拟二级展厅·利雅得·02店,二级展厅,RUH,丰田,129,28,32.25,模拟
2025-02,MOCK-TA-003,MOCK-L2-003,模拟二级展厅·利雅得·03店,二级展厅,RUH,丰田,145,28,36.25,模拟
2025-02,MOCK-TA-004,MOCK-L2-004,模拟二级展厅·利雅得·04店,二级展厅,RUH,丰田,189,28,47.25,模拟
2025-02,MOCK-TA-005,MOCK-L2-005,模拟二级展厅·利雅得·05店,二级展厅,RUH,丰田,127,28,31.75,模拟
2025-02,MOCK-TA-006,MOCK-L2-006,模拟二级展厅·利雅得·06店,二级展厅,RUH,丰田,184,28,46,模拟
2025-02,MOCK-TA-007,MOCK-L2-007,模拟二级展厅·利雅得·07店,二级展厅,RUH,丰田,129,28,32.25,模拟
2025-02,MOCK-TA-008,MOCK-L2-008,模拟二级展厅·利雅得·08店,二级展厅,RUH,丰田,144,28,36,模拟
2025-02,MOCK-TA-009,MOCK-L2-009,模拟二级展厅·吉达·01店,二级展厅,JED,丰田,126,28,31.5,模拟
2025-02,MOCK-TA-010,MOCK-L2-010,模拟二级展厅·吉达·02店,二级展厅,JED,丰田,176,28,44,模拟
2025-02,MOCK-TA-011,MOCK-L2-011,模拟二级展厅·吉达·03店,二级展厅,JED,丰田,148,28,37,模拟
2025-02,MOCK-TA-012,MOCK-L2-012,模拟二级展厅·吉达·04店,二级展厅,JED,丰田,143,28,35.75,模拟
2025-02,MOCK-TA-013,MOCK-L2-013,模拟二级展厅·吉达·05店,二级展厅,JED,丰田,154,28,38.5,模拟
2025-02,MOCK-TA-014,MOCK-L2-014,模拟二级展厅·吉达·06店,二级展厅,JED,丰田,146,28,36.5,模拟
2025-02,MOCK-TA-015,MOCK-L2-015,模拟二级展厅·达曼·01店,二级展厅,DMM,丰田,113,28,28.25,模拟
2025-02,MOCK-TA-016,MOCK-L2-016,模拟二级展厅·达曼·02店,二级展厅,DMM,丰田,119,28,29.75,模拟
2025-02,MOCK-TA-017,MOCK-L2-017,模拟二级展厅·达曼·03店,二级展厅,DMM,丰田,151,28,37.75,模拟
2025-02,MOCK-TA-018,MOCK-L2-018,模拟二级展厅·达曼·04店,二级展厅,DMM,丰田,137,28,34.25,模拟
2025-02,MOCK-TA-019,MOCK-L2-019,模拟二级展厅·胡拜尔·01店,二级展厅,KHO,丰田,139,28,34.75,模拟
2025-02,MOCK-TA-020,MOCK-L2-020,模拟二级展厅·胡拜尔·02店,二级展厅,KHO,丰田,135,28,33.75,模拟
2025-02,MOCK-TA-021,MOCK-L2-021,模拟二级展厅·麦加·01店,二级展厅,MAK,丰田,122,28,30.5,模拟
2025-02,MOCK-TA-022,MOCK-L2-022,模拟二级展厅·麦加·02店,二级展厅,MAK,丰田,140,28,35,模拟
2025-02,MOCK-TA-023,MOCK-L2-023,模拟二级展厅·麦加·03店,二级展厅,MAK,丰田,113,28,28.25,模拟
2025-02,MOCK-TA-024,MOCK-L2-024,模拟二级展厅·麦地那·01店,二级展厅,MED,丰田,116,28,29,模拟
2025-02,MOCK-TA-025,MOCK-L2-025,模拟二级展厅·麦地那·02店,二级展厅,MED,丰田,128,28,32,模拟
2025-02,MOCK-TA-026,MOCK-L2-026,模拟二级展厅·塔伊夫·01店,二级展厅,TAI,丰田,106,28,26.5,模拟
2025-02,MOCK-TA-027,MOCK-L2-027,模拟二级展厅·塔伊夫·02店,二级展厅,TAI,丰田,125,28,31.25,模拟
2025-02,MOCK-TA-028,MOCK-L2-028,模拟二级展厅·哈萨·01店,二级展厅,HOF,丰田,113,28,28.25,模拟
2025-02,MOCK-TA-029,MOCK-L2-029,模拟二级展厅·哈萨·02店,二级展厅,HOF,丰田,104,28,26,模拟
2025-02,MOCK-TA-030,MOCK-L2-030,模拟二级展厅·布赖代·01店,二级展厅,BUR,丰田,132,28,33,模拟
2025-02,MOCK-TA-031,MOCK-L2-031,模拟二级展厅·布赖代·02店,二级展厅,BUR,丰田,134,28,33.5,模拟
2025-02,MOCK-TA-032,MOCK-L2-032,模拟二级展厅·布赖代·03店,二级展厅,BUR,丰田,131,28,32.75,模拟
2025-02,MOCK-TA-033,MOCK-L2-033,模拟二级展厅·欧奈宰·01店,二级展厅,UNA,丰田,94,28,23.5,模拟
2025-02,MOCK-TA-034,MOCK-L2-034,模拟二级展厅·哈伊勒·01店,二级展厅,HAI,丰田,102,28,25.5,模拟
2025-02,MOCK-TA-035,MOCK-L2-035,模拟二级展厅·哈伊勒·02店,二级展厅,HAI,丰田,93,28,23.25,模拟
2025-02,MOCK-TA-036,MOCK-L2-036,模拟二级展厅·塔布克·01店,二级展厅,TAB,丰田,89,28,22.25,模拟
2025-02,MOCK-TA-037,MOCK-L2-037,模拟二级展厅·塔布克·02店,二级展厅,TAB,丰田,83,28,20.75,模拟
2025-02,MOCK-TA-038,MOCK-L2-038,模拟二级展厅·艾卜哈·01店,二级展厅,ABH,丰田,96,28,24,模拟
2025-02,MOCK-TA-039,MOCK-L2-039,模拟二级展厅·艾卜哈·02店,二级展厅,ABH,丰田,118,28,29.5,模拟
2025-02,MOCK-TA-040,MOCK-L2-040,模拟二级展厅·海米斯穆谢特·01店,二级展厅,KHM,丰田,99,28,24.75,模拟
2025-02,MOCK-TA-041,MOCK-L2-041,模拟二级展厅·吉赞·01店,二级展厅,JAZ,丰田,133,28,33.25,模拟
2025-02,MOCK-TA-042,MOCK-L2-042,模拟二级展厅·吉赞·02店,二级展厅,JAZ,丰田,124,28,31,模拟
2025-02,MOCK-TA-043,MOCK-L2-043,模拟二级展厅·奈季兰·01店,二级展厅,NAJ,丰田,98,28,24.5,模拟
2025-02,MOCK-TA-044,MOCK-L2-044,模拟二级展厅·延布·01店,二级展厅,YAN,丰田,107,28,26.75,模拟
2025-02,MOCK-TA-045,MOCK-L2-045,模拟二级展厅·朱拜勒·01店,二级展厅,JUB,丰田,105,28,26.25,模拟
2025-02,MOCK-TD-001,MOCK-D-001,模拟直营·利雅得·01店,直营,RUH,雷克萨斯,125,28,31.25,模拟
2025-02,MOCK-TD-001,MOCK-D-002,模拟直营·利雅得·02店,直营,RUH,雷克萨斯,106,28,26.5,模拟
2025-02,MOCK-TD-001,MOCK-D-003,模拟直营·利雅得·03店,直营,RUH,雷克萨斯,97,28,24.25,模拟
2025-02,MOCK-TD-001,MOCK-D-007,模拟直营·吉达·01店,直营,JED,雷克萨斯,101,28,25.25,模拟
2025-02,MOCK-TD-001,MOCK-D-008,模拟直营·吉达·02店,直营,JED,雷克萨斯,139,28,34.75,模拟
2025-02,MOCK-TD-001,MOCK-D-009,模拟直营·吉达·03店,直营,JED,雷克萨斯,109,28,27.25,模拟
2025-02,MOCK-TD-001,MOCK-D-012,模拟直营·达曼·01店,直营,DMM,雷克萨斯,90,28,22.5,模拟
2025-02,MOCK-TD-001,MOCK-D-015,模拟直营·胡拜尔·01店,直营,KHO,雷克萨斯,120,28,30,模拟
2025-02,MOCK-TD-001,MOCK-D-017,模拟直营·麦加·01店,直营,MAK,雷克萨斯,80,28,20,模拟
2025-02,MOCK-TD-001,MOCK-D-019,模拟直营·麦地那·01店,直营,MED,雷克萨斯,114,28,28.5,模拟
2025-02,MOCK-TD-001,MOCK-D-023,模拟直营·布赖代·01店,直营,BUR,雷克萨斯,74,28,18.5,模拟
2025-02,MOCK-TD-001,MOCK-D-028,模拟直营·艾卜哈·01店,直营,ABH,雷克萨斯,94,28,23.5,模拟
2025-02,MOCK-TA-001,MOCK-L2-001,模拟二级展厅·利雅得·01店,二级展厅,RUH,雷克萨斯,18,28,4.5,模拟
2025-02,MOCK-TA-009,MOCK-L2-009,模拟二级展厅·吉达·01店,二级展厅,JED,雷克萨斯,19,28,4.75,模拟
2025-02,MOCK-TA-015,MOCK-L2-015,模拟二级展厅·达曼·01店,二级展厅,DMM,雷克萨斯,16,28,4,模拟
2025-02,MOCK-TA-019,MOCK-L2-019,模拟二级展厅·胡拜尔·01店,二级展厅,KHO,雷克萨斯,19,28,4.75,模拟
2025-02,MOCK-TA-021,MOCK-L2-021,模拟二级展厅·麦加·01店,二级展厅,MAK,雷克萨斯,16,28,4,模拟
2025-02,MOCK-TA-024,MOCK-L2-024,模拟二级展厅·麦地那·01店,二级展厅,MED,雷克萨斯,15,28,3.75,模拟
2025-02,MOCK-TA-030,MOCK-L2-030,模拟二级展厅·布赖代·01店,二级展厅,BUR,雷克萨斯,21,28,5.25,模拟
2025-02,MOCK-TA-038,MOCK-L2-038,模拟二级展厅·艾卜哈·01店,二级展厅,ABH,雷克萨斯,15,28,3.75,模拟
2025-03,MOCK-TD-001,MOCK-D-001,模拟直营·利雅得·01店,直营,RUH,丰田,576,31,130.0645,模拟
2025-03,MOCK-TD-001,MOCK-D-002,模拟直营·利雅得·02店,直营,RUH,丰田,424,31,95.7419,模拟
2025-03,MOCK-TD-001,MOCK-D-003,模拟直营·利雅得·03店,直营,RUH,丰田,387,31,87.3871,模拟
2025-03,MOCK-TD-001,MOCK-D-004,模拟直营·利雅得·04店,直营,RUH,丰田,416,31,93.9355,模拟
2025-03,MOCK-TD-001,MOCK-D-005,模拟直营·利雅得·05店,直营,RUH,丰田,370,31,83.5484,模拟
2025-03,MOCK-TD-001,MOCK-D-006,模拟直营·利雅得·06店,直营,RUH,丰田,355,31,80.1613,模拟
2025-03,MOCK-TD-001,MOCK-D-007,模拟直营·吉达·01店,直营,JED,丰田,407,31,91.9032,模拟
2025-03,MOCK-TD-001,MOCK-D-008,模拟直营·吉达·02店,直营,JED,丰田,466,31,105.2258,模拟
2025-03,MOCK-TD-001,MOCK-D-009,模拟直营·吉达·03店,直营,JED,丰田,467,31,105.4516,模拟
2025-03,MOCK-TD-001,MOCK-D-010,模拟直营·吉达·04店,直营,JED,丰田,479,31,108.1613,模拟
2025-03,MOCK-TD-001,MOCK-D-011,模拟直营·吉达·05店,直营,JED,丰田,343,31,77.4516,模拟
2025-03,MOCK-TD-001,MOCK-D-012,模拟直营·达曼·01店,直营,DMM,丰田,413,31,93.2581,模拟
2025-03,MOCK-TD-001,MOCK-D-013,模拟直营·达曼·02店,直营,DMM,丰田,430,31,97.0968,模拟
2025-03,MOCK-TD-001,MOCK-D-014,模拟直营·达曼·03店,直营,DMM,丰田,338,31,76.3226,模拟
2025-03,MOCK-TD-001,MOCK-D-015,模拟直营·胡拜尔·01店,直营,KHO,丰田,450,31,101.6129,模拟
2025-03,MOCK-TD-001,MOCK-D-016,模拟直营·胡拜尔·02店,直营,KHO,丰田,405,31,91.4516,模拟
2025-03,MOCK-TD-001,MOCK-D-017,模拟直营·麦加·01店,直营,MAK,丰田,356,31,80.3871,模拟
2025-03,MOCK-TD-001,MOCK-D-018,模拟直营·麦加·02店,直营,MAK,丰田,331,31,74.7419,模拟
2025-03,MOCK-TD-001,MOCK-D-019,模拟直营·麦地那·01店,直营,MED,丰田,444,31,100.2581,模拟
2025-03,MOCK-TD-001,MOCK-D-020,模拟直营·麦地那·02店,直营,MED,丰田,388,31,87.6129,模拟
2025-03,MOCK-TD-001,MOCK-D-021,模拟直营·塔伊夫·01店,直营,TAI,丰田,317,31,71.5806,模拟
2025-03,MOCK-TD-001,MOCK-D-022,模拟直营·哈萨·01店,直营,HOF,丰田,391,31,88.2903,模拟
2025-03,MOCK-TD-001,MOCK-D-023,模拟直营·布赖代·01店,直营,BUR,丰田,294,31,66.3871,模拟
2025-03,MOCK-TD-001,MOCK-D-024,模拟直营·布赖代·02店,直营,BUR,丰田,361,31,81.5161,模拟
2025-03,MOCK-TD-001,MOCK-D-025,模拟直营·欧奈宰·01店,直营,UNA,丰田,306,31,69.0968,模拟
2025-03,MOCK-TD-001,MOCK-D-026,模拟直营·哈伊勒·01店,直营,HAI,丰田,324,31,73.1613,模拟
2025-03,MOCK-TD-001,MOCK-D-027,模拟直营·塔布克·01店,直营,TAB,丰田,341,31,77,模拟
2025-03,MOCK-TD-001,MOCK-D-028,模拟直营·艾卜哈·01店,直营,ABH,丰田,415,31,93.7097,模拟
2025-03,MOCK-TD-001,MOCK-D-029,模拟直营·艾卜哈·02店,直营,ABH,丰田,300,31,67.7419,模拟
2025-03,MOCK-TD-001,MOCK-D-030,模拟直营·海米斯穆谢特·01店,直营,KHM,丰田,237,31,53.5161,模拟
2025-03,MOCK-TD-001,MOCK-D-031,模拟直营·吉赞·01店,直营,JAZ,丰田,227,31,51.2581,模拟
2025-03,MOCK-TD-001,MOCK-D-032,模拟直营·奈季兰·01店,直营,NAJ,丰田,285,31,64.3548,模拟
2025-03,MOCK-TD-001,MOCK-D-033,模拟直营·延布·01店,直营,YAN,丰田,273,31,61.6452,模拟
2025-03,MOCK-TD-001,MOCK-D-034,模拟直营·朱拜勒·01店,直营,JUB,丰田,350,31,79.0323,模拟
2025-03,MOCK-TA-001,MOCK-L2-001,模拟二级展厅·利雅得·01店,二级展厅,RUH,丰田,138,31,31.1613,模拟
2025-03,MOCK-TA-002,MOCK-L2-002,模拟二级展厅·利雅得·02店,二级展厅,RUH,丰田,132,31,29.8065,模拟
2025-03,MOCK-TA-003,MOCK-L2-003,模拟二级展厅·利雅得·03店,二级展厅,RUH,丰田,138,31,31.1613,模拟
2025-03,MOCK-TA-004,MOCK-L2-004,模拟二级展厅·利雅得·04店,二级展厅,RUH,丰田,168,31,37.9355,模拟
2025-03,MOCK-TA-005,MOCK-L2-005,模拟二级展厅·利雅得·05店,二级展厅,RUH,丰田,131,31,29.5806,模拟
2025-03,MOCK-TA-006,MOCK-L2-006,模拟二级展厅·利雅得·06店,二级展厅,RUH,丰田,160,31,36.129,模拟
2025-03,MOCK-TA-007,MOCK-L2-007,模拟二级展厅·利雅得·07店,二级展厅,RUH,丰田,136,31,30.7097,模拟
2025-03,MOCK-TA-008,MOCK-L2-008,模拟二级展厅·利雅得·08店,二级展厅,RUH,丰田,140,31,31.6129,模拟
2025-03,MOCK-TA-009,MOCK-L2-009,模拟二级展厅·吉达·01店,二级展厅,JED,丰田,146,31,32.9677,模拟
2025-03,MOCK-TA-010,MOCK-L2-010,模拟二级展厅·吉达·02店,二级展厅,JED,丰田,166,31,37.4839,模拟
2025-03,MOCK-TA-011,MOCK-L2-011,模拟二级展厅·吉达·03店,二级展厅,JED,丰田,120,31,27.0968,模拟
2025-03,MOCK-TA-012,MOCK-L2-012,模拟二级展厅·吉达·04店,二级展厅,JED,丰田,139,31,31.3871,模拟
2025-03,MOCK-TA-013,MOCK-L2-013,模拟二级展厅·吉达·05店,二级展厅,JED,丰田,154,31,34.7742,模拟
2025-03,MOCK-TA-014,MOCK-L2-014,模拟二级展厅·吉达·06店,二级展厅,JED,丰田,124,31,28,模拟
2025-03,MOCK-TA-015,MOCK-L2-015,模拟二级展厅·达曼·01店,二级展厅,DMM,丰田,123,31,27.7742,模拟
2025-03,MOCK-TA-016,MOCK-L2-016,模拟二级展厅·达曼·02店,二级展厅,DMM,丰田,112,31,25.2903,模拟
2025-03,MOCK-TA-017,MOCK-L2-017,模拟二级展厅·达曼·03店,二级展厅,DMM,丰田,132,31,29.8065,模拟
2025-03,MOCK-TA-018,MOCK-L2-018,模拟二级展厅·达曼·04店,二级展厅,DMM,丰田,154,31,34.7742,模拟
2025-03,MOCK-TA-019,MOCK-L2-019,模拟二级展厅·胡拜尔·01店,二级展厅,KHO,丰田,140,31,31.6129,模拟
2025-03,MOCK-TA-020,MOCK-L2-020,模拟二级展厅·胡拜尔·02店,二级展厅,KHO,丰田,135,31,30.4839,模拟
2025-03,MOCK-TA-021,MOCK-L2-021,模拟二级展厅·麦加·01店,二级展厅,MAK,丰田,123,31,27.7742,模拟
2025-03,MOCK-TA-022,MOCK-L2-022,模拟二级展厅·麦加·02店,二级展厅,MAK,丰田,111,31,25.0645,模拟
2025-03,MOCK-TA-023,MOCK-L2-023,模拟二级展厅·麦加·03店,二级展厅,MAK,丰田,133,31,30.0323,模拟
2025-03,MOCK-TA-024,MOCK-L2-024,模拟二级展厅·麦地那·01店,二级展厅,MED,丰田,101,31,22.8065,模拟
2025-03,MOCK-TA-025,MOCK-L2-025,模拟二级展厅·麦地那·02店,二级展厅,MED,丰田,130,31,29.3548,模拟
2025-03,MOCK-TA-026,MOCK-L2-026,模拟二级展厅·塔伊夫·01店,二级展厅,TAI,丰田,87,31,19.6452,模拟
2025-03,MOCK-TA-027,MOCK-L2-027,模拟二级展厅·塔伊夫·02店,二级展厅,TAI,丰田,110,31,24.8387,模拟
2025-03,MOCK-TA-028,MOCK-L2-028,模拟二级展厅·哈萨·01店,二级展厅,HOF,丰田,111,31,25.0645,模拟
2025-03,MOCK-TA-029,MOCK-L2-029,模拟二级展厅·哈萨·02店,二级展厅,HOF,丰田,99,31,22.3548,模拟
2025-03,MOCK-TA-030,MOCK-L2-030,模拟二级展厅·布赖代·01店,二级展厅,BUR,丰田,123,31,27.7742,模拟
2025-03,MOCK-TA-031,MOCK-L2-031,模拟二级展厅·布赖代·02店,二级展厅,BUR,丰田,127,31,28.6774,模拟
2025-03,MOCK-TA-032,MOCK-L2-032,模拟二级展厅·布赖代·03店,二级展厅,BUR,丰田,108,31,24.3871,模拟
2025-03,MOCK-TA-033,MOCK-L2-033,模拟二级展厅·欧奈宰·01店,二级展厅,UNA,丰田,86,31,19.4194,模拟
2025-03,MOCK-TA-034,MOCK-L2-034,模拟二级展厅·哈伊勒·01店,二级展厅,HAI,丰田,107,31,24.1613,模拟
2025-03,MOCK-TA-035,MOCK-L2-035,模拟二级展厅·哈伊勒·02店,二级展厅,HAI,丰田,76,31,17.1613,模拟
2025-03,MOCK-TA-036,MOCK-L2-036,模拟二级展厅·塔布克·01店,二级展厅,TAB,丰田,85,31,19.1935,模拟
2025-03,MOCK-TA-037,MOCK-L2-037,模拟二级展厅·塔布克·02店,二级展厅,TAB,丰田,79,31,17.8387,模拟
2025-03,MOCK-TA-038,MOCK-L2-038,模拟二级展厅·艾卜哈·01店,二级展厅,ABH,丰田,101,31,22.8065,模拟
2025-03,MOCK-TA-039,MOCK-L2-039,模拟二级展厅·艾卜哈·02店,二级展厅,ABH,丰田,98,31,22.129,模拟
2025-03,MOCK-TA-040,MOCK-L2-040,模拟二级展厅·海米斯穆谢特·01店,二级展厅,KHM,丰田,111,31,25.0645,模拟
2025-03,MOCK-TA-041,MOCK-L2-041,模拟二级展厅·吉赞·01店,二级展厅,JAZ,丰田,112,31,25.2903,模拟
2025-03,MOCK-TA-042,MOCK-L2-042,模拟二级展厅·吉赞·02店,二级展厅,JAZ,丰田,122,31,27.5484,模拟
2025-03,MOCK-TA-043,MOCK-L2-043,模拟二级展厅·奈季兰·01店,二级展厅,NAJ,丰田,89,31,20.0968,模拟
2025-03,MOCK-TA-044,MOCK-L2-044,模拟二级展厅·延布·01店,二级展厅,YAN,丰田,108,31,24.3871,模拟
2025-03,MOCK-TA-045,MOCK-L2-045,模拟二级展厅·朱拜勒·01店,二级展厅,JUB,丰田,104,31,23.4839,模拟
2025-03,MOCK-TD-001,MOCK-D-001,模拟直营·利雅得·01店,直营,RUH,雷克萨斯,147,31,33.1935,模拟
2025-03,MOCK-TD-001,MOCK-D-002,模拟直营·利雅得·02店,直营,RUH,雷克萨斯,101,31,22.8065,模拟
2025-03,MOCK-TD-001,MOCK-D-003,模拟直营·利雅得·03店,直营,RUH,雷克萨斯,93,31,21,模拟
2025-03,MOCK-TD-001,MOCK-D-007,模拟直营·吉达·01店,直营,JED,雷克萨斯,99,31,22.3548,模拟
2025-03,MOCK-TD-001,MOCK-D-008,模拟直营·吉达·02店,直营,JED,雷克萨斯,127,31,28.6774,模拟
2025-03,MOCK-TD-001,MOCK-D-009,模拟直营·吉达·03店,直营,JED,雷克萨斯,121,31,27.3226,模拟
2025-03,MOCK-TD-001,MOCK-D-012,模拟直营·达曼·01店,直营,DMM,雷克萨斯,99,31,22.3548,模拟
2025-03,MOCK-TD-001,MOCK-D-015,模拟直营·胡拜尔·01店,直营,KHO,雷克萨斯,117,31,26.4194,模拟
2025-03,MOCK-TD-001,MOCK-D-017,模拟直营·麦加·01店,直营,MAK,雷克萨斯,84,31,18.9677,模拟
2025-03,MOCK-TD-001,MOCK-D-019,模拟直营·麦地那·01店,直营,MED,雷克萨斯,97,31,21.9032,模拟
2025-03,MOCK-TD-001,MOCK-D-023,模拟直营·布赖代·01店,直营,BUR,雷克萨斯,65,31,14.6774,模拟
2025-03,MOCK-TD-001,MOCK-D-028,模拟直营·艾卜哈·01店,直营,ABH,雷克萨斯,99,31,22.3548,模拟
2025-03,MOCK-TA-001,MOCK-L2-001,模拟二级展厅·利雅得·01店,二级展厅,RUH,雷克萨斯,20,31,4.5161,模拟
2025-03,MOCK-TA-009,MOCK-L2-009,模拟二级展厅·吉达·01店,二级展厅,JED,雷克萨斯,18,31,4.0645,模拟
2025-03,MOCK-TA-015,MOCK-L2-015,模拟二级展厅·达曼·01店,二级展厅,DMM,雷克萨斯,15,31,3.3871,模拟
2025-03,MOCK-TA-019,MOCK-L2-019,模拟二级展厅·胡拜尔·01店,二级展厅,KHO,雷克萨斯,19,31,4.2903,模拟
2025-03,MOCK-TA-021,MOCK-L2-021,模拟二级展厅·麦加·01店,二级展厅,MAK,雷克萨斯,17,31,3.8387,模拟
2025-03,MOCK-TA-024,MOCK-L2-024,模拟二级展厅·麦地那·01店,二级展厅,MED,雷克萨斯,16,31,3.6129,模拟
2025-03,MOCK-TA-030,MOCK-L2-030,模拟二级展厅·布赖代·01店,二级展厅,BUR,雷克萨斯,20,31,4.5161,模拟
2025-03,MOCK-TA-038,MOCK-L2-038,模拟二级展厅·艾卜哈·01店,二级展厅,ABH,雷克萨斯,14,31,3.1613,模拟
2025-04,MOCK-TD-001,MOCK-D-001,模拟直营·利雅得·01店,直营,RUH,丰田,598,30,139.5333,模拟
2025-04,MOCK-TD-001,MOCK-D-002,模拟直营·利雅得·02店,直营,RUH,丰田,390,30,91,模拟
2025-04,MOCK-TD-001,MOCK-D-003,模拟直营·利雅得·03店,直营,RUH,丰田,454,30,105.9333,模拟
2025-04,MOCK-TD-001,MOCK-D-004,模拟直营·利雅得·04店,直营,RUH,丰田,437,30,101.9667,模拟
2025-04,MOCK-TD-001,MOCK-D-005,模拟直营·利雅得·05店,直营,RUH,丰田,405,30,94.5,模拟
2025-04,MOCK-TD-001,MOCK-D-006,模拟直营·利雅得·06店,直营,RUH,丰田,318,30,74.2,模拟
2025-04,MOCK-TD-001,MOCK-D-007,模拟直营·吉达·01店,直营,JED,丰田,471,30,109.9,模拟
2025-04,MOCK-TD-001,MOCK-D-008,模拟直营·吉达·02店,直营,JED,丰田,524,30,122.2667,模拟
2025-04,MOCK-TD-001,MOCK-D-009,模拟直营·吉达·03店,直营,JED,丰田,489,30,114.1,模拟
2025-04,MOCK-TD-001,MOCK-D-010,模拟直营·吉达·04店,直营,JED,丰田,394,30,91.9333,模拟
2025-04,MOCK-TD-001,MOCK-D-011,模拟直营·吉达·05店,直营,JED,丰田,365,30,85.1667,模拟
2025-04,MOCK-TD-001,MOCK-D-012,模拟直营·达曼·01店,直营,DMM,丰田,391,30,91.2333,模拟
2025-04,MOCK-TD-001,MOCK-D-013,模拟直营·达曼·02店,直营,DMM,丰田,397,30,92.6333,模拟
2025-04,MOCK-TD-001,MOCK-D-014,模拟直营·达曼·03店,直营,DMM,丰田,337,30,78.6333,模拟
2025-04,MOCK-TD-001,MOCK-D-015,模拟直营·胡拜尔·01店,直营,KHO,丰田,436,30,101.7333,模拟
2025-04,MOCK-TD-001,MOCK-D-016,模拟直营·胡拜尔·02店,直营,KHO,丰田,382,30,89.1333,模拟
2025-04,MOCK-TD-001,MOCK-D-017,模拟直营·麦加·01店,直营,MAK,丰田,368,30,85.8667,模拟
2025-04,MOCK-TD-001,MOCK-D-018,模拟直营·麦加·02店,直营,MAK,丰田,295,30,68.8333,模拟
2025-04,MOCK-TD-001,MOCK-D-019,模拟直营·麦地那·01店,直营,MED,丰田,400,30,93.3333,模拟
2025-04,MOCK-TD-001,MOCK-D-020,模拟直营·麦地那·02店,直营,MED,丰田,386,30,90.0667,模拟
2025-04,MOCK-TD-001,MOCK-D-021,模拟直营·塔伊夫·01店,直营,TAI,丰田,293,30,68.3667,模拟
2025-04,MOCK-TD-001,MOCK-D-022,模拟直营·哈萨·01店,直营,HOF,丰田,400,30,93.3333,模拟
2025-04,MOCK-TD-001,MOCK-D-023,模拟直营·布赖代·01店,直营,BUR,丰田,280,30,65.3333,模拟
2025-04,MOCK-TD-001,MOCK-D-024,模拟直营·布赖代·02店,直营,BUR,丰田,370,30,86.3333,模拟
2025-04,MOCK-TD-001,MOCK-D-025,模拟直营·欧奈宰·01店,直营,UNA,丰田,246,30,57.4,模拟
2025-04,MOCK-TD-001,MOCK-D-026,模拟直营·哈伊勒·01店,直营,HAI,丰田,335,30,78.1667,模拟
2025-04,MOCK-TD-001,MOCK-D-027,模拟直营·塔布克·01店,直营,TAB,丰田,302,30,70.4667,模拟
2025-04,MOCK-TD-001,MOCK-D-028,模拟直营·艾卜哈·01店,直营,ABH,丰田,417,30,97.3,模拟
2025-04,MOCK-TD-001,MOCK-D-029,模拟直营·艾卜哈·02店,直营,ABH,丰田,311,30,72.5667,模拟
2025-04,MOCK-TD-001,MOCK-D-030,模拟直营·海米斯穆谢特·01店,直营,KHM,丰田,258,30,60.2,模拟
2025-04,MOCK-TD-001,MOCK-D-031,模拟直营·吉赞·01店,直营,JAZ,丰田,254,30,59.2667,模拟
2025-04,MOCK-TD-001,MOCK-D-032,模拟直营·奈季兰·01店,直营,NAJ,丰田,271,30,63.2333,模拟
2025-04,MOCK-TD-001,MOCK-D-033,模拟直营·延布·01店,直营,YAN,丰田,285,30,66.5,模拟
2025-04,MOCK-TD-001,MOCK-D-034,模拟直营·朱拜勒·01店,直营,JUB,丰田,309,30,72.1,模拟
2025-04,MOCK-TA-001,MOCK-L2-001,模拟二级展厅·利雅得·01店,二级展厅,RUH,丰田,153,30,35.7,模拟
2025-04,MOCK-TA-002,MOCK-L2-002,模拟二级展厅·利雅得·02店,二级展厅,RUH,丰田,121,30,28.2333,模拟
2025-04,MOCK-TA-003,MOCK-L2-003,模拟二级展厅·利雅得·03店,二级展厅,RUH,丰田,141,30,32.9,模拟
2025-04,MOCK-TA-004,MOCK-L2-004,模拟二级展厅·利雅得·04店,二级展厅,RUH,丰田,173,30,40.3667,模拟
2025-04,MOCK-TA-005,MOCK-L2-005,模拟二级展厅·利雅得·05店,二级展厅,RUH,丰田,130,30,30.3333,模拟
2025-04,MOCK-TA-006,MOCK-L2-006,模拟二级展厅·利雅得·06店,二级展厅,RUH,丰田,176,30,41.0667,模拟
2025-04,MOCK-TA-007,MOCK-L2-007,模拟二级展厅·利雅得·07店,二级展厅,RUH,丰田,113,30,26.3667,模拟
2025-04,MOCK-TA-008,MOCK-L2-008,模拟二级展厅·利雅得·08店,二级展厅,RUH,丰田,129,30,30.1,模拟
2025-04,MOCK-TA-009,MOCK-L2-009,模拟二级展厅·吉达·01店,二级展厅,JED,丰田,123,30,28.7,模拟
2025-04,MOCK-TA-010,MOCK-L2-010,模拟二级展厅·吉达·02店,二级展厅,JED,丰田,185,30,43.1667,模拟
2025-04,MOCK-TA-011,MOCK-L2-011,模拟二级展厅·吉达·03店,二级展厅,JED,丰田,141,30,32.9,模拟
2025-04,MOCK-TA-012,MOCK-L2-012,模拟二级展厅·吉达·04店,二级展厅,JED,丰田,156,30,36.4,模拟
2025-04,MOCK-TA-013,MOCK-L2-013,模拟二级展厅·吉达·05店,二级展厅,JED,丰田,157,30,36.6333,模拟
2025-04,MOCK-TA-014,MOCK-L2-014,模拟二级展厅·吉达·06店,二级展厅,JED,丰田,127,30,29.6333,模拟
2025-04,MOCK-TA-015,MOCK-L2-015,模拟二级展厅·达曼·01店,二级展厅,DMM,丰田,106,30,24.7333,模拟
2025-04,MOCK-TA-016,MOCK-L2-016,模拟二级展厅·达曼·02店,二级展厅,DMM,丰田,123,30,28.7,模拟
2025-04,MOCK-TA-017,MOCK-L2-017,模拟二级展厅·达曼·03店,二级展厅,DMM,丰田,126,30,29.4,模拟
2025-04,MOCK-TA-018,MOCK-L2-018,模拟二级展厅·达曼·04店,二级展厅,DMM,丰田,151,30,35.2333,模拟
2025-04,MOCK-TA-019,MOCK-L2-019,模拟二级展厅·胡拜尔·01店,二级展厅,KHO,丰田,133,30,31.0333,模拟
2025-04,MOCK-TA-020,MOCK-L2-020,模拟二级展厅·胡拜尔·02店,二级展厅,KHO,丰田,132,30,30.8,模拟
2025-04,MOCK-TA-021,MOCK-L2-021,模拟二级展厅·麦加·01店,二级展厅,MAK,丰田,121,30,28.2333,模拟
2025-04,MOCK-TA-022,MOCK-L2-022,模拟二级展厅·麦加·02店,二级展厅,MAK,丰田,139,30,32.4333,模拟
2025-04,MOCK-TA-023,MOCK-L2-023,模拟二级展厅·麦加·03店,二级展厅,MAK,丰田,109,30,25.4333,模拟
2025-04,MOCK-TA-024,MOCK-L2-024,模拟二级展厅·麦地那·01店,二级展厅,MED,丰田,105,30,24.5,模拟
2025-04,MOCK-TA-025,MOCK-L2-025,模拟二级展厅·麦地那·02店,二级展厅,MED,丰田,137,30,31.9667,模拟
2025-04,MOCK-TA-026,MOCK-L2-026,模拟二级展厅·塔伊夫·01店,二级展厅,TAI,丰田,86,30,20.0667,模拟
2025-04,MOCK-TA-027,MOCK-L2-027,模拟二级展厅·塔伊夫·02店,二级展厅,TAI,丰田,97,30,22.6333,模拟
2025-04,MOCK-TA-028,MOCK-L2-028,模拟二级展厅·哈萨·01店,二级展厅,HOF,丰田,97,30,22.6333,模拟
2025-04,MOCK-TA-029,MOCK-L2-029,模拟二级展厅·哈萨·02店,二级展厅,HOF,丰田,97,30,22.6333,模拟
2025-04,MOCK-TA-030,MOCK-L2-030,模拟二级展厅·布赖代·01店,二级展厅,BUR,丰田,136,30,31.7333,模拟
2025-04,MOCK-TA-031,MOCK-L2-031,模拟二级展厅·布赖代·02店,二级展厅,BUR,丰田,112,30,26.1333,模拟
2025-04,MOCK-TA-032,MOCK-L2-032,模拟二级展厅·布赖代·03店,二级展厅,BUR,丰田,122,30,28.4667,模拟
2025-04,MOCK-TA-033,MOCK-L2-033,模拟二级展厅·欧奈宰·01店,二级展厅,UNA,丰田,82,30,19.1333,模拟
2025-04,MOCK-TA-034,MOCK-L2-034,模拟二级展厅·哈伊勒·01店,二级展厅,HAI,丰田,93,30,21.7,模拟
2025-04,MOCK-TA-035,MOCK-L2-035,模拟二级展厅·哈伊勒·02店,二级展厅,HAI,丰田,80,30,18.6667,模拟
2025-04,MOCK-TA-036,MOCK-L2-036,模拟二级展厅·塔布克·01店,二级展厅,TAB,丰田,81,30,18.9,模拟
2025-04,MOCK-TA-037,MOCK-L2-037,模拟二级展厅·塔布克·02店,二级展厅,TAB,丰田,86,30,20.0667,模拟
2025-04,MOCK-TA-038,MOCK-L2-038,模拟二级展厅·艾卜哈·01店,二级展厅,ABH,丰田,101,30,23.5667,模拟
2025-04,MOCK-TA-039,MOCK-L2-039,模拟二级展厅·艾卜哈·02店,二级展厅,ABH,丰田,105,30,24.5,模拟
2025-04,MOCK-TA-040,MOCK-L2-040,模拟二级展厅·海米斯穆谢特·01店,二级展厅,KHM,丰田,103,30,24.0333,模拟
2025-04,MOCK-TA-041,MOCK-L2-041,模拟二级展厅·吉赞·01店,二级展厅,JAZ,丰田,113,30,26.3667,模拟
2025-04,MOCK-TA-042,MOCK-L2-042,模拟二级展厅·吉赞·02店,二级展厅,JAZ,丰田,102,30,23.8,模拟
2025-04,MOCK-TA-043,MOCK-L2-043,模拟二级展厅·奈季兰·01店,二级展厅,NAJ,丰田,80,30,18.6667,模拟
2025-04,MOCK-TA-044,MOCK-L2-044,模拟二级展厅·延布·01店,二级展厅,YAN,丰田,104,30,24.2667,模拟
2025-04,MOCK-TA-045,MOCK-L2-045,模拟二级展厅·朱拜勒·01店,二级展厅,JUB,丰田,102,30,23.8,模拟
2025-04,MOCK-TD-001,MOCK-D-001,模拟直营·利雅得·01店,直营,RUH,雷克萨斯,135,30,31.5,模拟
2025-04,MOCK-TD-001,MOCK-D-002,模拟直营·利雅得·02店,直营,RUH,雷克萨斯,94,30,21.9333,模拟
2025-04,MOCK-TD-001,MOCK-D-003,模拟直营·利雅得·03店,直营,RUH,雷克萨斯,107,30,24.9667,模拟
2025-04,MOCK-TD-001,MOCK-D-007,模拟直营·吉达·01店,直营,JED,雷克萨斯,99,30,23.1,模拟
2025-04,MOCK-TD-001,MOCK-D-008,模拟直营·吉达·02店,直营,JED,雷克萨斯,128,30,29.8667,模拟
2025-04,MOCK-TD-001,MOCK-D-009,模拟直营·吉达·03店,直营,JED,雷克萨斯,124,30,28.9333,模拟
2025-04,MOCK-TD-001,MOCK-D-012,模拟直营·达曼·01店,直营,DMM,雷克萨斯,108,30,25.2,模拟
2025-04,MOCK-TD-001,MOCK-D-015,模拟直营·胡拜尔·01店,直营,KHO,雷克萨斯,102,30,23.8,模拟
2025-04,MOCK-TD-001,MOCK-D-017,模拟直营·麦加·01店,直营,MAK,雷克萨斯,81,30,18.9,模拟
2025-04,MOCK-TD-001,MOCK-D-019,模拟直营·麦地那·01店,直营,MED,雷克萨斯,103,30,24.0333,模拟
2025-04,MOCK-TD-001,MOCK-D-023,模拟直营·布赖代·01店,直营,BUR,雷克萨斯,73,30,17.0333,模拟
2025-04,MOCK-TD-001,MOCK-D-028,模拟直营·艾卜哈·01店,直营,ABH,雷克萨斯,95,30,22.1667,模拟
2025-04,MOCK-TA-001,MOCK-L2-001,模拟二级展厅·利雅得·01店,二级展厅,RUH,雷克萨斯,22,30,5.1333,模拟
2025-04,MOCK-TA-009,MOCK-L2-009,模拟二级展厅·吉达·01店,二级展厅,JED,雷克萨斯,18,30,4.2,模拟
2025-04,MOCK-TA-015,MOCK-L2-015,模拟二级展厅·达曼·01店,二级展厅,DMM,雷克萨斯,17,30,3.9667,模拟
2025-04,MOCK-TA-019,MOCK-L2-019,模拟二级展厅·胡拜尔·01店,二级展厅,KHO,雷克萨斯,20,30,4.6667,模拟
2025-04,MOCK-TA-021,MOCK-L2-021,模拟二级展厅·麦加·01店,二级展厅,MAK,雷克萨斯,16,30,3.7333,模拟
2025-04,MOCK-TA-024,MOCK-L2-024,模拟二级展厅·麦地那·01店,二级展厅,MED,雷克萨斯,16,30,3.7333,模拟
2025-04,MOCK-TA-030,MOCK-L2-030,模拟二级展厅·布赖代·01店,二级展厅,BUR,雷克萨斯,18,30,4.2,模拟
2025-04,MOCK-TA-038,MOCK-L2-038,模拟二级展厅·艾卜哈·01店,二级展厅,ABH,雷克萨斯,12,30,2.8,模拟
2025-05,MOCK-TD-001,MOCK-D-001,模拟直营·利雅得·01店,直营,RUH,丰田,706,31,159.4194,模拟
2025-05,MOCK-TD-001,MOCK-D-002,模拟直营·利雅得·02店,直营,RUH,丰田,413,31,93.2581,模拟
2025-05,MOCK-TD-001,MOCK-D-003,模拟直营·利雅得·03店,直营,RUH,丰田,473,31,106.8065,模拟
2025-05,MOCK-TD-001,MOCK-D-004,模拟直营·利雅得·04店,直营,RUH,丰田,434,31,98,模拟
2025-05,MOCK-TD-001,MOCK-D-005,模拟直营·利雅得·05店,直营,RUH,丰田,459,31,103.6452,模拟
2025-05,MOCK-TD-001,MOCK-D-006,模拟直营·利雅得·06店,直营,RUH,丰田,405,31,91.4516,模拟
2025-05,MOCK-TD-001,MOCK-D-007,模拟直营·吉达·01店,直营,JED,丰田,478,31,107.9355,模拟
2025-05,MOCK-TD-001,MOCK-D-008,模拟直营·吉达·02店,直营,JED,丰田,537,31,121.2581,模拟
2025-05,MOCK-TD-001,MOCK-D-009,模拟直营·吉达·03店,直营,JED,丰田,480,31,108.3871,模拟
2025-05,MOCK-TD-001,MOCK-D-010,模拟直营·吉达·04店,直营,JED,丰田,465,31,105,模拟
2025-05,MOCK-TD-001,MOCK-D-011,模拟直营·吉达·05店,直营,JED,丰田,363,31,81.9677,模拟
2025-05,MOCK-TD-001,MOCK-D-012,模拟直营·达曼·01店,直营,DMM,丰田,405,31,91.4516,模拟
2025-05,MOCK-TD-001,MOCK-D-013,模拟直营·达曼·02店,直营,DMM,丰田,440,31,99.3548,模拟
2025-05,MOCK-TD-001,MOCK-D-014,模拟直营·达曼·03店,直营,DMM,丰田,389,31,87.8387,模拟
2025-05,MOCK-TD-001,MOCK-D-015,模拟直营·胡拜尔·01店,直营,KHO,丰田,469,31,105.9032,模拟
2025-05,MOCK-TD-001,MOCK-D-016,模拟直营·胡拜尔·02店,直营,KHO,丰田,395,31,89.1935,模拟
2025-05,MOCK-TD-001,MOCK-D-017,模拟直营·麦加·01店,直营,MAK,丰田,414,31,93.4839,模拟
2025-05,MOCK-TD-001,MOCK-D-018,模拟直营·麦加·02店,直营,MAK,丰田,338,31,76.3226,模拟
2025-05,MOCK-TD-001,MOCK-D-019,模拟直营·麦地那·01店,直营,MED,丰田,463,31,104.5484,模拟
2025-05,MOCK-TD-001,MOCK-D-020,模拟直营·麦地那·02店,直营,MED,丰田,426,31,96.1935,模拟
2025-05,MOCK-TD-001,MOCK-D-021,模拟直营·塔伊夫·01店,直营,TAI,丰田,338,31,76.3226,模拟
2025-05,MOCK-TD-001,MOCK-D-022,模拟直营·哈萨·01店,直营,HOF,丰田,407,31,91.9032,模拟
2025-05,MOCK-TD-001,MOCK-D-023,模拟直营·布赖代·01店,直营,BUR,丰田,292,31,65.9355,模拟
2025-05,MOCK-TD-001,MOCK-D-024,模拟直营·布赖代·02店,直营,BUR,丰田,425,31,95.9677,模拟
2025-05,MOCK-TD-001,MOCK-D-025,模拟直营·欧奈宰·01店,直营,UNA,丰田,329,31,74.2903,模拟
2025-05,MOCK-TD-001,MOCK-D-026,模拟直营·哈伊勒·01店,直营,HAI,丰田,351,31,79.2581,模拟
2025-05,MOCK-TD-001,MOCK-D-027,模拟直营·塔布克·01店,直营,TAB,丰田,373,31,84.2258,模拟
2025-05,MOCK-TD-001,MOCK-D-028,模拟直营·艾卜哈·01店,直营,ABH,丰田,378,31,85.3548,模拟
2025-05,MOCK-TD-001,MOCK-D-029,模拟直营·艾卜哈·02店,直营,ABH,丰田,294,31,66.3871,模拟
2025-05,MOCK-TD-001,MOCK-D-030,模拟直营·海米斯穆谢特·01店,直营,KHM,丰田,297,31,67.0645,模拟
2025-05,MOCK-TD-001,MOCK-D-031,模拟直营·吉赞·01店,直营,JAZ,丰田,254,31,57.3548,模拟
2025-05,MOCK-TD-001,MOCK-D-032,模拟直营·奈季兰·01店,直营,NAJ,丰田,301,31,67.9677,模拟
2025-05,MOCK-TD-001,MOCK-D-033,模拟直营·延布·01店,直营,YAN,丰田,325,31,73.3871,模拟
2025-05,MOCK-TD-001,MOCK-D-034,模拟直营·朱拜勒·01店,直营,JUB,丰田,360,31,81.2903,模拟
2025-05,MOCK-TA-001,MOCK-L2-001,模拟二级展厅·利雅得·01店,二级展厅,RUH,丰田,151,31,34.0968,模拟
2025-05,MOCK-TA-002,MOCK-L2-002,模拟二级展厅·利雅得·02店,二级展厅,RUH,丰田,152,31,34.3226,模拟
2025-05,MOCK-TA-003,MOCK-L2-003,模拟二级展厅·利雅得·03店,二级展厅,RUH,丰田,152,31,34.3226,模拟
2025-05,MOCK-TA-004,MOCK-L2-004,模拟二级展厅·利雅得·04店,二级展厅,RUH,丰田,192,31,43.3548,模拟
2025-05,MOCK-TA-005,MOCK-L2-005,模拟二级展厅·利雅得·05店,二级展厅,RUH,丰田,131,31,29.5806,模拟
2025-05,MOCK-TA-006,MOCK-L2-006,模拟二级展厅·利雅得·06店,二级展厅,RUH,丰田,169,31,38.1613,模拟
2025-05,MOCK-TA-007,MOCK-L2-007,模拟二级展厅·利雅得·07店,二级展厅,RUH,丰田,125,31,28.2258,模拟
2025-05,MOCK-TA-008,MOCK-L2-008,模拟二级展厅·利雅得·08店,二级展厅,RUH,丰田,142,31,32.0645,模拟
2025-05,MOCK-TA-009,MOCK-L2-009,模拟二级展厅·吉达·01店,二级展厅,JED,丰田,135,31,30.4839,模拟
2025-05,MOCK-TA-010,MOCK-L2-010,模拟二级展厅·吉达·02店,二级展厅,JED,丰田,194,31,43.8065,模拟
2025-05,MOCK-TA-011,MOCK-L2-011,模拟二级展厅·吉达·03店,二级展厅,JED,丰田,146,31,32.9677,模拟
2025-05,MOCK-TA-012,MOCK-L2-012,模拟二级展厅·吉达·04店,二级展厅,JED,丰田,170,31,38.3871,模拟
2025-05,MOCK-TA-013,MOCK-L2-013,模拟二级展厅·吉达·05店,二级展厅,JED,丰田,167,31,37.7097,模拟
2025-05,MOCK-TA-014,MOCK-L2-014,模拟二级展厅·吉达·06店,二级展厅,JED,丰田,159,31,35.9032,模拟
2025-05,MOCK-TA-015,MOCK-L2-015,模拟二级展厅·达曼·01店,二级展厅,DMM,丰田,125,31,28.2258,模拟
2025-05,MOCK-TA-016,MOCK-L2-016,模拟二级展厅·达曼·02店,二级展厅,DMM,丰田,116,31,26.1935,模拟
2025-05,MOCK-TA-017,MOCK-L2-017,模拟二级展厅·达曼·03店,二级展厅,DMM,丰田,146,31,32.9677,模拟
2025-05,MOCK-TA-018,MOCK-L2-018,模拟二级展厅·达曼·04店,二级展厅,DMM,丰田,151,31,34.0968,模拟
2025-05,MOCK-TA-019,MOCK-L2-019,模拟二级展厅·胡拜尔·01店,二级展厅,KHO,丰田,139,31,31.3871,模拟
2025-05,MOCK-TA-020,MOCK-L2-020,模拟二级展厅·胡拜尔·02店,二级展厅,KHO,丰田,145,31,32.7419,模拟
2025-05,MOCK-TA-021,MOCK-L2-021,模拟二级展厅·麦加·01店,二级展厅,MAK,丰田,117,31,26.4194,模拟
2025-05,MOCK-TA-022,MOCK-L2-022,模拟二级展厅·麦加·02店,二级展厅,MAK,丰田,138,31,31.1613,模拟
2025-05,MOCK-TA-023,MOCK-L2-023,模拟二级展厅·麦加·03店,二级展厅,MAK,丰田,127,31,28.6774,模拟
2025-05,MOCK-TA-024,MOCK-L2-024,模拟二级展厅·麦地那·01店,二级展厅,MED,丰田,104,31,23.4839,模拟
2025-05,MOCK-TA-025,MOCK-L2-025,模拟二级展厅·麦地那·02店,二级展厅,MED,丰田,121,31,27.3226,模拟
2025-05,MOCK-TA-026,MOCK-L2-026,模拟二级展厅·塔伊夫·01店,二级展厅,TAI,丰田,99,31,22.3548,模拟
2025-05,MOCK-TA-027,MOCK-L2-027,模拟二级展厅·塔伊夫·02店,二级展厅,TAI,丰田,117,31,26.4194,模拟
2025-05,MOCK-TA-028,MOCK-L2-028,模拟二级展厅·哈萨·01店,二级展厅,HOF,丰田,128,31,28.9032,模拟
2025-05,MOCK-TA-029,MOCK-L2-029,模拟二级展厅·哈萨·02店,二级展厅,HOF,丰田,107,31,24.1613,模拟
2025-05,MOCK-TA-030,MOCK-L2-030,模拟二级展厅·布赖代·01店,二级展厅,BUR,丰田,140,31,31.6129,模拟
2025-05,MOCK-TA-031,MOCK-L2-031,模拟二级展厅·布赖代·02店,二级展厅,BUR,丰田,111,31,25.0645,模拟
2025-05,MOCK-TA-032,MOCK-L2-032,模拟二级展厅·布赖代·03店,二级展厅,BUR,丰田,134,31,30.2581,模拟
2025-05,MOCK-TA-033,MOCK-L2-033,模拟二级展厅·欧奈宰·01店,二级展厅,UNA,丰田,101,31,22.8065,模拟
2025-05,MOCK-TA-034,MOCK-L2-034,模拟二级展厅·哈伊勒·01店,二级展厅,HAI,丰田,103,31,23.2581,模拟
2025-05,MOCK-TA-035,MOCK-L2-035,模拟二级展厅·哈伊勒·02店,二级展厅,HAI,丰田,90,31,20.3226,模拟
2025-05,MOCK-TA-036,MOCK-L2-036,模拟二级展厅·塔布克·01店,二级展厅,TAB,丰田,91,31,20.5484,模拟
2025-05,MOCK-TA-037,MOCK-L2-037,模拟二级展厅·塔布克·02店,二级展厅,TAB,丰田,101,31,22.8065,模拟
2025-05,MOCK-TA-038,MOCK-L2-038,模拟二级展厅·艾卜哈·01店,二级展厅,ABH,丰田,121,31,27.3226,模拟
2025-05,MOCK-TA-039,MOCK-L2-039,模拟二级展厅·艾卜哈·02店,二级展厅,ABH,丰田,126,31,28.4516,模拟
2025-05,MOCK-TA-040,MOCK-L2-040,模拟二级展厅·海米斯穆谢特·01店,二级展厅,KHM,丰田,105,31,23.7097,模拟
2025-05,MOCK-TA-041,MOCK-L2-041,模拟二级展厅·吉赞·01店,二级展厅,JAZ,丰田,140,31,31.6129,模拟
2025-05,MOCK-TA-042,MOCK-L2-042,模拟二级展厅·吉赞·02店,二级展厅,JAZ,丰田,111,31,25.0645,模拟
2025-05,MOCK-TA-043,MOCK-L2-043,模拟二级展厅·奈季兰·01店,二级展厅,NAJ,丰田,94,31,21.2258,模拟
2025-05,MOCK-TA-044,MOCK-L2-044,模拟二级展厅·延布·01店,二级展厅,YAN,丰田,128,31,28.9032,模拟
2025-05,MOCK-TA-045,MOCK-L2-045,模拟二级展厅·朱拜勒·01店,二级展厅,JUB,丰田,100,31,22.5806,模拟
2025-05,MOCK-TD-001,MOCK-D-001,模拟直营·利雅得·01店,直营,RUH,雷克萨斯,150,31,33.871,模拟
2025-05,MOCK-TD-001,MOCK-D-002,模拟直营·利雅得·02店,直营,RUH,雷克萨斯,89,31,20.0968,模拟
2025-05,MOCK-TD-001,MOCK-D-003,模拟直营·利雅得·03店,直营,RUH,雷克萨斯,109,31,24.6129,模拟
2025-05,MOCK-TD-001,MOCK-D-007,模拟直营·吉达·01店,直营,JED,雷克萨斯,115,31,25.9677,模拟
2025-05,MOCK-TD-001,MOCK-D-008,模拟直营·吉达·02店,直营,JED,雷克萨斯,128,31,28.9032,模拟
2025-05,MOCK-TD-001,MOCK-D-009,模拟直营·吉达·03店,直营,JED,雷克萨斯,101,31,22.8065,模拟
2025-05,MOCK-TD-001,MOCK-D-012,模拟直营·达曼·01店,直营,DMM,雷克萨斯,86,31,19.4194,模拟
2025-05,MOCK-TD-001,MOCK-D-015,模拟直营·胡拜尔·01店,直营,KHO,雷克萨斯,119,31,26.871,模拟
2025-05,MOCK-TD-001,MOCK-D-017,模拟直营·麦加·01店,直营,MAK,雷克萨斯,91,31,20.5484,模拟
2025-05,MOCK-TD-001,MOCK-D-019,模拟直营·麦地那·01店,直营,MED,雷克萨斯,97,31,21.9032,模拟
2025-05,MOCK-TD-001,MOCK-D-023,模拟直营·布赖代·01店,直营,BUR,雷克萨斯,65,31,14.6774,模拟
2025-05,MOCK-TD-001,MOCK-D-028,模拟直营·艾卜哈·01店,直营,ABH,雷克萨斯,99,31,22.3548,模拟
2025-05,MOCK-TA-001,MOCK-L2-001,模拟二级展厅·利雅得·01店,二级展厅,RUH,雷克萨斯,22,31,4.9677,模拟
2025-05,MOCK-TA-009,MOCK-L2-009,模拟二级展厅·吉达·01店,二级展厅,JED,雷克萨斯,18,31,4.0645,模拟
2025-05,MOCK-TA-015,MOCK-L2-015,模拟二级展厅·达曼·01店,二级展厅,DMM,雷克萨斯,16,31,3.6129,模拟
2025-05,MOCK-TA-019,MOCK-L2-019,模拟二级展厅·胡拜尔·01店,二级展厅,KHO,雷克萨斯,18,31,4.0645,模拟
2025-05,MOCK-TA-021,MOCK-L2-021,模拟二级展厅·麦加·01店,二级展厅,MAK,雷克萨斯,17,31,3.8387,模拟
2025-05,MOCK-TA-024,MOCK-L2-024,模拟二级展厅·麦地那·01店,二级展厅,MED,雷克萨斯,15,31,3.3871,模拟
2025-05,MOCK-TA-030,MOCK-L2-030,模拟二级展厅·布赖代·01店,二级展厅,BUR,雷克萨斯,18,31,4.0645,模拟
2025-05,MOCK-TA-038,MOCK-L2-038,模拟二级展厅·艾卜哈·01店,二级展厅,ABH,雷克萨斯,15,31,3.3871,模拟
2025-06,MOCK-TD-001,MOCK-D-001,模拟直营·利雅得·01店,直营,RUH,丰田,550,30,128.3333,模拟
2025-06,MOCK-TD-001,MOCK-D-002,模拟直营·利雅得·02店,直营,RUH,丰田,347,30,80.9667,模拟
2025-06,MOCK-TD-001,MOCK-D-003,模拟直营·利雅得·03店,直营,RUH,丰田,381,30,88.9,模拟
2025-06,MOCK-TD-001,MOCK-D-004,模拟直营·利雅得·04店,直营,RUH,丰田,332,30,77.4667,模拟
2025-06,MOCK-TD-001,MOCK-D-005,模拟直营·利雅得·05店,直营,RUH,丰田,289,30,67.4333,模拟
2025-06,MOCK-TD-001,MOCK-D-006,模拟直营·利雅得·06店,直营,RUH,丰田,285,30,66.5,模拟
2025-06,MOCK-TD-001,MOCK-D-007,模拟直营·吉达·01店,直营,JED,丰田,431,30,100.5667,模拟
2025-06,MOCK-TD-001,MOCK-D-008,模拟直营·吉达·02店,直营,JED,丰田,416,30,97.0667,模拟
2025-06,MOCK-TD-001,MOCK-D-009,模拟直营·吉达·03店,直营,JED,丰田,382,30,89.1333,模拟
2025-06,MOCK-TD-001,MOCK-D-010,模拟直营·吉达·04店,直营,JED,丰田,403,30,94.0333,模拟
2025-06,MOCK-TD-001,MOCK-D-011,模拟直营·吉达·05店,直营,JED,丰田,305,30,71.1667,模拟
2025-06,MOCK-TD-001,MOCK-D-012,模拟直营·达曼·01店,直营,DMM,丰田,319,30,74.4333,模拟
2025-06,MOCK-TD-001,MOCK-D-013,模拟直营·达曼·02店,直营,DMM,丰田,338,30,78.8667,模拟
2025-06,MOCK-TD-001,MOCK-D-014,模拟直营·达曼·03店,直营,DMM,丰田,319,30,74.4333,模拟
2025-06,MOCK-TD-001,MOCK-D-015,模拟直营·胡拜尔·01店,直营,KHO,丰田,426,30,99.4,模拟
2025-06,MOCK-TD-001,MOCK-D-016,模拟直营·胡拜尔·02店,直营,KHO,丰田,329,30,76.7667,模拟
2025-06,MOCK-TD-001,MOCK-D-017,模拟直营·麦加·01店,直营,MAK,丰田,310,30,72.3333,模拟
2025-06,MOCK-TD-001,MOCK-D-018,模拟直营·麦加·02店,直营,MAK,丰田,315,30,73.5,模拟
2025-06,MOCK-TD-001,MOCK-D-019,模拟直营·麦地那·01店,直营,MED,丰田,328,30,76.5333,模拟
2025-06,MOCK-TD-001,MOCK-D-020,模拟直营·麦地那·02店,直营,MED,丰田,351,30,81.9,模拟
2025-06,MOCK-TD-001,MOCK-D-021,模拟直营·塔伊夫·01店,直营,TAI,丰田,263,30,61.3667,模拟
2025-06,MOCK-TD-001,MOCK-D-022,模拟直营·哈萨·01店,直营,HOF,丰田,293,30,68.3667,模拟
2025-06,MOCK-TD-001,MOCK-D-023,模拟直营·布赖代·01店,直营,BUR,丰田,260,30,60.6667,模拟
2025-06,MOCK-TD-001,MOCK-D-024,模拟直营·布赖代·02店,直营,BUR,丰田,294,30,68.6,模拟
2025-06,MOCK-TD-001,MOCK-D-025,模拟直营·欧奈宰·01店,直营,UNA,丰田,269,30,62.7667,模拟
2025-06,MOCK-TD-001,MOCK-D-026,模拟直营·哈伊勒·01店,直营,HAI,丰田,290,30,67.6667,模拟
2025-06,MOCK-TD-001,MOCK-D-027,模拟直营·塔布克·01店,直营,TAB,丰田,267,30,62.3,模拟
2025-06,MOCK-TD-001,MOCK-D-028,模拟直营·艾卜哈·01店,直营,ABH,丰田,308,30,71.8667,模拟
2025-06,MOCK-TD-001,MOCK-D-029,模拟直营·艾卜哈·02店,直营,ABH,丰田,267,30,62.3,模拟
2025-06,MOCK-TD-001,MOCK-D-030,模拟直营·海米斯穆谢特·01店,直营,KHM,丰田,191,30,44.5667,模拟
2025-06,MOCK-TD-001,MOCK-D-031,模拟直营·吉赞·01店,直营,JAZ,丰田,221,30,51.5667,模拟
2025-06,MOCK-TD-001,MOCK-D-032,模拟直营·奈季兰·01店,直营,NAJ,丰田,216,30,50.4,模拟
2025-06,MOCK-TD-001,MOCK-D-033,模拟直营·延布·01店,直营,YAN,丰田,222,30,51.8,模拟
2025-06,MOCK-TD-001,MOCK-D-034,模拟直营·朱拜勒·01店,直营,JUB,丰田,332,30,77.4667,模拟
2025-06,MOCK-TA-001,MOCK-L2-001,模拟二级展厅·利雅得·01店,二级展厅,RUH,丰田,113,30,26.3667,模拟
2025-06,MOCK-TA-002,MOCK-L2-002,模拟二级展厅·利雅得·02店,二级展厅,RUH,丰田,114,30,26.6,模拟
2025-06,MOCK-TA-003,MOCK-L2-003,模拟二级展厅·利雅得·03店,二级展厅,RUH,丰田,104,30,24.2667,模拟
2025-06,MOCK-TA-004,MOCK-L2-004,模拟二级展厅·利雅得·04店,二级展厅,RUH,丰田,166,30,38.7333,模拟
2025-06,MOCK-TA-005,MOCK-L2-005,模拟二级展厅·利雅得·05店,二级展厅,RUH,丰田,100,30,23.3333,模拟
2025-06,MOCK-TA-006,MOCK-L2-006,模拟二级展厅·利雅得·06店,二级展厅,RUH,丰田,145,30,33.8333,模拟
2025-06,MOCK-TA-007,MOCK-L2-007,模拟二级展厅·利雅得·07店,二级展厅,RUH,丰田,107,30,24.9667,模拟
2025-06,MOCK-TA-008,MOCK-L2-008,模拟二级展厅·利雅得·08店,二级展厅,RUH,丰田,125,30,29.1667,模拟
2025-06,MOCK-TA-009,MOCK-L2-009,模拟二级展厅·吉达·01店,二级展厅,JED,丰田,122,30,28.4667,模拟
2025-06,MOCK-TA-010,MOCK-L2-010,模拟二级展厅·吉达·02店,二级展厅,JED,丰田,151,30,35.2333,模拟
2025-06,MOCK-TA-011,MOCK-L2-011,模拟二级展厅·吉达·03店,二级展厅,JED,丰田,98,30,22.8667,模拟
2025-06,MOCK-TA-012,MOCK-L2-012,模拟二级展厅·吉达·04店,二级展厅,JED,丰田,120,30,28,模拟
2025-06,MOCK-TA-013,MOCK-L2-013,模拟二级展厅·吉达·05店,二级展厅,JED,丰田,126,30,29.4,模拟
2025-06,MOCK-TA-014,MOCK-L2-014,模拟二级展厅·吉达·06店,二级展厅,JED,丰田,108,30,25.2,模拟
2025-06,MOCK-TA-015,MOCK-L2-015,模拟二级展厅·达曼·01店,二级展厅,DMM,丰田,97,30,22.6333,模拟
2025-06,MOCK-TA-016,MOCK-L2-016,模拟二级展厅·达曼·02店,二级展厅,DMM,丰田,90,30,21,模拟
2025-06,MOCK-TA-017,MOCK-L2-017,模拟二级展厅·达曼·03店,二级展厅,DMM,丰田,129,30,30.1,模拟
2025-06,MOCK-TA-018,MOCK-L2-018,模拟二级展厅·达曼·04店,二级展厅,DMM,丰田,127,30,29.6333,模拟
2025-06,MOCK-TA-019,MOCK-L2-019,模拟二级展厅·胡拜尔·01店,二级展厅,KHO,丰田,112,30,26.1333,模拟
2025-06,MOCK-TA-020,MOCK-L2-020,模拟二级展厅·胡拜尔·02店,二级展厅,KHO,丰田,128,30,29.8667,模拟
2025-06,MOCK-TA-021,MOCK-L2-021,模拟二级展厅·麦加·01店,二级展厅,MAK,丰田,97,30,22.6333,模拟
2025-06,MOCK-TA-022,MOCK-L2-022,模拟二级展厅·麦加·02店,二级展厅,MAK,丰田,116,30,27.0667,模拟
2025-06,MOCK-TA-023,MOCK-L2-023,模拟二级展厅·麦加·03店,二级展厅,MAK,丰田,95,30,22.1667,模拟
2025-06,MOCK-TA-024,MOCK-L2-024,模拟二级展厅·麦地那·01店,二级展厅,MED,丰田,84,30,19.6,模拟
2025-06,MOCK-TA-025,MOCK-L2-025,模拟二级展厅·麦地那·02店,二级展厅,MED,丰田,104,30,24.2667,模拟
2025-06,MOCK-TA-026,MOCK-L2-026,模拟二级展厅·塔伊夫·01店,二级展厅,TAI,丰田,81,30,18.9,模拟
2025-06,MOCK-TA-027,MOCK-L2-027,模拟二级展厅·塔伊夫·02店,二级展厅,TAI,丰田,93,30,21.7,模拟
2025-06,MOCK-TA-028,MOCK-L2-028,模拟二级展厅·哈萨·01店,二级展厅,HOF,丰田,93,30,21.7,模拟
2025-06,MOCK-TA-029,MOCK-L2-029,模拟二级展厅·哈萨·02店,二级展厅,HOF,丰田,86,30,20.0667,模拟
2025-06,MOCK-TA-030,MOCK-L2-030,模拟二级展厅·布赖代·01店,二级展厅,BUR,丰田,104,30,24.2667,模拟
2025-06,MOCK-TA-031,MOCK-L2-031,模拟二级展厅·布赖代·02店,二级展厅,BUR,丰田,105,30,24.5,模拟
2025-06,MOCK-TA-032,MOCK-L2-032,模拟二级展厅·布赖代·03店,二级展厅,BUR,丰田,102,30,23.8,模拟
2025-06,MOCK-TA-033,MOCK-L2-033,模拟二级展厅·欧奈宰·01店,二级展厅,UNA,丰田,69,30,16.1,模拟
2025-06,MOCK-TA-034,MOCK-L2-034,模拟二级展厅·哈伊勒·01店,二级展厅,HAI,丰田,98,30,22.8667,模拟
2025-06,MOCK-TA-035,MOCK-L2-035,模拟二级展厅·哈伊勒·02店,二级展厅,HAI,丰田,69,30,16.1,模拟
2025-06,MOCK-TA-036,MOCK-L2-036,模拟二级展厅·塔布克·01店,二级展厅,TAB,丰田,78,30,18.2,模拟
2025-06,MOCK-TA-037,MOCK-L2-037,模拟二级展厅·塔布克·02店,二级展厅,TAB,丰田,79,30,18.4333,模拟
2025-06,MOCK-TA-038,MOCK-L2-038,模拟二级展厅·艾卜哈·01店,二级展厅,ABH,丰田,82,30,19.1333,模拟
2025-06,MOCK-TA-039,MOCK-L2-039,模拟二级展厅·艾卜哈·02店,二级展厅,ABH,丰田,86,30,20.0667,模拟
2025-06,MOCK-TA-040,MOCK-L2-040,模拟二级展厅·海米斯穆谢特·01店,二级展厅,KHM,丰田,96,30,22.4,模拟
2025-06,MOCK-TA-041,MOCK-L2-041,模拟二级展厅·吉赞·01店,二级展厅,JAZ,丰田,92,30,21.4667,模拟
2025-06,MOCK-TA-042,MOCK-L2-042,模拟二级展厅·吉赞·02店,二级展厅,JAZ,丰田,99,30,23.1,模拟
2025-06,MOCK-TA-043,MOCK-L2-043,模拟二级展厅·奈季兰·01店,二级展厅,NAJ,丰田,83,30,19.3667,模拟
2025-06,MOCK-TA-044,MOCK-L2-044,模拟二级展厅·延布·01店,二级展厅,YAN,丰田,85,30,19.8333,模拟
2025-06,MOCK-TA-045,MOCK-L2-045,模拟二级展厅·朱拜勒·01店,二级展厅,JUB,丰田,92,30,21.4667,模拟
2025-06,MOCK-TD-001,MOCK-D-001,模拟直营·利雅得·01店,直营,RUH,雷克萨斯,137,30,31.9667,模拟
2025-06,MOCK-TD-001,MOCK-D-002,模拟直营·利雅得·02店,直营,RUH,雷克萨斯,100,30,23.3333,模拟
2025-06,MOCK-TD-001,MOCK-D-003,模拟直营·利雅得·03店,直营,RUH,雷克萨斯,108,30,25.2,模拟
2025-06,MOCK-TD-001,MOCK-D-007,模拟直营·吉达·01店,直营,JED,雷克萨斯,110,30,25.6667,模拟
2025-06,MOCK-TD-001,MOCK-D-008,模拟直营·吉达·02店,直营,JED,雷克萨斯,111,30,25.9,模拟
2025-06,MOCK-TD-001,MOCK-D-009,模拟直营·吉达·03店,直营,JED,雷克萨斯,123,30,28.7,模拟
2025-06,MOCK-TD-001,MOCK-D-012,模拟直营·达曼·01店,直营,DMM,雷克萨斯,90,30,21,模拟
2025-06,MOCK-TD-001,MOCK-D-015,模拟直营·胡拜尔·01店,直营,KHO,雷克萨斯,106,30,24.7333,模拟
2025-06,MOCK-TD-001,MOCK-D-017,模拟直营·麦加·01店,直营,MAK,雷克萨斯,91,30,21.2333,模拟
2025-06,MOCK-TD-001,MOCK-D-019,模拟直营·麦地那·01店,直营,MED,雷克萨斯,110,30,25.6667,模拟
2025-06,MOCK-TD-001,MOCK-D-023,模拟直营·布赖代·01店,直营,BUR,雷克萨斯,61,30,14.2333,模拟
2025-06,MOCK-TD-001,MOCK-D-028,模拟直营·艾卜哈·01店,直营,ABH,雷克萨斯,102,30,23.8,模拟
2025-06,MOCK-TA-001,MOCK-L2-001,模拟二级展厅·利雅得·01店,二级展厅,RUH,雷克萨斯,22,30,5.1333,模拟
2025-06,MOCK-TA-009,MOCK-L2-009,模拟二级展厅·吉达·01店,二级展厅,JED,雷克萨斯,21,30,4.9,模拟
2025-06,MOCK-TA-015,MOCK-L2-015,模拟二级展厅·达曼·01店,二级展厅,DMM,雷克萨斯,16,30,3.7333,模拟
2025-06,MOCK-TA-019,MOCK-L2-019,模拟二级展厅·胡拜尔·01店,二级展厅,KHO,雷克萨斯,17,30,3.9667,模拟
2025-06,MOCK-TA-021,MOCK-L2-021,模拟二级展厅·麦加·01店,二级展厅,MAK,雷克萨斯,16,30,3.7333,模拟
2025-06,MOCK-TA-024,MOCK-L2-024,模拟二级展厅·麦地那·01店,二级展厅,MED,雷克萨斯,16,30,3.7333,模拟
2025-06,MOCK-TA-030,MOCK-L2-030,模拟二级展厅·布赖代·01店,二级展厅,BUR,雷克萨斯,17,30,3.9667,模拟
2025-06,MOCK-TA-038,MOCK-L2-038,模拟二级展厅·艾卜哈·01店,二级展厅,ABH,雷克萨斯,14,30,3.2667,模拟
2025-07,MOCK-TD-001,MOCK-D-001,模拟直营·利雅得·01店,直营,RUH,丰田,697,31,157.3871,模拟
2025-07,MOCK-TD-001,MOCK-D-002,模拟直营·利雅得·02店,直营,RUH,丰田,423,31,95.5161,模拟
2025-07,MOCK-TD-001,MOCK-D-003,模拟直营·利雅得·03店,直营,RUH,丰田,435,31,98.2258,模拟
2025-07,MOCK-TD-001,MOCK-D-004,模拟直营·利雅得·04店,直营,RUH,丰田,493,31,111.3226,模拟
2025-07,MOCK-TD-001,MOCK-D-005,模拟直营·利雅得·05店,直营,RUH,丰田,458,31,103.4194,模拟
2025-07,MOCK-TD-001,MOCK-D-006,模拟直营·利雅得·06店,直营,RUH,丰田,365,31,82.4194,模拟
2025-07,MOCK-TD-001,MOCK-D-007,模拟直营·吉达·01店,直营,JED,丰田,522,31,117.871,模拟
2025-07,MOCK-TD-001,MOCK-D-008,模拟直营·吉达·02店,直营,JED,丰田,559,31,126.2258,模拟
2025-07,MOCK-TD-001,MOCK-D-009,模拟直营·吉达·03店,直营,JED,丰田,558,31,126,模拟
2025-07,MOCK-TD-001,MOCK-D-010,模拟直营·吉达·04店,直营,JED,丰田,527,31,119,模拟
2025-07,MOCK-TD-001,MOCK-D-011,模拟直营·吉达·05店,直营,JED,丰田,349,31,78.8065,模拟
2025-07,MOCK-TD-001,MOCK-D-012,模拟直营·达曼·01店,直营,DMM,丰田,507,31,114.4839,模拟
2025-07,MOCK-TD-001,MOCK-D-013,模拟直营·达曼·02店,直营,DMM,丰田,481,31,108.6129,模拟
2025-07,MOCK-TD-001,MOCK-D-014,模拟直营·达曼·03店,直营,DMM,丰田,393,31,88.7419,模拟
2025-07,MOCK-TD-001,MOCK-D-015,模拟直营·胡拜尔·01店,直营,KHO,丰田,476,31,107.4839,模拟
2025-07,MOCK-TD-001,MOCK-D-016,模拟直营·胡拜尔·02店,直营,KHO,丰田,390,31,88.0645,模拟
2025-07,MOCK-TD-001,MOCK-D-017,模拟直营·麦加·01店,直营,MAK,丰田,409,31,92.3548,模拟
2025-07,MOCK-TD-001,MOCK-D-018,模拟直营·麦加·02店,直营,MAK,丰田,379,31,85.5806,模拟
2025-07,MOCK-TD-001,MOCK-D-019,模拟直营·麦地那·01店,直营,MED,丰田,457,31,103.1935,模拟
2025-07,MOCK-TD-001,MOCK-D-020,模拟直营·麦地那·02店,直营,MED,丰田,436,31,98.4516,模拟
2025-07,MOCK-TD-001,MOCK-D-021,模拟直营·塔伊夫·01店,直营,TAI,丰田,368,31,83.0968,模拟
2025-07,MOCK-TD-001,MOCK-D-022,模拟直营·哈萨·01店,直营,HOF,丰田,384,31,86.7097,模拟
2025-07,MOCK-TD-001,MOCK-D-023,模拟直营·布赖代·01店,直营,BUR,丰田,331,31,74.7419,模拟
2025-07,MOCK-TD-001,MOCK-D-024,模拟直营·布赖代·02店,直营,BUR,丰田,440,31,99.3548,模拟
2025-07,MOCK-TD-001,MOCK-D-025,模拟直营·欧奈宰·01店,直营,UNA,丰田,328,31,74.0645,模拟
2025-07,MOCK-TD-001,MOCK-D-026,模拟直营·哈伊勒·01店,直营,HAI,丰田,404,31,91.2258,模拟
2025-07,MOCK-TD-001,MOCK-D-027,模拟直营·塔布克·01店,直营,TAB,丰田,332,31,74.9677,模拟
2025-07,MOCK-TD-001,MOCK-D-028,模拟直营·艾卜哈·01店,直营,ABH,丰田,388,31,87.6129,模拟
2025-07,MOCK-TD-001,MOCK-D-029,模拟直营·艾卜哈·02店,直营,ABH,丰田,338,31,76.3226,模拟
2025-07,MOCK-TD-001,MOCK-D-030,模拟直营·海米斯穆谢特·01店,直营,KHM,丰田,274,31,61.871,模拟
2025-07,MOCK-TD-001,MOCK-D-031,模拟直营·吉赞·01店,直营,JAZ,丰田,263,31,59.3871,模拟
2025-07,MOCK-TD-001,MOCK-D-032,模拟直营·奈季兰·01店,直营,NAJ,丰田,274,31,61.871,模拟
2025-07,MOCK-TD-001,MOCK-D-033,模拟直营·延布·01店,直营,YAN,丰田,307,31,69.3226,模拟
2025-07,MOCK-TD-001,MOCK-D-034,模拟直营·朱拜勒·01店,直营,JUB,丰田,413,31,93.2581,模拟
2025-07,MOCK-TA-001,MOCK-L2-001,模拟二级展厅·利雅得·01店,二级展厅,RUH,丰田,161,31,36.3548,模拟
2025-07,MOCK-TA-002,MOCK-L2-002,模拟二级展厅·利雅得·02店,二级展厅,RUH,丰田,138,31,31.1613,模拟
2025-07,MOCK-TA-003,MOCK-L2-003,模拟二级展厅·利雅得·03店,二级展厅,RUH,丰田,141,31,31.8387,模拟
2025-07,MOCK-TA-004,MOCK-L2-004,模拟二级展厅·利雅得·04店,二级展厅,RUH,丰田,215,31,48.5484,模拟
2025-07,MOCK-TA-005,MOCK-L2-005,模拟二级展厅·利雅得·05店,二级展厅,RUH,丰田,150,31,33.871,模拟
2025-07,MOCK-TA-006,MOCK-L2-006,模拟二级展厅·利雅得·06店,二级展厅,RUH,丰田,183,31,41.3226,模拟
2025-07,MOCK-TA-007,MOCK-L2-007,模拟二级展厅·利雅得·07店,二级展厅,RUH,丰田,130,31,29.3548,模拟
2025-07,MOCK-TA-008,MOCK-L2-008,模拟二级展厅·利雅得·08店,二级展厅,RUH,丰田,152,31,34.3226,模拟
2025-07,MOCK-TA-009,MOCK-L2-009,模拟二级展厅·吉达·01店,二级展厅,JED,丰田,141,31,31.8387,模拟
2025-07,MOCK-TA-010,MOCK-L2-010,模拟二级展厅·吉达·02店,二级展厅,JED,丰田,221,31,49.9032,模拟
2025-07,MOCK-TA-011,MOCK-L2-011,模拟二级展厅·吉达·03店,二级展厅,JED,丰田,131,31,29.5806,模拟
2025-07,MOCK-TA-012,MOCK-L2-012,模拟二级展厅·吉达·04店,二级展厅,JED,丰田,190,31,42.9032,模拟
2025-07,MOCK-TA-013,MOCK-L2-013,模拟二级展厅·吉达·05店,二级展厅,JED,丰田,154,31,34.7742,模拟
2025-07,MOCK-TA-014,MOCK-L2-014,模拟二级展厅·吉达·06店,二级展厅,JED,丰田,141,31,31.8387,模拟
2025-07,MOCK-TA-015,MOCK-L2-015,模拟二级展厅·达曼·01店,二级展厅,DMM,丰田,136,31,30.7097,模拟
2025-07,MOCK-TA-016,MOCK-L2-016,模拟二级展厅·达曼·02店,二级展厅,DMM,丰田,118,31,26.6452,模拟
2025-07,MOCK-TA-017,MOCK-L2-017,模拟二级展厅·达曼·03店,二级展厅,DMM,丰田,136,31,30.7097,模拟
2025-07,MOCK-TA-018,MOCK-L2-018,模拟二级展厅·达曼·04店,二级展厅,DMM,丰田,148,31,33.4194,模拟
2025-07,MOCK-TA-019,MOCK-L2-019,模拟二级展厅·胡拜尔·01店,二级展厅,KHO,丰田,132,31,29.8065,模拟
2025-07,MOCK-TA-020,MOCK-L2-020,模拟二级展厅·胡拜尔·02店,二级展厅,KHO,丰田,145,31,32.7419,模拟
2025-07,MOCK-TA-021,MOCK-L2-021,模拟二级展厅·麦加·01店,二级展厅,MAK,丰田,137,31,30.9355,模拟
2025-07,MOCK-TA-022,MOCK-L2-022,模拟二级展厅·麦加·02店,二级展厅,MAK,丰田,151,31,34.0968,模拟
2025-07,MOCK-TA-023,MOCK-L2-023,模拟二级展厅·麦加·03店,二级展厅,MAK,丰田,124,31,28,模拟
2025-07,MOCK-TA-024,MOCK-L2-024,模拟二级展厅·麦地那·01店,二级展厅,MED,丰田,130,31,29.3548,模拟
2025-07,MOCK-TA-025,MOCK-L2-025,模拟二级展厅·麦地那·02店,二级展厅,MED,丰田,139,31,31.3871,模拟
2025-07,MOCK-TA-026,MOCK-L2-026,模拟二级展厅·塔伊夫·01店,二级展厅,TAI,丰田,101,31,22.8065,模拟
2025-07,MOCK-TA-027,MOCK-L2-027,模拟二级展厅·塔伊夫·02店,二级展厅,TAI,丰田,116,31,26.1935,模拟
2025-07,MOCK-TA-028,MOCK-L2-028,模拟二级展厅·哈萨·01店,二级展厅,HOF,丰田,127,31,28.6774,模拟
2025-07,MOCK-TA-029,MOCK-L2-029,模拟二级展厅·哈萨·02店,二级展厅,HOF,丰田,123,31,27.7742,模拟
2025-07,MOCK-TA-030,MOCK-L2-030,模拟二级展厅·布赖代·01店,二级展厅,BUR,丰田,130,31,29.3548,模拟
2025-07,MOCK-TA-031,MOCK-L2-031,模拟二级展厅·布赖代·02店,二级展厅,BUR,丰田,117,31,26.4194,模拟
2025-07,MOCK-TA-032,MOCK-L2-032,模拟二级展厅·布赖代·03店,二级展厅,BUR,丰田,133,31,30.0323,模拟
2025-07,MOCK-TA-033,MOCK-L2-033,模拟二级展厅·欧奈宰·01店,二级展厅,UNA,丰田,102,31,23.0323,模拟
2025-07,MOCK-TA-034,MOCK-L2-034,模拟二级展厅·哈伊勒·01店,二级展厅,HAI,丰田,124,31,28,模拟
2025-07,MOCK-TA-035,MOCK-L2-035,模拟二级展厅·哈伊勒·02店,二级展厅,HAI,丰田,102,31,23.0323,模拟
2025-07,MOCK-TA-036,MOCK-L2-036,模拟二级展厅·塔布克·01店,二级展厅,TAB,丰田,97,31,21.9032,模拟
2025-07,MOCK-TA-037,MOCK-L2-037,模拟二级展厅·塔布克·02店,二级展厅,TAB,丰田,95,31,21.4516,模拟
2025-07,MOCK-TA-038,MOCK-L2-038,模拟二级展厅·艾卜哈·01店,二级展厅,ABH,丰田,102,31,23.0323,模拟
2025-07,MOCK-TA-039,MOCK-L2-039,模拟二级展厅·艾卜哈·02店,二级展厅,ABH,丰田,136,31,30.7097,模拟
2025-07,MOCK-TA-040,MOCK-L2-040,模拟二级展厅·海米斯穆谢特·01店,二级展厅,KHM,丰田,110,31,24.8387,模拟
2025-07,MOCK-TA-041,MOCK-L2-041,模拟二级展厅·吉赞·01店,二级展厅,JAZ,丰田,144,31,32.5161,模拟
2025-07,MOCK-TA-042,MOCK-L2-042,模拟二级展厅·吉赞·02店,二级展厅,JAZ,丰田,125,31,28.2258,模拟
2025-07,MOCK-TA-043,MOCK-L2-043,模拟二级展厅·奈季兰·01店,二级展厅,NAJ,丰田,98,31,22.129,模拟
2025-07,MOCK-TA-044,MOCK-L2-044,模拟二级展厅·延布·01店,二级展厅,YAN,丰田,133,31,30.0323,模拟
2025-07,MOCK-TA-045,MOCK-L2-045,模拟二级展厅·朱拜勒·01店,二级展厅,JUB,丰田,109,31,24.6129,模拟
2025-07,MOCK-TD-001,MOCK-D-001,模拟直营·利雅得·01店,直营,RUH,雷克萨斯,152,31,34.3226,模拟
2025-07,MOCK-TD-001,MOCK-D-002,模拟直营·利雅得·02店,直营,RUH,雷克萨斯,103,31,23.2581,模拟
2025-07,MOCK-TD-001,MOCK-D-003,模拟直营·利雅得·03店,直营,RUH,雷克萨斯,113,31,25.5161,模拟
2025-07,MOCK-TD-001,MOCK-D-007,模拟直营·吉达·01店,直营,JED,雷克萨斯,99,31,22.3548,模拟
2025-07,MOCK-TD-001,MOCK-D-008,模拟直营·吉达·02店,直营,JED,雷克萨斯,129,31,29.129,模拟
2025-07,MOCK-TD-001,MOCK-D-009,模拟直营·吉达·03店,直营,JED,雷克萨斯,117,31,26.4194,模拟
2025-07,MOCK-TD-001,MOCK-D-012,模拟直营·达曼·01店,直营,DMM,雷克萨斯,92,31,20.7742,模拟
2025-07,MOCK-TD-001,MOCK-D-015,模拟直营·胡拜尔·01店,直营,KHO,雷克萨斯,99,31,22.3548,模拟
2025-07,MOCK-TD-001,MOCK-D-017,模拟直营·麦加·01店,直营,MAK,雷克萨斯,89,31,20.0968,模拟
2025-07,MOCK-TD-001,MOCK-D-019,模拟直营·麦地那·01店,直营,MED,雷克萨斯,98,31,22.129,模拟
2025-07,MOCK-TD-001,MOCK-D-023,模拟直营·布赖代·01店,直营,BUR,雷克萨斯,72,31,16.2581,模拟
2025-07,MOCK-TD-001,MOCK-D-028,模拟直营·艾卜哈·01店,直营,ABH,雷克萨斯,86,31,19.4194,模拟
2025-07,MOCK-TA-001,MOCK-L2-001,模拟二级展厅·利雅得·01店,二级展厅,RUH,雷克萨斯,21,31,4.7419,模拟
2025-07,MOCK-TA-009,MOCK-L2-009,模拟二级展厅·吉达·01店,二级展厅,JED,雷克萨斯,18,31,4.0645,模拟
2025-07,MOCK-TA-015,MOCK-L2-015,模拟二级展厅·达曼·01店,二级展厅,DMM,雷克萨斯,18,31,4.0645,模拟
2025-07,MOCK-TA-019,MOCK-L2-019,模拟二级展厅·胡拜尔·01店,二级展厅,KHO,雷克萨斯,16,31,3.6129,模拟
2025-07,MOCK-TA-021,MOCK-L2-021,模拟二级展厅·麦加·01店,二级展厅,MAK,雷克萨斯,17,31,3.8387,模拟
2025-07,MOCK-TA-024,MOCK-L2-024,模拟二级展厅·麦地那·01店,二级展厅,MED,雷克萨斯,14,31,3.1613,模拟
2025-07,MOCK-TA-030,MOCK-L2-030,模拟二级展厅·布赖代·01店,二级展厅,BUR,雷克萨斯,21,31,4.7419,模拟
2025-07,MOCK-TA-038,MOCK-L2-038,模拟二级展厅·艾卜哈·01店,二级展厅,ABH,雷克萨斯,14,31,3.1613,模拟
2025-08,MOCK-TD-001,MOCK-D-001,模拟直营·利雅得·01店,直营,RUH,丰田,677,31,152.871,模拟
2025-08,MOCK-TD-001,MOCK-D-002,模拟直营·利雅得·02店,直营,RUH,丰田,448,31,101.1613,模拟
2025-08,MOCK-TD-001,MOCK-D-003,模拟直营·利雅得·03店,直营,RUH,丰田,559,31,126.2258,模拟
2025-08,MOCK-TD-001,MOCK-D-004,模拟直营·利雅得·04店,直营,RUH,丰田,552,31,124.6452,模拟
2025-08,MOCK-TD-001,MOCK-D-005,模拟直营·利雅得·05店,直营,RUH,丰田,487,31,109.9677,模拟
2025-08,MOCK-TD-001,MOCK-D-006,模拟直营·利雅得·06店,直营,RUH,丰田,432,31,97.5484,模拟
2025-08,MOCK-TD-001,MOCK-D-007,模拟直营·吉达·01店,直营,JED,丰田,527,31,119,模拟
2025-08,MOCK-TD-001,MOCK-D-008,模拟直营·吉达·02店,直营,JED,丰田,614,31,138.6452,模拟
2025-08,MOCK-TD-001,MOCK-D-009,模拟直营·吉达·03店,直营,JED,丰田,635,31,143.3871,模拟
2025-08,MOCK-TD-001,MOCK-D-010,模拟直营·吉达·04店,直营,JED,丰田,528,31,119.2258,模拟
2025-08,MOCK-TD-001,MOCK-D-011,模拟直营·吉达·05店,直营,JED,丰田,371,31,83.7742,模拟
2025-08,MOCK-TD-001,MOCK-D-012,模拟直营·达曼·01店,直营,DMM,丰田,441,31,99.5806,模拟
2025-08,MOCK-TD-001,MOCK-D-013,模拟直营·达曼·02店,直营,DMM,丰田,473,31,106.8065,模拟
2025-08,MOCK-TD-001,MOCK-D-014,模拟直营·达曼·03店,直营,DMM,丰田,493,31,111.3226,模拟
2025-08,MOCK-TD-001,MOCK-D-015,模拟直营·胡拜尔·01店,直营,KHO,丰田,575,31,129.8387,模拟
2025-08,MOCK-TD-001,MOCK-D-016,模拟直营·胡拜尔·02店,直营,KHO,丰田,421,31,95.0645,模拟
2025-08,MOCK-TD-001,MOCK-D-017,模拟直营·麦加·01店,直营,MAK,丰田,451,31,101.8387,模拟
2025-08,MOCK-TD-001,MOCK-D-018,模拟直营·麦加·02店,直营,MAK,丰田,430,31,97.0968,模拟
2025-08,MOCK-TD-001,MOCK-D-019,模拟直营·麦地那·01店,直营,MED,丰田,558,31,126,模拟
2025-08,MOCK-TD-001,MOCK-D-020,模拟直营·麦地那·02店,直营,MED,丰田,410,31,92.5806,模拟
2025-08,MOCK-TD-001,MOCK-D-021,模拟直营·塔伊夫·01店,直营,TAI,丰田,344,31,77.6774,模拟
2025-08,MOCK-TD-001,MOCK-D-022,模拟直营·哈萨·01店,直营,HOF,丰田,432,31,97.5484,模拟
2025-08,MOCK-TD-001,MOCK-D-023,模拟直营·布赖代·01店,直营,BUR,丰田,301,31,67.9677,模拟
2025-08,MOCK-TD-001,MOCK-D-024,模拟直营·布赖代·02店,直营,BUR,丰田,403,31,91,模拟
2025-08,MOCK-TD-001,MOCK-D-025,模拟直营·欧奈宰·01店,直营,UNA,丰田,334,31,75.4194,模拟
2025-08,MOCK-TD-001,MOCK-D-026,模拟直营·哈伊勒·01店,直营,HAI,丰田,409,31,92.3548,模拟
2025-08,MOCK-TD-001,MOCK-D-027,模拟直营·塔布克·01店,直营,TAB,丰田,430,31,97.0968,模拟
2025-08,MOCK-TD-001,MOCK-D-028,模拟直营·艾卜哈·01店,直营,ABH,丰田,517,31,116.7419,模拟
2025-08,MOCK-TD-001,MOCK-D-029,模拟直营·艾卜哈·02店,直营,ABH,丰田,375,31,84.6774,模拟
2025-08,MOCK-TD-001,MOCK-D-030,模拟直营·海米斯穆谢特·01店,直营,KHM,丰田,322,31,72.7097,模拟
2025-08,MOCK-TD-001,MOCK-D-031,模拟直营·吉赞·01店,直营,JAZ,丰田,330,31,74.5161,模拟
2025-08,MOCK-TD-001,MOCK-D-032,模拟直营·奈季兰·01店,直营,NAJ,丰田,319,31,72.0323,模拟
2025-08,MOCK-TD-001,MOCK-D-033,模拟直营·延布·01店,直营,YAN,丰田,333,31,75.1935,模拟
2025-08,MOCK-TD-001,MOCK-D-034,模拟直营·朱拜勒·01店,直营,JUB,丰田,380,31,85.8065,模拟
2025-08,MOCK-TA-001,MOCK-L2-001,模拟二级展厅·利雅得·01店,二级展厅,RUH,丰田,152,31,34.3226,模拟
2025-08,MOCK-TA-002,MOCK-L2-002,模拟二级展厅·利雅得·02店,二级展厅,RUH,丰田,173,31,39.0645,模拟
2025-08,MOCK-TA-003,MOCK-L2-003,模拟二级展厅·利雅得·03店,二级展厅,RUH,丰田,156,31,35.2258,模拟
2025-08,MOCK-TA-004,MOCK-L2-004,模拟二级展厅·利雅得·04店,二级展厅,RUH,丰田,219,31,49.4516,模拟
2025-08,MOCK-TA-005,MOCK-L2-005,模拟二级展厅·利雅得·05店,二级展厅,RUH,丰田,141,31,31.8387,模拟
2025-08,MOCK-TA-006,MOCK-L2-006,模拟二级展厅·利雅得·06店,二级展厅,RUH,丰田,209,31,47.1935,模拟
2025-08,MOCK-TA-007,MOCK-L2-007,模拟二级展厅·利雅得·07店,二级展厅,RUH,丰田,145,31,32.7419,模拟
2025-08,MOCK-TA-008,MOCK-L2-008,模拟二级展厅·利雅得·08店,二级展厅,RUH,丰田,152,31,34.3226,模拟
2025-08,MOCK-TA-009,MOCK-L2-009,模拟二级展厅·吉达·01店,二级展厅,JED,丰田,166,31,37.4839,模拟
2025-08,MOCK-TA-010,MOCK-L2-010,模拟二级展厅·吉达·02店,二级展厅,JED,丰田,248,31,56,模拟
2025-08,MOCK-TA-011,MOCK-L2-011,模拟二级展厅·吉达·03店,二级展厅,JED,丰田,141,31,31.8387,模拟
2025-08,MOCK-TA-012,MOCK-L2-012,模拟二级展厅·吉达·04店,二级展厅,JED,丰田,193,31,43.5806,模拟
2025-08,MOCK-TA-013,MOCK-L2-013,模拟二级展厅·吉达·05店,二级展厅,JED,丰田,197,31,44.4839,模拟
2025-08,MOCK-TA-014,MOCK-L2-014,模拟二级展厅·吉达·06店,二级展厅,JED,丰田,146,31,32.9677,模拟
2025-08,MOCK-TA-015,MOCK-L2-015,模拟二级展厅·达曼·01店,二级展厅,DMM,丰田,132,31,29.8065,模拟
2025-08,MOCK-TA-016,MOCK-L2-016,模拟二级展厅·达曼·02店,二级展厅,DMM,丰田,141,31,31.8387,模拟
2025-08,MOCK-TA-017,MOCK-L2-017,模拟二级展厅·达曼·03店,二级展厅,DMM,丰田,160,31,36.129,模拟
2025-08,MOCK-TA-018,MOCK-L2-018,模拟二级展厅·达曼·04店,二级展厅,DMM,丰田,149,31,33.6452,模拟
2025-08,MOCK-TA-019,MOCK-L2-019,模拟二级展厅·胡拜尔·01店,二级展厅,KHO,丰田,157,31,35.4516,模拟
2025-08,MOCK-TA-020,MOCK-L2-020,模拟二级展厅·胡拜尔·02店,二级展厅,KHO,丰田,177,31,39.9677,模拟
2025-08,MOCK-TA-021,MOCK-L2-021,模拟二级展厅·麦加·01店,二级展厅,MAK,丰田,134,31,30.2581,模拟
2025-08,MOCK-TA-022,MOCK-L2-022,模拟二级展厅·麦加·02店,二级展厅,MAK,丰田,151,31,34.0968,模拟
2025-08,MOCK-TA-023,MOCK-L2-023,模拟二级展厅·麦加·03店,二级展厅,MAK,丰田,148,31,33.4194,模拟
2025-08,MOCK-TA-024,MOCK-L2-024,模拟二级展厅·麦地那·01店,二级展厅,MED,丰田,119,31,26.871,模拟
2025-08,MOCK-TA-025,MOCK-L2-025,模拟二级展厅·麦地那·02店,二级展厅,MED,丰田,157,31,35.4516,模拟
2025-08,MOCK-TA-026,MOCK-L2-026,模拟二级展厅·塔伊夫·01店,二级展厅,TAI,丰田,121,31,27.3226,模拟
2025-08,MOCK-TA-027,MOCK-L2-027,模拟二级展厅·塔伊夫·02店,二级展厅,TAI,丰田,115,31,25.9677,模拟
2025-08,MOCK-TA-028,MOCK-L2-028,模拟二级展厅·哈萨·01店,二级展厅,HOF,丰田,138,31,31.1613,模拟
2025-08,MOCK-TA-029,MOCK-L2-029,模拟二级展厅·哈萨·02店,二级展厅,HOF,丰田,117,31,26.4194,模拟
2025-08,MOCK-TA-030,MOCK-L2-030,模拟二级展厅·布赖代·01店,二级展厅,BUR,丰田,173,31,39.0645,模拟
2025-08,MOCK-TA-031,MOCK-L2-031,模拟二级展厅·布赖代·02店,二级展厅,BUR,丰田,148,31,33.4194,模拟
2025-08,MOCK-TA-032,MOCK-L2-032,模拟二级展厅·布赖代·03店,二级展厅,BUR,丰田,158,31,35.6774,模拟
2025-08,MOCK-TA-033,MOCK-L2-033,模拟二级展厅·欧奈宰·01店,二级展厅,UNA,丰田,112,31,25.2903,模拟
2025-08,MOCK-TA-034,MOCK-L2-034,模拟二级展厅·哈伊勒·01店,二级展厅,HAI,丰田,133,31,30.0323,模拟
2025-08,MOCK-TA-035,MOCK-L2-035,模拟二级展厅·哈伊勒·02店,二级展厅,HAI,丰田,96,31,21.6774,模拟
2025-08,MOCK-TA-036,MOCK-L2-036,模拟二级展厅·塔布克·01店,二级展厅,TAB,丰田,93,31,21,模拟
2025-08,MOCK-TA-037,MOCK-L2-037,模拟二级展厅·塔布克·02店,二级展厅,TAB,丰田,106,31,23.9355,模拟
2025-08,MOCK-TA-038,MOCK-L2-038,模拟二级展厅·艾卜哈·01店,二级展厅,ABH,丰田,112,31,25.2903,模拟
2025-08,MOCK-TA-039,MOCK-L2-039,模拟二级展厅·艾卜哈·02店,二级展厅,ABH,丰田,135,31,30.4839,模拟
2025-08,MOCK-TA-040,MOCK-L2-040,模拟二级展厅·海米斯穆谢特·01店,二级展厅,KHM,丰田,112,31,25.2903,模拟
2025-08,MOCK-TA-041,MOCK-L2-041,模拟二级展厅·吉赞·01店,二级展厅,JAZ,丰田,155,31,35,模拟
2025-08,MOCK-TA-042,MOCK-L2-042,模拟二级展厅·吉赞·02店,二级展厅,JAZ,丰田,141,31,31.8387,模拟
2025-08,MOCK-TA-043,MOCK-L2-043,模拟二级展厅·奈季兰·01店,二级展厅,NAJ,丰田,94,31,21.2258,模拟
2025-08,MOCK-TA-044,MOCK-L2-044,模拟二级展厅·延布·01店,二级展厅,YAN,丰田,117,31,26.4194,模拟
2025-08,MOCK-TA-045,MOCK-L2-045,模拟二级展厅·朱拜勒·01店,二级展厅,JUB,丰田,123,31,27.7742,模拟
2025-08,MOCK-TD-001,MOCK-D-001,模拟直营·利雅得·01店,直营,RUH,雷克萨斯,143,31,32.2903,模拟
2025-08,MOCK-TD-001,MOCK-D-002,模拟直营·利雅得·02店,直营,RUH,雷克萨斯,102,31,23.0323,模拟
2025-08,MOCK-TD-001,MOCK-D-003,模拟直营·利雅得·03店,直营,RUH,雷克萨斯,95,31,21.4516,模拟
2025-08,MOCK-TD-001,MOCK-D-007,模拟直营·吉达·01店,直营,JED,雷克萨斯,99,31,22.3548,模拟
2025-08,MOCK-TD-001,MOCK-D-008,模拟直营·吉达·02店,直营,JED,雷克萨斯,121,31,27.3226,模拟
2025-08,MOCK-TD-001,MOCK-D-009,模拟直营·吉达·03店,直营,JED,雷克萨斯,121,31,27.3226,模拟
2025-08,MOCK-TD-001,MOCK-D-012,模拟直营·达曼·01店,直营,DMM,雷克萨斯,103,31,23.2581,模拟
2025-08,MOCK-TD-001,MOCK-D-015,模拟直营·胡拜尔·01店,直营,KHO,雷克萨斯,103,31,23.2581,模拟
2025-08,MOCK-TD-001,MOCK-D-017,模拟直营·麦加·01店,直营,MAK,雷克萨斯,84,31,18.9677,模拟
2025-08,MOCK-TD-001,MOCK-D-019,模拟直营·麦地那·01店,直营,MED,雷克萨斯,104,31,23.4839,模拟
2025-08,MOCK-TD-001,MOCK-D-023,模拟直营·布赖代·01店,直营,BUR,雷克萨斯,74,31,16.7097,模拟
2025-08,MOCK-TD-001,MOCK-D-028,模拟直营·艾卜哈·01店,直营,ABH,雷克萨斯,100,31,22.5806,模拟
2025-08,MOCK-TA-001,MOCK-L2-001,模拟二级展厅·利雅得·01店,二级展厅,RUH,雷克萨斯,20,31,4.5161,模拟
2025-08,MOCK-TA-009,MOCK-L2-009,模拟二级展厅·吉达·01店,二级展厅,JED,雷克萨斯,20,31,4.5161,模拟
2025-08,MOCK-TA-015,MOCK-L2-015,模拟二级展厅·达曼·01店,二级展厅,DMM,雷克萨斯,15,31,3.3871,模拟
2025-08,MOCK-TA-019,MOCK-L2-019,模拟二级展厅·胡拜尔·01店,二级展厅,KHO,雷克萨斯,17,31,3.8387,模拟
2025-08,MOCK-TA-021,MOCK-L2-021,模拟二级展厅·麦加·01店,二级展厅,MAK,雷克萨斯,17,31,3.8387,模拟
2025-08,MOCK-TA-024,MOCK-L2-024,模拟二级展厅·麦地那·01店,二级展厅,MED,雷克萨斯,17,31,3.8387,模拟
2025-08,MOCK-TA-030,MOCK-L2-030,模拟二级展厅·布赖代·01店,二级展厅,BUR,雷克萨斯,19,31,4.2903,模拟
2025-08,MOCK-TA-038,MOCK-L2-038,模拟二级展厅·艾卜哈·01店,二级展厅,ABH,雷克萨斯,14,31,3.1613,模拟
2025-09,MOCK-TD-001,MOCK-D-001,模拟直营·利雅得·01店,直营,RUH,丰田,693,30,161.7,模拟
2025-09,MOCK-TD-001,MOCK-D-002,模拟直营·利雅得·02店,直营,RUH,丰田,460,30,107.3333,模拟
2025-09,MOCK-TD-001,MOCK-D-003,模拟直营·利雅得·03店,直营,RUH,丰田,515,30,120.1667,模拟
2025-09,MOCK-TD-001,MOCK-D-004,模拟直营·利雅得·04店,直营,RUH,丰田,580,30,135.3333,模拟
2025-09,MOCK-TD-001,MOCK-D-005,模拟直营·利雅得·05店,直营,RUH,丰田,440,30,102.6667,模拟
2025-09,MOCK-TD-001,MOCK-D-006,模拟直营·利雅得·06店,直营,RUH,丰田,487,30,113.6333,模拟
2025-09,MOCK-TD-001,MOCK-D-007,模拟直营·吉达·01店,直营,JED,丰田,549,30,128.1,模拟
2025-09,MOCK-TD-001,MOCK-D-008,模拟直营·吉达·02店,直营,JED,丰田,686,30,160.0667,模拟
2025-09,MOCK-TD-001,MOCK-D-009,模拟直营·吉达·03店,直营,JED,丰田,584,30,136.2667,模拟
2025-09,MOCK-TD-001,MOCK-D-010,模拟直营·吉达·04店,直营,JED,丰田,567,30,132.3,模拟
2025-09,MOCK-TD-001,MOCK-D-011,模拟直营·吉达·05店,直营,JED,丰田,423,30,98.7,模拟
2025-09,MOCK-TD-001,MOCK-D-012,模拟直营·达曼·01店,直营,DMM,丰田,473,30,110.3667,模拟
2025-09,MOCK-TD-001,MOCK-D-013,模拟直营·达曼·02店,直营,DMM,丰田,438,30,102.2,模拟
2025-09,MOCK-TD-001,MOCK-D-014,模拟直营·达曼·03店,直营,DMM,丰田,499,30,116.4333,模拟
2025-09,MOCK-TD-001,MOCK-D-015,模拟直营·胡拜尔·01店,直营,KHO,丰田,542,30,126.4667,模拟
2025-09,MOCK-TD-001,MOCK-D-016,模拟直营·胡拜尔·02店,直营,KHO,丰田,476,30,111.0667,模拟
2025-09,MOCK-TD-001,MOCK-D-017,模拟直营·麦加·01店,直营,MAK,丰田,434,30,101.2667,模拟
2025-09,MOCK-TD-001,MOCK-D-018,模拟直营·麦加·02店,直营,MAK,丰田,389,30,90.7667,模拟
2025-09,MOCK-TD-001,MOCK-D-019,模拟直营·麦地那·01店,直营,MED,丰田,556,30,129.7333,模拟
2025-09,MOCK-TD-001,MOCK-D-020,模拟直营·麦地那·02店,直营,MED,丰田,482,30,112.4667,模拟
2025-09,MOCK-TD-001,MOCK-D-021,模拟直营·塔伊夫·01店,直营,TAI,丰田,351,30,81.9,模拟
2025-09,MOCK-TD-001,MOCK-D-022,模拟直营·哈萨·01店,直营,HOF,丰田,495,30,115.5,模拟
2025-09,MOCK-TD-001,MOCK-D-023,模拟直营·布赖代·01店,直营,BUR,丰田,320,30,74.6667,模拟
2025-09,MOCK-TD-001,MOCK-D-024,模拟直营·布赖代·02店,直营,BUR,丰田,466,30,108.7333,模拟
2025-09,MOCK-TD-001,MOCK-D-025,模拟直营·欧奈宰·01店,直营,UNA,丰田,388,30,90.5333,模拟
2025-09,MOCK-TD-001,MOCK-D-026,模拟直营·哈伊勒·01店,直营,HAI,丰田,430,30,100.3333,模拟
2025-09,MOCK-TD-001,MOCK-D-027,模拟直营·塔布克·01店,直营,TAB,丰田,398,30,92.8667,模拟
2025-09,MOCK-TD-001,MOCK-D-028,模拟直营·艾卜哈·01店,直营,ABH,丰田,477,30,111.3,模拟
2025-09,MOCK-TD-001,MOCK-D-029,模拟直营·艾卜哈·02店,直营,ABH,丰田,338,30,78.8667,模拟
2025-09,MOCK-TD-001,MOCK-D-030,模拟直营·海米斯穆谢特·01店,直营,KHM,丰田,288,30,67.2,模拟
2025-09,MOCK-TD-001,MOCK-D-031,模拟直营·吉赞·01店,直营,JAZ,丰田,276,30,64.4,模拟
2025-09,MOCK-TD-001,MOCK-D-032,模拟直营·奈季兰·01店,直营,NAJ,丰田,300,30,70,模拟
2025-09,MOCK-TD-001,MOCK-D-033,模拟直营·延布·01店,直营,YAN,丰田,308,30,71.8667,模拟
2025-09,MOCK-TD-001,MOCK-D-034,模拟直营·朱拜勒·01店,直营,JUB,丰田,434,30,101.2667,模拟
2025-09,MOCK-TA-001,MOCK-L2-001,模拟二级展厅·利雅得·01店,二级展厅,RUH,丰田,188,30,43.8667,模拟
2025-09,MOCK-TA-002,MOCK-L2-002,模拟二级展厅·利雅得·02店,二级展厅,RUH,丰田,167,30,38.9667,模拟
2025-09,MOCK-TA-003,MOCK-L2-003,模拟二级展厅·利雅得·03店,二级展厅,RUH,丰田,156,30,36.4,模拟
2025-09,MOCK-TA-004,MOCK-L2-004,模拟二级展厅·利雅得·04店,二级展厅,RUH,丰田,211,30,49.2333,模拟
2025-09,MOCK-TA-005,MOCK-L2-005,模拟二级展厅·利雅得·05店,二级展厅,RUH,丰田,165,30,38.5,模拟
2025-09,MOCK-TA-006,MOCK-L2-006,模拟二级展厅·利雅得·06店,二级展厅,RUH,丰田,184,30,42.9333,模拟
2025-09,MOCK-TA-007,MOCK-L2-007,模拟二级展厅·利雅得·07店,二级展厅,RUH,丰田,144,30,33.6,模拟
2025-09,MOCK-TA-008,MOCK-L2-008,模拟二级展厅·利雅得·08店,二级展厅,RUH,丰田,150,30,35,模拟
2025-09,MOCK-TA-009,MOCK-L2-009,模拟二级展厅·吉达·01店,二级展厅,JED,丰田,186,30,43.4,模拟
2025-09,MOCK-TA-010,MOCK-L2-010,模拟二级展厅·吉达·02店,二级展厅,JED,丰田,215,30,50.1667,模拟
2025-09,MOCK-TA-011,MOCK-L2-011,模拟二级展厅·吉达·03店,二级展厅,JED,丰田,146,30,34.0667,模拟
2025-09,MOCK-TA-012,MOCK-L2-012,模拟二级展厅·吉达·04店,二级展厅,JED,丰田,173,30,40.3667,模拟
2025-09,MOCK-TA-013,MOCK-L2-013,模拟二级展厅·吉达·05店,二级展厅,JED,丰田,207,30,48.3,模拟
2025-09,MOCK-TA-014,MOCK-L2-014,模拟二级展厅·吉达·06店,二级展厅,JED,丰田,176,30,41.0667,模拟
2025-09,MOCK-TA-015,MOCK-L2-015,模拟二级展厅·达曼·01店,二级展厅,DMM,丰田,151,30,35.2333,模拟
2025-09,MOCK-TA-016,MOCK-L2-016,模拟二级展厅·达曼·02店,二级展厅,DMM,丰田,146,30,34.0667,模拟
2025-09,MOCK-TA-017,MOCK-L2-017,模拟二级展厅·达曼·03店,二级展厅,DMM,丰田,155,30,36.1667,模拟
2025-09,MOCK-TA-018,MOCK-L2-018,模拟二级展厅·达曼·04店,二级展厅,DMM,丰田,168,30,39.2,模拟
2025-09,MOCK-TA-019,MOCK-L2-019,模拟二级展厅·胡拜尔·01店,二级展厅,KHO,丰田,148,30,34.5333,模拟
2025-09,MOCK-TA-020,MOCK-L2-020,模拟二级展厅·胡拜尔·02店,二级展厅,KHO,丰田,192,30,44.8,模拟
2025-09,MOCK-TA-021,MOCK-L2-021,模拟二级展厅·麦加·01店,二级展厅,MAK,丰田,156,30,36.4,模拟
2025-09,MOCK-TA-022,MOCK-L2-022,模拟二级展厅·麦加·02店,二级展厅,MAK,丰田,139,30,32.4333,模拟
2025-09,MOCK-TA-023,MOCK-L2-023,模拟二级展厅·麦加·03店,二级展厅,MAK,丰田,157,30,36.6333,模拟
2025-09,MOCK-TA-024,MOCK-L2-024,模拟二级展厅·麦地那·01店,二级展厅,MED,丰田,139,30,32.4333,模拟
2025-09,MOCK-TA-025,MOCK-L2-025,模拟二级展厅·麦地那·02店,二级展厅,MED,丰田,149,30,34.7667,模拟
2025-09,MOCK-TA-026,MOCK-L2-026,模拟二级展厅·塔伊夫·01店,二级展厅,TAI,丰田,104,30,24.2667,模拟
2025-09,MOCK-TA-027,MOCK-L2-027,模拟二级展厅·塔伊夫·02店,二级展厅,TAI,丰田,124,30,28.9333,模拟
2025-09,MOCK-TA-028,MOCK-L2-028,模拟二级展厅·哈萨·01店,二级展厅,HOF,丰田,124,30,28.9333,模拟
2025-09,MOCK-TA-029,MOCK-L2-029,模拟二级展厅·哈萨·02店,二级展厅,HOF,丰田,139,30,32.4333,模拟
2025-09,MOCK-TA-030,MOCK-L2-030,模拟二级展厅·布赖代·01店,二级展厅,BUR,丰田,146,30,34.0667,模拟
2025-09,MOCK-TA-031,MOCK-L2-031,模拟二级展厅·布赖代·02店,二级展厅,BUR,丰田,154,30,35.9333,模拟
2025-09,MOCK-TA-032,MOCK-L2-032,模拟二级展厅·布赖代·03店,二级展厅,BUR,丰田,165,30,38.5,模拟
2025-09,MOCK-TA-033,MOCK-L2-033,模拟二级展厅·欧奈宰·01店,二级展厅,UNA,丰田,102,30,23.8,模拟
2025-09,MOCK-TA-034,MOCK-L2-034,模拟二级展厅·哈伊勒·01店,二级展厅,HAI,丰田,116,30,27.0667,模拟
2025-09,MOCK-TA-035,MOCK-L2-035,模拟二级展厅·哈伊勒·02店,二级展厅,HAI,丰田,93,30,21.7,模拟
2025-09,MOCK-TA-036,MOCK-L2-036,模拟二级展厅·塔布克·01店,二级展厅,TAB,丰田,94,30,21.9333,模拟
2025-09,MOCK-TA-037,MOCK-L2-037,模拟二级展厅·塔布克·02店,二级展厅,TAB,丰田,100,30,23.3333,模拟
2025-09,MOCK-TA-038,MOCK-L2-038,模拟二级展厅·艾卜哈·01店,二级展厅,ABH,丰田,116,30,27.0667,模拟
2025-09,MOCK-TA-039,MOCK-L2-039,模拟二级展厅·艾卜哈·02店,二级展厅,ABH,丰田,136,30,31.7333,模拟
2025-09,MOCK-TA-040,MOCK-L2-040,模拟二级展厅·海米斯穆谢特·01店,二级展厅,KHM,丰田,118,30,27.5333,模拟
2025-09,MOCK-TA-041,MOCK-L2-041,模拟二级展厅·吉赞·01店,二级展厅,JAZ,丰田,166,30,38.7333,模拟
2025-09,MOCK-TA-042,MOCK-L2-042,模拟二级展厅·吉赞·02店,二级展厅,JAZ,丰田,135,30,31.5,模拟
2025-09,MOCK-TA-043,MOCK-L2-043,模拟二级展厅·奈季兰·01店,二级展厅,NAJ,丰田,99,30,23.1,模拟
2025-09,MOCK-TA-044,MOCK-L2-044,模拟二级展厅·延布·01店,二级展厅,YAN,丰田,146,30,34.0667,模拟
2025-09,MOCK-TA-045,MOCK-L2-045,模拟二级展厅·朱拜勒·01店,二级展厅,JUB,丰田,116,30,27.0667,模拟
2025-09,MOCK-TD-001,MOCK-D-001,模拟直营·利雅得·01店,直营,RUH,雷克萨斯,130,30,30.3333,模拟
2025-09,MOCK-TD-001,MOCK-D-002,模拟直营·利雅得·02店,直营,RUH,雷克萨斯,94,30,21.9333,模拟
2025-09,MOCK-TD-001,MOCK-D-003,模拟直营·利雅得·03店,直营,RUH,雷克萨斯,112,30,26.1333,模拟
2025-09,MOCK-TD-001,MOCK-D-007,模拟直营·吉达·01店,直营,JED,雷克萨斯,105,30,24.5,模拟
2025-09,MOCK-TD-001,MOCK-D-008,模拟直营·吉达·02店,直营,JED,雷克萨斯,116,30,27.0667,模拟
2025-09,MOCK-TD-001,MOCK-D-009,模拟直营·吉达·03店,直营,JED,雷克萨斯,115,30,26.8333,模拟
2025-09,MOCK-TD-001,MOCK-D-012,模拟直营·达曼·01店,直营,DMM,雷克萨斯,105,30,24.5,模拟
2025-09,MOCK-TD-001,MOCK-D-015,模拟直营·胡拜尔·01店,直营,KHO,雷克萨斯,118,30,27.5333,模拟
2025-09,MOCK-TD-001,MOCK-D-017,模拟直营·麦加·01店,直营,MAK,雷克萨斯,91,30,21.2333,模拟
2025-09,MOCK-TD-001,MOCK-D-019,模拟直营·麦地那·01店,直营,MED,雷克萨斯,105,30,24.5,模拟
2025-09,MOCK-TD-001,MOCK-D-023,模拟直营·布赖代·01店,直营,BUR,雷克萨斯,65,30,15.1667,模拟
2025-09,MOCK-TD-001,MOCK-D-028,模拟直营·艾卜哈·01店,直营,ABH,雷克萨斯,93,30,21.7,模拟
2025-09,MOCK-TA-001,MOCK-L2-001,模拟二级展厅·利雅得·01店,二级展厅,RUH,雷克萨斯,19,30,4.4333,模拟
2025-09,MOCK-TA-009,MOCK-L2-009,模拟二级展厅·吉达·01店,二级展厅,JED,雷克萨斯,20,30,4.6667,模拟
2025-09,MOCK-TA-015,MOCK-L2-015,模拟二级展厅·达曼·01店,二级展厅,DMM,雷克萨斯,16,30,3.7333,模拟
2025-09,MOCK-TA-019,MOCK-L2-019,模拟二级展厅·胡拜尔·01店,二级展厅,KHO,雷克萨斯,17,30,3.9667,模拟
2025-09,MOCK-TA-021,MOCK-L2-021,模拟二级展厅·麦加·01店,二级展厅,MAK,雷克萨斯,19,30,4.4333,模拟
2025-09,MOCK-TA-024,MOCK-L2-024,模拟二级展厅·麦地那·01店,二级展厅,MED,雷克萨斯,15,30,3.5,模拟
2025-09,MOCK-TA-030,MOCK-L2-030,模拟二级展厅·布赖代·01店,二级展厅,BUR,雷克萨斯,20,30,4.6667,模拟
2025-09,MOCK-TA-038,MOCK-L2-038,模拟二级展厅·艾卜哈·01店,二级展厅,ABH,雷克萨斯,13,30,3.0333,模拟
2025-10,MOCK-TD-001,MOCK-D-001,模拟直营·利雅得·01店,直营,RUH,丰田,713,31,161,模拟
2025-10,MOCK-TD-001,MOCK-D-002,模拟直营·利雅得·02店,直营,RUH,丰田,510,31,115.1613,模拟
2025-10,MOCK-TD-001,MOCK-D-003,模拟直营·利雅得·03店,直营,RUH,丰田,574,31,129.6129,模拟
2025-10,MOCK-TD-001,MOCK-D-004,模拟直营·利雅得·04店,直营,RUH,丰田,575,31,129.8387,模拟
2025-10,MOCK-TD-001,MOCK-D-005,模拟直营·利雅得·05店,直营,RUH,丰田,494,31,111.5484,模拟
2025-10,MOCK-TD-001,MOCK-D-006,模拟直营·利雅得·06店,直营,RUH,丰田,423,31,95.5161,模拟
2025-10,MOCK-TD-001,MOCK-D-007,模拟直营·吉达·01店,直营,JED,丰田,555,31,125.3226,模拟
2025-10,MOCK-TD-001,MOCK-D-008,模拟直营·吉达·02店,直营,JED,丰田,651,31,147,模拟
2025-10,MOCK-TD-001,MOCK-D-009,模拟直营·吉达·03店,直营,JED,丰田,540,31,121.9355,模拟
2025-10,MOCK-TD-001,MOCK-D-010,模拟直营·吉达·04店,直营,JED,丰田,556,31,125.5484,模拟
2025-10,MOCK-TD-001,MOCK-D-011,模拟直营·吉达·05店,直营,JED,丰田,476,31,107.4839,模拟
2025-10,MOCK-TD-001,MOCK-D-012,模拟直营·达曼·01店,直营,DMM,丰田,461,31,104.0968,模拟
2025-10,MOCK-TD-001,MOCK-D-013,模拟直营·达曼·02店,直营,DMM,丰田,545,31,123.0645,模拟
2025-10,MOCK-TD-001,MOCK-D-014,模拟直营·达曼·03店,直营,DMM,丰田,494,31,111.5484,模拟
2025-10,MOCK-TD-001,MOCK-D-015,模拟直营·胡拜尔·01店,直营,KHO,丰田,613,31,138.4194,模拟
2025-10,MOCK-TD-001,MOCK-D-016,模拟直营·胡拜尔·02店,直营,KHO,丰田,481,31,108.6129,模拟
2025-10,MOCK-TD-001,MOCK-D-017,模拟直营·麦加·01店,直营,MAK,丰田,402,31,90.7742,模拟
2025-10,MOCK-TD-001,MOCK-D-018,模拟直营·麦加·02店,直营,MAK,丰田,384,31,86.7097,模拟
2025-10,MOCK-TD-001,MOCK-D-019,模拟直营·麦地那·01店,直营,MED,丰田,521,31,117.6452,模拟
2025-10,MOCK-TD-001,MOCK-D-020,模拟直营·麦地那·02店,直营,MED,丰田,488,31,110.1935,模拟
2025-10,MOCK-TD-001,MOCK-D-021,模拟直营·塔伊夫·01店,直营,TAI,丰田,404,31,91.2258,模拟
2025-10,MOCK-TD-001,MOCK-D-022,模拟直营·哈萨·01店,直营,HOF,丰田,504,31,113.8065,模拟
2025-10,MOCK-TD-001,MOCK-D-023,模拟直营·布赖代·01店,直营,BUR,丰田,383,31,86.4839,模拟
2025-10,MOCK-TD-001,MOCK-D-024,模拟直营·布赖代·02店,直营,BUR,丰田,465,31,105,模拟
2025-10,MOCK-TD-001,MOCK-D-025,模拟直营·欧奈宰·01店,直营,UNA,丰田,333,31,75.1935,模拟
2025-10,MOCK-TD-001,MOCK-D-026,模拟直营·哈伊勒·01店,直营,HAI,丰田,456,31,102.9677,模拟
2025-10,MOCK-TD-001,MOCK-D-027,模拟直营·塔布克·01店,直营,TAB,丰田,436,31,98.4516,模拟
2025-10,MOCK-TD-001,MOCK-D-028,模拟直营·艾卜哈·01店,直营,ABH,丰田,487,31,109.9677,模拟
2025-10,MOCK-TD-001,MOCK-D-029,模拟直营·艾卜哈·02店,直营,ABH,丰田,366,31,82.6452,模拟
2025-10,MOCK-TD-001,MOCK-D-030,模拟直营·海米斯穆谢特·01店,直营,KHM,丰田,293,31,66.1613,模拟
2025-10,MOCK-TD-001,MOCK-D-031,模拟直营·吉赞·01店,直营,JAZ,丰田,350,31,79.0323,模拟
2025-10,MOCK-TD-001,MOCK-D-032,模拟直营·奈季兰·01店,直营,NAJ,丰田,333,31,75.1935,模拟
2025-10,MOCK-TD-001,MOCK-D-033,模拟直营·延布·01店,直营,YAN,丰田,337,31,76.0968,模拟
2025-10,MOCK-TD-001,MOCK-D-034,模拟直营·朱拜勒·01店,直营,JUB,丰田,463,31,104.5484,模拟
2025-10,MOCK-TA-001,MOCK-L2-001,模拟二级展厅·利雅得·01店,二级展厅,RUH,丰田,185,31,41.7742,模拟
2025-10,MOCK-TA-002,MOCK-L2-002,模拟二级展厅·利雅得·02店,二级展厅,RUH,丰田,170,31,38.3871,模拟
2025-10,MOCK-TA-003,MOCK-L2-003,模拟二级展厅·利雅得·03店,二级展厅,RUH,丰田,159,31,35.9032,模拟
2025-10,MOCK-TA-004,MOCK-L2-004,模拟二级展厅·利雅得·04店,二级展厅,RUH,丰田,244,31,55.0968,模拟
2025-10,MOCK-TA-005,MOCK-L2-005,模拟二级展厅·利雅得·05店,二级展厅,RUH,丰田,155,31,35,模拟
2025-10,MOCK-TA-006,MOCK-L2-006,模拟二级展厅·利雅得·06店,二级展厅,RUH,丰田,190,31,42.9032,模拟
2025-10,MOCK-TA-007,MOCK-L2-007,模拟二级展厅·利雅得·07店,二级展厅,RUH,丰田,181,31,40.871,模拟
2025-10,MOCK-TA-008,MOCK-L2-008,模拟二级展厅·利雅得·08店,二级展厅,RUH,丰田,161,31,36.3548,模拟
2025-10,MOCK-TA-009,MOCK-L2-009,模拟二级展厅·吉达·01店,二级展厅,JED,丰田,173,31,39.0645,模拟
2025-10,MOCK-TA-010,MOCK-L2-010,模拟二级展厅·吉达·02店,二级展厅,JED,丰田,210,31,47.4194,模拟
2025-10,MOCK-TA-011,MOCK-L2-011,模拟二级展厅·吉达·03店,二级展厅,JED,丰田,148,31,33.4194,模拟
2025-10,MOCK-TA-012,MOCK-L2-012,模拟二级展厅·吉达·04店,二级展厅,JED,丰田,195,31,44.0323,模拟
2025-10,MOCK-TA-013,MOCK-L2-013,模拟二级展厅·吉达·05店,二级展厅,JED,丰田,205,31,46.2903,模拟
2025-10,MOCK-TA-014,MOCK-L2-014,模拟二级展厅·吉达·06店,二级展厅,JED,丰田,184,31,41.5484,模拟
2025-10,MOCK-TA-015,MOCK-L2-015,模拟二级展厅·达曼·01店,二级展厅,DMM,丰田,144,31,32.5161,模拟
2025-10,MOCK-TA-016,MOCK-L2-016,模拟二级展厅·达曼·02店,二级展厅,DMM,丰田,133,31,30.0323,模拟
2025-10,MOCK-TA-017,MOCK-L2-017,模拟二级展厅·达曼·03店,二级展厅,DMM,丰田,154,31,34.7742,模拟
2025-10,MOCK-TA-018,MOCK-L2-018,模拟二级展厅·达曼·04店,二级展厅,DMM,丰田,191,31,43.129,模拟
2025-10,MOCK-TA-019,MOCK-L2-019,模拟二级展厅·胡拜尔·01店,二级展厅,KHO,丰田,142,31,32.0645,模拟
2025-10,MOCK-TA-020,MOCK-L2-020,模拟二级展厅·胡拜尔·02店,二级展厅,KHO,丰田,191,31,43.129,模拟
2025-10,MOCK-TA-021,MOCK-L2-021,模拟二级展厅·麦加·01店,二级展厅,MAK,丰田,147,31,33.1935,模拟
2025-10,MOCK-TA-022,MOCK-L2-022,模拟二级展厅·麦加·02店,二级展厅,MAK,丰田,169,31,38.1613,模拟
2025-10,MOCK-TA-023,MOCK-L2-023,模拟二级展厅·麦加·03店,二级展厅,MAK,丰田,154,31,34.7742,模拟
2025-10,MOCK-TA-024,MOCK-L2-024,模拟二级展厅·麦地那·01店,二级展厅,MED,丰田,148,31,33.4194,模拟
2025-10,MOCK-TA-025,MOCK-L2-025,模拟二级展厅·麦地那·02店,二级展厅,MED,丰田,165,31,37.2581,模拟
2025-10,MOCK-TA-026,MOCK-L2-026,模拟二级展厅·塔伊夫·01店,二级展厅,TAI,丰田,115,31,25.9677,模拟
2025-10,MOCK-TA-027,MOCK-L2-027,模拟二级展厅·塔伊夫·02店,二级展厅,TAI,丰田,144,31,32.5161,模拟
2025-10,MOCK-TA-028,MOCK-L2-028,模拟二级展厅·哈萨·01店,二级展厅,HOF,丰田,120,31,27.0968,模拟
2025-10,MOCK-TA-029,MOCK-L2-029,模拟二级展厅·哈萨·02店,二级展厅,HOF,丰田,126,31,28.4516,模拟
2025-10,MOCK-TA-030,MOCK-L2-030,模拟二级展厅·布赖代·01店,二级展厅,BUR,丰田,168,31,37.9355,模拟
2025-10,MOCK-TA-031,MOCK-L2-031,模拟二级展厅·布赖代·02店,二级展厅,BUR,丰田,165,31,37.2581,模拟
2025-10,MOCK-TA-032,MOCK-L2-032,模拟二级展厅·布赖代·03店,二级展厅,BUR,丰田,142,31,32.0645,模拟
2025-10,MOCK-TA-033,MOCK-L2-033,模拟二级展厅·欧奈宰·01店,二级展厅,UNA,丰田,107,31,24.1613,模拟
2025-10,MOCK-TA-034,MOCK-L2-034,模拟二级展厅·哈伊勒·01店,二级展厅,HAI,丰田,142,31,32.0645,模拟
2025-10,MOCK-TA-035,MOCK-L2-035,模拟二级展厅·哈伊勒·02店,二级展厅,HAI,丰田,106,31,23.9355,模拟
2025-10,MOCK-TA-036,MOCK-L2-036,模拟二级展厅·塔布克·01店,二级展厅,TAB,丰田,112,31,25.2903,模拟
2025-10,MOCK-TA-037,MOCK-L2-037,模拟二级展厅·塔布克·02店,二级展厅,TAB,丰田,110,31,24.8387,模拟
2025-10,MOCK-TA-038,MOCK-L2-038,模拟二级展厅·艾卜哈·01店,二级展厅,ABH,丰田,114,31,25.7419,模拟
2025-10,MOCK-TA-039,MOCK-L2-039,模拟二级展厅·艾卜哈·02店,二级展厅,ABH,丰田,136,31,30.7097,模拟
2025-10,MOCK-TA-040,MOCK-L2-040,模拟二级展厅·海米斯穆谢特·01店,二级展厅,KHM,丰田,119,31,26.871,模拟
2025-10,MOCK-TA-041,MOCK-L2-041,模拟二级展厅·吉赞·01店,二级展厅,JAZ,丰田,171,31,38.6129,模拟
2025-10,MOCK-TA-042,MOCK-L2-042,模拟二级展厅·吉赞·02店,二级展厅,JAZ,丰田,137,31,30.9355,模拟
2025-10,MOCK-TA-043,MOCK-L2-043,模拟二级展厅·奈季兰·01店,二级展厅,NAJ,丰田,111,31,25.0645,模拟
2025-10,MOCK-TA-044,MOCK-L2-044,模拟二级展厅·延布·01店,二级展厅,YAN,丰田,127,31,28.6774,模拟
2025-10,MOCK-TA-045,MOCK-L2-045,模拟二级展厅·朱拜勒·01店,二级展厅,JUB,丰田,116,31,26.1935,模拟
2025-10,MOCK-TD-001,MOCK-D-001,模拟直营·利雅得·01店,直营,RUH,雷克萨斯,146,31,32.9677,模拟
2025-10,MOCK-TD-001,MOCK-D-002,模拟直营·利雅得·02店,直营,RUH,雷克萨斯,93,31,21,模拟
2025-10,MOCK-TD-001,MOCK-D-003,模拟直营·利雅得·03店,直营,RUH,雷克萨斯,98,31,22.129,模拟
2025-10,MOCK-TD-001,MOCK-D-007,模拟直营·吉达·01店,直营,JED,雷克萨斯,102,31,23.0323,模拟
2025-10,MOCK-TD-001,MOCK-D-008,模拟直营·吉达·02店,直营,JED,雷克萨斯,123,31,27.7742,模拟
2025-10,MOCK-TD-001,MOCK-D-009,模拟直营·吉达·03店,直营,JED,雷克萨斯,106,31,23.9355,模拟
2025-10,MOCK-TD-001,MOCK-D-012,模拟直营·达曼·01店,直营,DMM,雷克萨斯,102,31,23.0323,模拟
2025-10,MOCK-TD-001,MOCK-D-015,模拟直营·胡拜尔·01店,直营,KHO,雷克萨斯,104,31,23.4839,模拟
2025-10,MOCK-TD-001,MOCK-D-017,模拟直营·麦加·01店,直营,MAK,雷克萨斯,87,31,19.6452,模拟
2025-10,MOCK-TD-001,MOCK-D-019,模拟直营·麦地那·01店,直营,MED,雷克萨斯,110,31,24.8387,模拟
2025-10,MOCK-TD-001,MOCK-D-023,模拟直营·布赖代·01店,直营,BUR,雷克萨斯,73,31,16.4839,模拟
2025-10,MOCK-TD-001,MOCK-D-028,模拟直营·艾卜哈·01店,直营,ABH,雷克萨斯,105,31,23.7097,模拟
2025-10,MOCK-TA-001,MOCK-L2-001,模拟二级展厅·利雅得·01店,二级展厅,RUH,雷克萨斯,20,31,4.5161,模拟
2025-10,MOCK-TA-009,MOCK-L2-009,模拟二级展厅·吉达·01店,二级展厅,JED,雷克萨斯,21,31,4.7419,模拟
2025-10,MOCK-TA-015,MOCK-L2-015,模拟二级展厅·达曼·01店,二级展厅,DMM,雷克萨斯,16,31,3.6129,模拟
2025-10,MOCK-TA-019,MOCK-L2-019,模拟二级展厅·胡拜尔·01店,二级展厅,KHO,雷克萨斯,17,31,3.8387,模拟
2025-10,MOCK-TA-021,MOCK-L2-021,模拟二级展厅·麦加·01店,二级展厅,MAK,雷克萨斯,16,31,3.6129,模拟
2025-10,MOCK-TA-024,MOCK-L2-024,模拟二级展厅·麦地那·01店,二级展厅,MED,雷克萨斯,17,31,3.8387,模拟
2025-10,MOCK-TA-030,MOCK-L2-030,模拟二级展厅·布赖代·01店,二级展厅,BUR,雷克萨斯,18,31,4.0645,模拟
2025-10,MOCK-TA-038,MOCK-L2-038,模拟二级展厅·艾卜哈·01店,二级展厅,ABH,雷克萨斯,14,31,3.1613,模拟
2025-11,MOCK-TD-001,MOCK-D-001,模拟直营·利雅得·01店,直营,RUH,丰田,771,30,179.9,模拟
2025-11,MOCK-TD-001,MOCK-D-002,模拟直营·利雅得·02店,直营,RUH,丰田,542,30,126.4667,模拟
2025-11,MOCK-TD-001,MOCK-D-003,模拟直营·利雅得·03店,直营,RUH,丰田,547,30,127.6333,模拟
2025-11,MOCK-TD-001,MOCK-D-004,模拟直营·利雅得·04店,直营,RUH,丰田,534,30,124.6,模拟
2025-11,MOCK-TD-001,MOCK-D-005,模拟直营·利雅得·05店,直营,RUH,丰田,436,30,101.7333,模拟
2025-11,MOCK-TD-001,MOCK-D-006,模拟直营·利雅得·06店,直营,RUH,丰田,471,30,109.9,模拟
2025-11,MOCK-TD-001,MOCK-D-007,模拟直营·吉达·01店,直营,JED,丰田,564,30,131.6,模拟
2025-11,MOCK-TD-001,MOCK-D-008,模拟直营·吉达·02店,直营,JED,丰田,679,30,158.4333,模拟
2025-11,MOCK-TD-001,MOCK-D-009,模拟直营·吉达·03店,直营,JED,丰田,582,30,135.8,模拟
2025-11,MOCK-TD-001,MOCK-D-010,模拟直营·吉达·04店,直营,JED,丰田,569,30,132.7667,模拟
2025-11,MOCK-TD-001,MOCK-D-011,模拟直营·吉达·05店,直营,JED,丰田,388,30,90.5333,模拟
2025-11,MOCK-TD-001,MOCK-D-012,模拟直营·达曼·01店,直营,DMM,丰田,458,30,106.8667,模拟
2025-11,MOCK-TD-001,MOCK-D-013,模拟直营·达曼·02店,直营,DMM,丰田,502,30,117.1333,模拟
2025-11,MOCK-TD-001,MOCK-D-014,模拟直营·达曼·03店,直营,DMM,丰田,425,30,99.1667,模拟
2025-11,MOCK-TD-001,MOCK-D-015,模拟直营·胡拜尔·01店,直营,KHO,丰田,605,30,141.1667,模拟
2025-11,MOCK-TD-001,MOCK-D-016,模拟直营·胡拜尔·02店,直营,KHO,丰田,505,30,117.8333,模拟
2025-11,MOCK-TD-001,MOCK-D-017,模拟直营·麦加·01店,直营,MAK,丰田,477,30,111.3,模拟
2025-11,MOCK-TD-001,MOCK-D-018,模拟直营·麦加·02店,直营,MAK,丰田,368,30,85.8667,模拟
2025-11,MOCK-TD-001,MOCK-D-019,模拟直营·麦地那·01店,直营,MED,丰田,475,30,110.8333,模拟
2025-11,MOCK-TD-001,MOCK-D-020,模拟直营·麦地那·02店,直营,MED,丰田,429,30,100.1,模拟
2025-11,MOCK-TD-001,MOCK-D-021,模拟直营·塔伊夫·01店,直营,TAI,丰田,375,30,87.5,模拟
2025-11,MOCK-TD-001,MOCK-D-022,模拟直营·哈萨·01店,直营,HOF,丰田,474,30,110.6,模拟
2025-11,MOCK-TD-001,MOCK-D-023,模拟直营·布赖代·01店,直营,BUR,丰田,314,30,73.2667,模拟
2025-11,MOCK-TD-001,MOCK-D-024,模拟直营·布赖代·02店,直营,BUR,丰田,486,30,113.4,模拟
2025-11,MOCK-TD-001,MOCK-D-025,模拟直营·欧奈宰·01店,直营,UNA,丰田,331,30,77.2333,模拟
2025-11,MOCK-TD-001,MOCK-D-026,模拟直营·哈伊勒·01店,直营,HAI,丰田,464,30,108.2667,模拟
2025-11,MOCK-TD-001,MOCK-D-027,模拟直营·塔布克·01店,直营,TAB,丰田,437,30,101.9667,模拟
2025-11,MOCK-TD-001,MOCK-D-028,模拟直营·艾卜哈·01店,直营,ABH,丰田,526,30,122.7333,模拟
2025-11,MOCK-TD-001,MOCK-D-029,模拟直营·艾卜哈·02店,直营,ABH,丰田,323,30,75.3667,模拟
2025-11,MOCK-TD-001,MOCK-D-030,模拟直营·海米斯穆谢特·01店,直营,KHM,丰田,292,30,68.1333,模拟
2025-11,MOCK-TD-001,MOCK-D-031,模拟直营·吉赞·01店,直营,JAZ,丰田,310,30,72.3333,模拟
2025-11,MOCK-TD-001,MOCK-D-032,模拟直营·奈季兰·01店,直营,NAJ,丰田,286,30,66.7333,模拟
2025-11,MOCK-TD-001,MOCK-D-033,模拟直营·延布·01店,直营,YAN,丰田,363,30,84.7,模拟
2025-11,MOCK-TD-001,MOCK-D-034,模拟直营·朱拜勒·01店,直营,JUB,丰田,467,30,108.9667,模拟
2025-11,MOCK-TA-001,MOCK-L2-001,模拟二级展厅·利雅得·01店,二级展厅,RUH,丰田,180,30,42,模拟
2025-11,MOCK-TA-002,MOCK-L2-002,模拟二级展厅·利雅得·02店,二级展厅,RUH,丰田,179,30,41.7667,模拟
2025-11,MOCK-TA-003,MOCK-L2-003,模拟二级展厅·利雅得·03店,二级展厅,RUH,丰田,179,30,41.7667,模拟
2025-11,MOCK-TA-004,MOCK-L2-004,模拟二级展厅·利雅得·04店,二级展厅,RUH,丰田,216,30,50.4,模拟
2025-11,MOCK-TA-005,MOCK-L2-005,模拟二级展厅·利雅得·05店,二级展厅,RUH,丰田,168,30,39.2,模拟
2025-11,MOCK-TA-006,MOCK-L2-006,模拟二级展厅·利雅得·06店,二级展厅,RUH,丰田,200,30,46.6667,模拟
2025-11,MOCK-TA-007,MOCK-L2-007,模拟二级展厅·利雅得·07店,二级展厅,RUH,丰田,171,30,39.9,模拟
2025-11,MOCK-TA-008,MOCK-L2-008,模拟二级展厅·利雅得·08店,二级展厅,RUH,丰田,183,30,42.7,模拟
2025-11,MOCK-TA-009,MOCK-L2-009,模拟二级展厅·吉达·01店,二级展厅,JED,丰田,164,30,38.2667,模拟
2025-11,MOCK-TA-010,MOCK-L2-010,模拟二级展厅·吉达·02店,二级展厅,JED,丰田,212,30,49.4667,模拟
2025-11,MOCK-TA-011,MOCK-L2-011,模拟二级展厅·吉达·03店,二级展厅,JED,丰田,144,30,33.6,模拟
2025-11,MOCK-TA-012,MOCK-L2-012,模拟二级展厅·吉达·04店,二级展厅,JED,丰田,192,30,44.8,模拟
2025-11,MOCK-TA-013,MOCK-L2-013,模拟二级展厅·吉达·05店,二级展厅,JED,丰田,190,30,44.3333,模拟
2025-11,MOCK-TA-014,MOCK-L2-014,模拟二级展厅·吉达·06店,二级展厅,JED,丰田,178,30,41.5333,模拟
2025-11,MOCK-TA-015,MOCK-L2-015,模拟二级展厅·达曼·01店,二级展厅,DMM,丰田,130,30,30.3333,模拟
2025-11,MOCK-TA-016,MOCK-L2-016,模拟二级展厅·达曼·02店,二级展厅,DMM,丰田,126,30,29.4,模拟
2025-11,MOCK-TA-017,MOCK-L2-017,模拟二级展厅·达曼·03店,二级展厅,DMM,丰田,170,30,39.6667,模拟
2025-11,MOCK-TA-018,MOCK-L2-018,模拟二级展厅·达曼·04店,二级展厅,DMM,丰田,169,30,39.4333,模拟
2025-11,MOCK-TA-019,MOCK-L2-019,模拟二级展厅·胡拜尔·01店,二级展厅,KHO,丰田,157,30,36.6333,模拟
2025-11,MOCK-TA-020,MOCK-L2-020,模拟二级展厅·胡拜尔·02店,二级展厅,KHO,丰田,167,30,38.9667,模拟
2025-11,MOCK-TA-021,MOCK-L2-021,模拟二级展厅·麦加·01店,二级展厅,MAK,丰田,142,30,33.1333,模拟
2025-11,MOCK-TA-022,MOCK-L2-022,模拟二级展厅·麦加·02店,二级展厅,MAK,丰田,158,30,36.8667,模拟
2025-11,MOCK-TA-023,MOCK-L2-023,模拟二级展厅·麦加·03店,二级展厅,MAK,丰田,133,30,31.0333,模拟
2025-11,MOCK-TA-024,MOCK-L2-024,模拟二级展厅·麦地那·01店,二级展厅,MED,丰田,116,30,27.0667,模拟
2025-11,MOCK-TA-025,MOCK-L2-025,模拟二级展厅·麦地那·02店,二级展厅,MED,丰田,159,30,37.1,模拟
2025-11,MOCK-TA-026,MOCK-L2-026,模拟二级展厅·塔伊夫·01店,二级展厅,TAI,丰田,114,30,26.6,模拟
2025-11,MOCK-TA-027,MOCK-L2-027,模拟二级展厅·塔伊夫·02店,二级展厅,TAI,丰田,143,30,33.3667,模拟
2025-11,MOCK-TA-028,MOCK-L2-028,模拟二级展厅·哈萨·01店,二级展厅,HOF,丰田,130,30,30.3333,模拟
2025-11,MOCK-TA-029,MOCK-L2-029,模拟二级展厅·哈萨·02店,二级展厅,HOF,丰田,127,30,29.6333,模拟
2025-11,MOCK-TA-030,MOCK-L2-030,模拟二级展厅·布赖代·01店,二级展厅,BUR,丰田,146,30,34.0667,模拟
2025-11,MOCK-TA-031,MOCK-L2-031,模拟二级展厅·布赖代·02店,二级展厅,BUR,丰田,140,30,32.6667,模拟
2025-11,MOCK-TA-032,MOCK-L2-032,模拟二级展厅·布赖代·03店,二级展厅,BUR,丰田,150,30,35,模拟
2025-11,MOCK-TA-033,MOCK-L2-033,模拟二级展厅·欧奈宰·01店,二级展厅,UNA,丰田,107,30,24.9667,模拟
2025-11,MOCK-TA-034,MOCK-L2-034,模拟二级展厅·哈伊勒·01店,二级展厅,HAI,丰田,136,30,31.7333,模拟
2025-11,MOCK-TA-035,MOCK-L2-035,模拟二级展厅·哈伊勒·02店,二级展厅,HAI,丰田,97,30,22.6333,模拟
2025-11,MOCK-TA-036,MOCK-L2-036,模拟二级展厅·塔布克·01店,二级展厅,TAB,丰田,106,30,24.7333,模拟
2025-11,MOCK-TA-037,MOCK-L2-037,模拟二级展厅·塔布克·02店,二级展厅,TAB,丰田,108,30,25.2,模拟
2025-11,MOCK-TA-038,MOCK-L2-038,模拟二级展厅·艾卜哈·01店,二级展厅,ABH,丰田,127,30,29.6333,模拟
2025-11,MOCK-TA-039,MOCK-L2-039,模拟二级展厅·艾卜哈·02店,二级展厅,ABH,丰田,125,30,29.1667,模拟
2025-11,MOCK-TA-040,MOCK-L2-040,模拟二级展厅·海米斯穆谢特·01店,二级展厅,KHM,丰田,131,30,30.5667,模拟
2025-11,MOCK-TA-041,MOCK-L2-041,模拟二级展厅·吉赞·01店,二级展厅,JAZ,丰田,160,30,37.3333,模拟
2025-11,MOCK-TA-042,MOCK-L2-042,模拟二级展厅·吉赞·02店,二级展厅,JAZ,丰田,149,30,34.7667,模拟
2025-11,MOCK-TA-043,MOCK-L2-043,模拟二级展厅·奈季兰·01店,二级展厅,NAJ,丰田,121,30,28.2333,模拟
2025-11,MOCK-TA-044,MOCK-L2-044,模拟二级展厅·延布·01店,二级展厅,YAN,丰田,127,30,29.6333,模拟
2025-11,MOCK-TA-045,MOCK-L2-045,模拟二级展厅·朱拜勒·01店,二级展厅,JUB,丰田,134,30,31.2667,模拟
2025-11,MOCK-TD-001,MOCK-D-001,模拟直营·利雅得·01店,直营,RUH,雷克萨斯,139,30,32.4333,模拟
2025-11,MOCK-TD-001,MOCK-D-002,模拟直营·利雅得·02店,直营,RUH,雷克萨斯,86,30,20.0667,模拟
2025-11,MOCK-TD-001,MOCK-D-003,模拟直营·利雅得·03店,直营,RUH,雷克萨斯,96,30,22.4,模拟
2025-11,MOCK-TD-001,MOCK-D-007,模拟直营·吉达·01店,直营,JED,雷克萨斯,114,30,26.6,模拟
2025-11,MOCK-TD-001,MOCK-D-008,模拟直营·吉达·02店,直营,JED,雷克萨斯,122,30,28.4667,模拟
2025-11,MOCK-TD-001,MOCK-D-009,模拟直营·吉达·03店,直营,JED,雷克萨斯,118,30,27.5333,模拟
2025-11,MOCK-TD-001,MOCK-D-012,模拟直营·达曼·01店,直营,DMM,雷克萨斯,98,30,22.8667,模拟
2025-11,MOCK-TD-001,MOCK-D-015,模拟直营·胡拜尔·01店,直营,KHO,雷克萨斯,121,30,28.2333,模拟
2025-11,MOCK-TD-001,MOCK-D-017,模拟直营·麦加·01店,直营,MAK,雷克萨斯,77,30,17.9667,模拟
2025-11,MOCK-TD-001,MOCK-D-019,模拟直营·麦地那·01店,直营,MED,雷克萨斯,105,30,24.5,模拟
2025-11,MOCK-TD-001,MOCK-D-023,模拟直营·布赖代·01店,直营,BUR,雷克萨斯,75,30,17.5,模拟
2025-11,MOCK-TD-001,MOCK-D-028,模拟直营·艾卜哈·01店,直营,ABH,雷克萨斯,98,30,22.8667,模拟
2025-11,MOCK-TA-001,MOCK-L2-001,模拟二级展厅·利雅得·01店,二级展厅,RUH,雷克萨斯,20,30,4.6667,模拟
2025-11,MOCK-TA-009,MOCK-L2-009,模拟二级展厅·吉达·01店,二级展厅,JED,雷克萨斯,21,30,4.9,模拟
2025-11,MOCK-TA-015,MOCK-L2-015,模拟二级展厅·达曼·01店,二级展厅,DMM,雷克萨斯,15,30,3.5,模拟
2025-11,MOCK-TA-019,MOCK-L2-019,模拟二级展厅·胡拜尔·01店,二级展厅,KHO,雷克萨斯,17,30,3.9667,模拟
2025-11,MOCK-TA-021,MOCK-L2-021,模拟二级展厅·麦加·01店,二级展厅,MAK,雷克萨斯,18,30,4.2,模拟
2025-11,MOCK-TA-024,MOCK-L2-024,模拟二级展厅·麦地那·01店,二级展厅,MED,雷克萨斯,15,30,3.5,模拟
2025-11,MOCK-TA-030,MOCK-L2-030,模拟二级展厅·布赖代·01店,二级展厅,BUR,雷克萨斯,19,30,4.4333,模拟
2025-11,MOCK-TA-038,MOCK-L2-038,模拟二级展厅·艾卜哈·01店,二级展厅,ABH,雷克萨斯,14,30,3.2667,模拟
2025-12,MOCK-TD-001,MOCK-D-001,模拟直营·利雅得·01店,直营,RUH,丰田,852,31,192.3871,模拟
2025-12,MOCK-TD-001,MOCK-D-002,模拟直营·利雅得·02店,直营,RUH,丰田,522,31,117.871,模拟
2025-12,MOCK-TD-001,MOCK-D-003,模拟直营·利雅得·03店,直营,RUH,丰田,669,31,151.0645,模拟
2025-12,MOCK-TD-001,MOCK-D-004,模拟直营·利雅得·04店,直营,RUH,丰田,614,31,138.6452,模拟
2025-12,MOCK-TD-001,MOCK-D-005,模拟直营·利雅得·05店,直营,RUH,丰田,490,31,110.6452,模拟
2025-12,MOCK-TD-001,MOCK-D-006,模拟直营·利雅得·06店,直营,RUH,丰田,573,31,129.3871,模拟
2025-12,MOCK-TD-001,MOCK-D-007,模拟直营·吉达·01店,直营,JED,丰田,656,31,148.129,模拟
2025-12,MOCK-TD-001,MOCK-D-008,模拟直营·吉达·02店,直营,JED,丰田,749,31,169.129,模拟
2025-12,MOCK-TD-001,MOCK-D-009,模拟直营·吉达·03店,直营,JED,丰田,706,31,159.4194,模拟
2025-12,MOCK-TD-001,MOCK-D-010,模拟直营·吉达·04店,直营,JED,丰田,635,31,143.3871,模拟
2025-12,MOCK-TD-001,MOCK-D-011,模拟直营·吉达·05店,直营,JED,丰田,480,31,108.3871,模拟
2025-12,MOCK-TD-001,MOCK-D-012,模拟直营·达曼·01店,直营,DMM,丰田,583,31,131.6452,模拟
2025-12,MOCK-TD-001,MOCK-D-013,模拟直营·达曼·02店,直营,DMM,丰田,557,31,125.7742,模拟
2025-12,MOCK-TD-001,MOCK-D-014,模拟直营·达曼·03店,直营,DMM,丰田,557,31,125.7742,模拟
2025-12,MOCK-TD-001,MOCK-D-015,模拟直营·胡拜尔·01店,直营,KHO,丰田,674,31,152.1935,模拟
2025-12,MOCK-TD-001,MOCK-D-016,模拟直营·胡拜尔·02店,直营,KHO,丰田,542,31,122.3871,模拟
2025-12,MOCK-TD-001,MOCK-D-017,模拟直营·麦加·01店,直营,MAK,丰田,523,31,118.0968,模拟
2025-12,MOCK-TD-001,MOCK-D-018,模拟直营·麦加·02店,直营,MAK,丰田,429,31,96.871,模拟
2025-12,MOCK-TD-001,MOCK-D-019,模拟直营·麦地那·01店,直营,MED,丰田,567,31,128.0323,模拟
2025-12,MOCK-TD-001,MOCK-D-020,模拟直营·麦地那·02店,直营,MED,丰田,538,31,121.4839,模拟
2025-12,MOCK-TD-001,MOCK-D-021,模拟直营·塔伊夫·01店,直营,TAI,丰田,425,31,95.9677,模拟
2025-12,MOCK-TD-001,MOCK-D-022,模拟直营·哈萨·01店,直营,HOF,丰田,497,31,112.2258,模拟
2025-12,MOCK-TD-001,MOCK-D-023,模拟直营·布赖代·01店,直营,BUR,丰田,383,31,86.4839,模拟
2025-12,MOCK-TD-001,MOCK-D-024,模拟直营·布赖代·02店,直营,BUR,丰田,477,31,107.7097,模拟
2025-12,MOCK-TD-001,MOCK-D-025,模拟直营·欧奈宰·01店,直营,UNA,丰田,445,31,100.4839,模拟
2025-12,MOCK-TD-001,MOCK-D-026,模拟直营·哈伊勒·01店,直营,HAI,丰田,481,31,108.6129,模拟
2025-12,MOCK-TD-001,MOCK-D-027,模拟直营·塔布克·01店,直营,TAB,丰田,517,31,116.7419,模拟
2025-12,MOCK-TD-001,MOCK-D-028,模拟直营·艾卜哈·01店,直营,ABH,丰田,588,31,132.7742,模拟
2025-12,MOCK-TD-001,MOCK-D-029,模拟直营·艾卜哈·02店,直营,ABH,丰田,402,31,90.7742,模拟
2025-12,MOCK-TD-001,MOCK-D-030,模拟直营·海米斯穆谢特·01店,直营,KHM,丰田,406,31,91.6774,模拟
2025-12,MOCK-TD-001,MOCK-D-031,模拟直营·吉赞·01店,直营,JAZ,丰田,387,31,87.3871,模拟
2025-12,MOCK-TD-001,MOCK-D-032,模拟直营·奈季兰·01店,直营,NAJ,丰田,376,31,84.9032,模拟
2025-12,MOCK-TD-001,MOCK-D-033,模拟直营·延布·01店,直营,YAN,丰田,393,31,88.7419,模拟
2025-12,MOCK-TD-001,MOCK-D-034,模拟直营·朱拜勒·01店,直营,JUB,丰田,489,31,110.4194,模拟
2025-12,MOCK-TA-001,MOCK-L2-001,模拟二级展厅·利雅得·01店,二级展厅,RUH,丰田,184,31,41.5484,模拟
2025-12,MOCK-TA-002,MOCK-L2-002,模拟二级展厅·利雅得·02店,二级展厅,RUH,丰田,172,31,38.8387,模拟
2025-12,MOCK-TA-003,MOCK-L2-003,模拟二级展厅·利雅得·03店,二级展厅,RUH,丰田,184,31,41.5484,模拟
2025-12,MOCK-TA-004,MOCK-L2-004,模拟二级展厅·利雅得·04店,二级展厅,RUH,丰田,277,31,62.5484,模拟
2025-12,MOCK-TA-005,MOCK-L2-005,模拟二级展厅·利雅得·05店,二级展厅,RUH,丰田,174,31,39.2903,模拟
2025-12,MOCK-TA-006,MOCK-L2-006,模拟二级展厅·利雅得·06店,二级展厅,RUH,丰田,258,31,58.2581,模拟
2025-12,MOCK-TA-007,MOCK-L2-007,模拟二级展厅·利雅得·07店,二级展厅,RUH,丰田,167,31,37.7097,模拟
2025-12,MOCK-TA-008,MOCK-L2-008,模拟二级展厅·利雅得·08店,二级展厅,RUH,丰田,181,31,40.871,模拟
2025-12,MOCK-TA-009,MOCK-L2-009,模拟二级展厅·吉达·01店,二级展厅,JED,丰田,193,31,43.5806,模拟
2025-12,MOCK-TA-010,MOCK-L2-010,模拟二级展厅·吉达·02店,二级展厅,JED,丰田,274,31,61.871,模拟
2025-12,MOCK-TA-011,MOCK-L2-011,模拟二级展厅·吉达·03店,二级展厅,JED,丰田,170,31,38.3871,模拟
2025-12,MOCK-TA-012,MOCK-L2-012,模拟二级展厅·吉达·04店,二级展厅,JED,丰田,236,31,53.2903,模拟
2025-12,MOCK-TA-013,MOCK-L2-013,模拟二级展厅·吉达·05店,二级展厅,JED,丰田,226,31,51.0323,模拟
2025-12,MOCK-TA-014,MOCK-L2-014,模拟二级展厅·吉达·06店,二级展厅,JED,丰田,181,31,40.871,模拟
2025-12,MOCK-TA-015,MOCK-L2-015,模拟二级展厅·达曼·01店,二级展厅,DMM,丰田,160,31,36.129,模拟
2025-12,MOCK-TA-016,MOCK-L2-016,模拟二级展厅·达曼·02店,二级展厅,DMM,丰田,158,31,35.6774,模拟
2025-12,MOCK-TA-017,MOCK-L2-017,模拟二级展厅·达曼·03店,二级展厅,DMM,丰田,193,31,43.5806,模拟
2025-12,MOCK-TA-018,MOCK-L2-018,模拟二级展厅·达曼·04店,二级展厅,DMM,丰田,197,31,44.4839,模拟
2025-12,MOCK-TA-019,MOCK-L2-019,模拟二级展厅·胡拜尔·01店,二级展厅,KHO,丰田,179,31,40.4194,模拟
2025-12,MOCK-TA-020,MOCK-L2-020,模拟二级展厅·胡拜尔·02店,二级展厅,KHO,丰田,222,31,50.129,模拟
2025-12,MOCK-TA-021,MOCK-L2-021,模拟二级展厅·麦加·01店,二级展厅,MAK,丰田,181,31,40.871,模拟
2025-12,MOCK-TA-022,MOCK-L2-022,模拟二级展厅·麦加·02店,二级展厅,MAK,丰田,198,31,44.7097,模拟
2025-12,MOCK-TA-023,MOCK-L2-023,模拟二级展厅·麦加·03店,二级展厅,MAK,丰田,188,31,42.4516,模拟
2025-12,MOCK-TA-024,MOCK-L2-024,模拟二级展厅·麦地那·01店,二级展厅,MED,丰田,160,31,36.129,模拟
2025-12,MOCK-TA-025,MOCK-L2-025,模拟二级展厅·麦地那·02店,二级展厅,MED,丰田,178,31,40.1935,模拟
2025-12,MOCK-TA-026,MOCK-L2-026,模拟二级展厅·塔伊夫·01店,二级展厅,TAI,丰田,116,31,26.1935,模拟
2025-12,MOCK-TA-027,MOCK-L2-027,模拟二级展厅·塔伊夫·02店,二级展厅,TAI,丰田,145,31,32.7419,模拟
2025-12,MOCK-TA-028,MOCK-L2-028,模拟二级展厅·哈萨·01店,二级展厅,HOF,丰田,147,31,33.1935,模拟
2025-12,MOCK-TA-029,MOCK-L2-029,模拟二级展厅·哈萨·02店,二级展厅,HOF,丰田,128,31,28.9032,模拟
2025-12,MOCK-TA-030,MOCK-L2-030,模拟二级展厅·布赖代·01店,二级展厅,BUR,丰田,168,31,37.9355,模拟
2025-12,MOCK-TA-031,MOCK-L2-031,模拟二级展厅·布赖代·02店,二级展厅,BUR,丰田,176,31,39.7419,模拟
2025-12,MOCK-TA-032,MOCK-L2-032,模拟二级展厅·布赖代·03店,二级展厅,BUR,丰田,167,31,37.7097,模拟
2025-12,MOCK-TA-033,MOCK-L2-033,模拟二级展厅·欧奈宰·01店,二级展厅,UNA,丰田,123,31,27.7742,模拟
2025-12,MOCK-TA-034,MOCK-L2-034,模拟二级展厅·哈伊勒·01店,二级展厅,HAI,丰田,153,31,34.5484,模拟
2025-12,MOCK-TA-035,MOCK-L2-035,模拟二级展厅·哈伊勒·02店,二级展厅,HAI,丰田,106,31,23.9355,模拟
2025-12,MOCK-TA-036,MOCK-L2-036,模拟二级展厅·塔布克·01店,二级展厅,TAB,丰田,128,31,28.9032,模拟
2025-12,MOCK-TA-037,MOCK-L2-037,模拟二级展厅·塔布克·02店,二级展厅,TAB,丰田,126,31,28.4516,模拟
2025-12,MOCK-TA-038,MOCK-L2-038,模拟二级展厅·艾卜哈·01店,二级展厅,ABH,丰田,130,31,29.3548,模拟
2025-12,MOCK-TA-039,MOCK-L2-039,模拟二级展厅·艾卜哈·02店,二级展厅,ABH,丰田,156,31,35.2258,模拟
2025-12,MOCK-TA-040,MOCK-L2-040,模拟二级展厅·海米斯穆谢特·01店,二级展厅,KHM,丰田,150,31,33.871,模拟
2025-12,MOCK-TA-041,MOCK-L2-041,模拟二级展厅·吉赞·01店,二级展厅,JAZ,丰田,188,31,42.4516,模拟
2025-12,MOCK-TA-042,MOCK-L2-042,模拟二级展厅·吉赞·02店,二级展厅,JAZ,丰田,150,31,33.871,模拟
2025-12,MOCK-TA-043,MOCK-L2-043,模拟二级展厅·奈季兰·01店,二级展厅,NAJ,丰田,135,31,30.4839,模拟
2025-12,MOCK-TA-044,MOCK-L2-044,模拟二级展厅·延布·01店,二级展厅,YAN,丰田,174,31,39.2903,模拟
2025-12,MOCK-TA-045,MOCK-L2-045,模拟二级展厅·朱拜勒·01店,二级展厅,JUB,丰田,135,31,30.4839,模拟
2025-12,MOCK-TD-001,MOCK-D-001,模拟直营·利雅得·01店,直营,RUH,雷克萨斯,141,31,31.8387,模拟
2025-12,MOCK-TD-001,MOCK-D-002,模拟直营·利雅得·02店,直营,RUH,雷克萨斯,102,31,23.0323,模拟
2025-12,MOCK-TD-001,MOCK-D-003,模拟直营·利雅得·03店,直营,RUH,雷克萨斯,112,31,25.2903,模拟
2025-12,MOCK-TD-001,MOCK-D-007,模拟直营·吉达·01店,直营,JED,雷克萨斯,99,31,22.3548,模拟
2025-12,MOCK-TD-001,MOCK-D-008,模拟直营·吉达·02店,直营,JED,雷克萨斯,125,31,28.2258,模拟
2025-12,MOCK-TD-001,MOCK-D-009,模拟直营·吉达·03店,直营,JED,雷克萨斯,122,31,27.5484,模拟
2025-12,MOCK-TD-001,MOCK-D-012,模拟直营·达曼·01店,直营,DMM,雷克萨斯,100,31,22.5806,模拟
2025-12,MOCK-TD-001,MOCK-D-015,模拟直营·胡拜尔·01店,直营,KHO,雷克萨斯,100,31,22.5806,模拟
2025-12,MOCK-TD-001,MOCK-D-017,模拟直营·麦加·01店,直营,MAK,雷克萨斯,88,31,19.871,模拟
2025-12,MOCK-TD-001,MOCK-D-019,模拟直营·麦地那·01店,直营,MED,雷克萨斯,101,31,22.8065,模拟
2025-12,MOCK-TD-001,MOCK-D-023,模拟直营·布赖代·01店,直营,BUR,雷克萨斯,64,31,14.4516,模拟
2025-12,MOCK-TD-001,MOCK-D-028,模拟直营·艾卜哈·01店,直营,ABH,雷克萨斯,95,31,21.4516,模拟
2025-12,MOCK-TA-001,MOCK-L2-001,模拟二级展厅·利雅得·01店,二级展厅,RUH,雷克萨斯,20,31,4.5161,模拟
2025-12,MOCK-TA-009,MOCK-L2-009,模拟二级展厅·吉达·01店,二级展厅,JED,雷克萨斯,21,31,4.7419,模拟
2025-12,MOCK-TA-015,MOCK-L2-015,模拟二级展厅·达曼·01店,二级展厅,DMM,雷克萨斯,17,31,3.8387,模拟
2025-12,MOCK-TA-019,MOCK-L2-019,模拟二级展厅·胡拜尔·01店,二级展厅,KHO,雷克萨斯,16,31,3.6129,模拟
2025-12,MOCK-TA-021,MOCK-L2-021,模拟二级展厅·麦加·01店,二级展厅,MAK,雷克萨斯,18,31,4.0645,模拟
2025-12,MOCK-TA-024,MOCK-L2-024,模拟二级展厅·麦地那·01店,二级展厅,MED,雷克萨斯,14,31,3.1613,模拟
2025-12,MOCK-TA-030,MOCK-L2-030,模拟二级展厅·布赖代·01店,二级展厅,BUR,雷克萨斯,17,31,3.8387,模拟
2025-12,MOCK-TA-038,MOCK-L2-038,模拟二级展厅·艾卜哈·01店,二级展厅,ABH,雷克萨斯,16,31,3.6129,模拟
2026-01,MOCK-TD-001,MOCK-D-001,模拟直营·利雅得·01店,直营,RUH,丰田,599,31,135.2581,模拟
2026-01,MOCK-TD-001,MOCK-D-002,模拟直营·利雅得·02店,直营,RUH,丰田,433,31,97.7742,模拟
2026-01,MOCK-TD-001,MOCK-D-003,模拟直营·利雅得·03店,直营,RUH,丰田,422,31,95.2903,模拟
2026-01,MOCK-TD-001,MOCK-D-004,模拟直营·利雅得·04店,直营,RUH,丰田,409,31,92.3548,模拟
2026-01,MOCK-TD-001,MOCK-D-005,模拟直营·利雅得·05店,直营,RUH,丰田,385,31,86.9355,模拟
2026-01,MOCK-TD-001,MOCK-D-006,模拟直营·利雅得·06店,直营,RUH,丰田,373,31,84.2258,模拟
2026-01,MOCK-TD-001,MOCK-D-007,模拟直营·吉达·01店,直营,JED,丰田,448,31,101.1613,模拟
2026-01,MOCK-TD-001,MOCK-D-008,模拟直营·吉达·02店,直营,JED,丰田,533,31,120.3548,模拟
2026-01,MOCK-TD-001,MOCK-D-009,模拟直营·吉达·03店,直营,JED,丰田,494,31,111.5484,模拟
2026-01,MOCK-TD-001,MOCK-D-010,模拟直营·吉达·04店,直营,JED,丰田,457,31,103.1935,模拟
2026-01,MOCK-TD-001,MOCK-D-011,模拟直营·吉达·05店,直营,JED,丰田,362,31,81.7419,模拟
2026-01,MOCK-TD-001,MOCK-D-012,模拟直营·达曼·01店,直营,DMM,丰田,416,31,93.9355,模拟
2026-01,MOCK-TD-001,MOCK-D-013,模拟直营·达曼·02店,直营,DMM,丰田,380,31,85.8065,模拟
2026-01,MOCK-TD-001,MOCK-D-014,模拟直营·达曼·03店,直营,DMM,丰田,368,31,83.0968,模拟
2026-01,MOCK-TD-001,MOCK-D-015,模拟直营·胡拜尔·01店,直营,KHO,丰田,537,31,121.2581,模拟
2026-01,MOCK-TD-001,MOCK-D-016,模拟直营·胡拜尔·02店,直营,KHO,丰田,415,31,93.7097,模拟
2026-01,MOCK-TD-001,MOCK-D-017,模拟直营·麦加·01店,直营,MAK,丰田,364,31,82.1935,模拟
2026-01,MOCK-TD-001,MOCK-D-018,模拟直营·麦加·02店,直营,MAK,丰田,318,31,71.8065,模拟
2026-01,MOCK-TD-001,MOCK-D-019,模拟直营·麦地那·01店,直营,MED,丰田,460,31,103.871,模拟
2026-01,MOCK-TD-001,MOCK-D-020,模拟直营·麦地那·02店,直营,MED,丰田,438,31,98.9032,模拟
2026-01,MOCK-TD-001,MOCK-D-021,模拟直营·塔伊夫·01店,直营,TAI,丰田,333,31,75.1935,模拟
2026-01,MOCK-TD-001,MOCK-D-022,模拟直营·哈萨·01店,直营,HOF,丰田,416,31,93.9355,模拟
2026-01,MOCK-TD-001,MOCK-D-023,模拟直营·布赖代·01店,直营,BUR,丰田,306,31,69.0968,模拟
2026-01,MOCK-TD-001,MOCK-D-024,模拟直营·布赖代·02店,直营,BUR,丰田,342,31,77.2258,模拟
2026-01,MOCK-TD-001,MOCK-D-025,模拟直营·欧奈宰·01店,直营,UNA,丰田,280,31,63.2258,模拟
2026-01,MOCK-TD-001,MOCK-D-026,模拟直营·哈伊勒·01店,直营,HAI,丰田,322,31,72.7097,模拟
2026-01,MOCK-TD-001,MOCK-D-027,模拟直营·塔布克·01店,直营,TAB,丰田,330,31,74.5161,模拟
2026-01,MOCK-TD-001,MOCK-D-028,模拟直营·艾卜哈·01店,直营,ABH,丰田,414,31,93.4839,模拟
2026-01,MOCK-TD-001,MOCK-D-029,模拟直营·艾卜哈·02店,直营,ABH,丰田,302,31,68.1935,模拟
2026-01,MOCK-TD-001,MOCK-D-030,模拟直营·海米斯穆谢特·01店,直营,KHM,丰田,283,31,63.9032,模拟
2026-01,MOCK-TD-001,MOCK-D-031,模拟直营·吉赞·01店,直营,JAZ,丰田,254,31,57.3548,模拟
2026-01,MOCK-TD-001,MOCK-D-032,模拟直营·奈季兰·01店,直营,NAJ,丰田,245,31,55.3226,模拟
2026-01,MOCK-TD-001,MOCK-D-033,模拟直营·延布·01店,直营,YAN,丰田,271,31,61.1935,模拟
2026-01,MOCK-TD-001,MOCK-D-034,模拟直营·朱拜勒·01店,直营,JUB,丰田,373,31,84.2258,模拟
2026-01,MOCK-TA-001,MOCK-L2-001,模拟二级展厅·利雅得·01店,二级展厅,RUH,丰田,160,31,36.129,模拟
2026-01,MOCK-TA-002,MOCK-L2-002,模拟二级展厅·利雅得·02店,二级展厅,RUH,丰田,126,31,28.4516,模拟
2026-01,MOCK-TA-003,MOCK-L2-003,模拟二级展厅·利雅得·03店,二级展厅,RUH,丰田,133,31,30.0323,模拟
2026-01,MOCK-TA-004,MOCK-L2-004,模拟二级展厅·利雅得·04店,二级展厅,RUH,丰田,164,31,37.0323,模拟
2026-01,MOCK-TA-005,MOCK-L2-005,模拟二级展厅·利雅得·05店,二级展厅,RUH,丰田,122,31,27.5484,模拟
2026-01,MOCK-TA-006,MOCK-L2-006,模拟二级展厅·利雅得·06店,二级展厅,RUH,丰田,150,31,33.871,模拟
2026-01,MOCK-TA-007,MOCK-L2-007,模拟二级展厅·利雅得·07店,二级展厅,RUH,丰田,144,31,32.5161,模拟
2026-01,MOCK-TA-008,MOCK-L2-008,模拟二级展厅·利雅得·08店,二级展厅,RUH,丰田,141,31,31.8387,模拟
2026-01,MOCK-TA-009,MOCK-L2-009,模拟二级展厅·吉达·01店,二级展厅,JED,丰田,138,31,31.1613,模拟
2026-01,MOCK-TA-010,MOCK-L2-010,模拟二级展厅·吉达·02店,二级展厅,JED,丰田,185,31,41.7742,模拟
2026-01,MOCK-TA-011,MOCK-L2-011,模拟二级展厅·吉达·03店,二级展厅,JED,丰田,135,31,30.4839,模拟
2026-01,MOCK-TA-012,MOCK-L2-012,模拟二级展厅·吉达·04店,二级展厅,JED,丰田,165,31,37.2581,模拟
2026-01,MOCK-TA-013,MOCK-L2-013,模拟二级展厅·吉达·05店,二级展厅,JED,丰田,175,31,39.5161,模拟
2026-01,MOCK-TA-014,MOCK-L2-014,模拟二级展厅·吉达·06店,二级展厅,JED,丰田,145,31,32.7419,模拟
2026-01,MOCK-TA-015,MOCK-L2-015,模拟二级展厅·达曼·01店,二级展厅,DMM,丰田,118,31,26.6452,模拟
2026-01,MOCK-TA-016,MOCK-L2-016,模拟二级展厅·达曼·02店,二级展厅,DMM,丰田,118,31,26.6452,模拟
2026-01,MOCK-TA-017,MOCK-L2-017,模拟二级展厅·达曼·03店,二级展厅,DMM,丰田,126,31,28.4516,模拟
2026-01,MOCK-TA-018,MOCK-L2-018,模拟二级展厅·达曼·04店,二级展厅,DMM,丰田,140,31,31.6129,模拟
2026-01,MOCK-TA-019,MOCK-L2-019,模拟二级展厅·胡拜尔·01店,二级展厅,KHO,丰田,132,31,29.8065,模拟
2026-01,MOCK-TA-020,MOCK-L2-020,模拟二级展厅·胡拜尔·02店,二级展厅,KHO,丰田,141,31,31.8387,模拟
2026-01,MOCK-TA-021,MOCK-L2-021,模拟二级展厅·麦加·01店,二级展厅,MAK,丰田,136,31,30.7097,模拟
2026-01,MOCK-TA-022,MOCK-L2-022,模拟二级展厅·麦加·02店,二级展厅,MAK,丰田,119,31,26.871,模拟
2026-01,MOCK-TA-023,MOCK-L2-023,模拟二级展厅·麦加·03店,二级展厅,MAK,丰田,117,31,26.4194,模拟
2026-01,MOCK-TA-024,MOCK-L2-024,模拟二级展厅·麦地那·01店,二级展厅,MED,丰田,118,31,26.6452,模拟
2026-01,MOCK-TA-025,MOCK-L2-025,模拟二级展厅·麦地那·02店,二级展厅,MED,丰田,134,31,30.2581,模拟
2026-01,MOCK-TA-026,MOCK-L2-026,模拟二级展厅·塔伊夫·01店,二级展厅,TAI,丰田,86,31,19.4194,模拟
2026-01,MOCK-TA-027,MOCK-L2-027,模拟二级展厅·塔伊夫·02店,二级展厅,TAI,丰田,123,31,27.7742,模拟
2026-01,MOCK-TA-028,MOCK-L2-028,模拟二级展厅·哈萨·01店,二级展厅,HOF,丰田,117,31,26.4194,模拟
2026-01,MOCK-TA-029,MOCK-L2-029,模拟二级展厅·哈萨·02店,二级展厅,HOF,丰田,107,31,24.1613,模拟
2026-01,MOCK-TA-030,MOCK-L2-030,模拟二级展厅·布赖代·01店,二级展厅,BUR,丰田,131,31,29.5806,模拟
2026-01,MOCK-TA-031,MOCK-L2-031,模拟二级展厅·布赖代·02店,二级展厅,BUR,丰田,115,31,25.9677,模拟
2026-01,MOCK-TA-032,MOCK-L2-032,模拟二级展厅·布赖代·03店,二级展厅,BUR,丰田,124,31,28,模拟
2026-01,MOCK-TA-033,MOCK-L2-033,模拟二级展厅·欧奈宰·01店,二级展厅,UNA,丰田,94,31,21.2258,模拟
2026-01,MOCK-TA-034,MOCK-L2-034,模拟二级展厅·哈伊勒·01店,二级展厅,HAI,丰田,118,31,26.6452,模拟
2026-01,MOCK-TA-035,MOCK-L2-035,模拟二级展厅·哈伊勒·02店,二级展厅,HAI,丰田,79,31,17.8387,模拟
2026-01,MOCK-TA-036,MOCK-L2-036,模拟二级展厅·塔布克·01店,二级展厅,TAB,丰田,88,31,19.871,模拟
2026-01,MOCK-TA-037,MOCK-L2-037,模拟二级展厅·塔布克·02店,二级展厅,TAB,丰田,80,31,18.0645,模拟
2026-01,MOCK-TA-038,MOCK-L2-038,模拟二级展厅·艾卜哈·01店,二级展厅,ABH,丰田,99,31,22.3548,模拟
2026-01,MOCK-TA-039,MOCK-L2-039,模拟二级展厅·艾卜哈·02店,二级展厅,ABH,丰田,105,31,23.7097,模拟
2026-01,MOCK-TA-040,MOCK-L2-040,模拟二级展厅·海米斯穆谢特·01店,二级展厅,KHM,丰田,102,31,23.0323,模拟
2026-01,MOCK-TA-041,MOCK-L2-041,模拟二级展厅·吉赞·01店,二级展厅,JAZ,丰田,131,31,29.5806,模拟
2026-01,MOCK-TA-042,MOCK-L2-042,模拟二级展厅·吉赞·02店,二级展厅,JAZ,丰田,124,31,28,模拟
2026-01,MOCK-TA-043,MOCK-L2-043,模拟二级展厅·奈季兰·01店,二级展厅,NAJ,丰田,98,31,22.129,模拟
2026-01,MOCK-TA-044,MOCK-L2-044,模拟二级展厅·延布·01店,二级展厅,YAN,丰田,107,31,24.1613,模拟
2026-01,MOCK-TA-045,MOCK-L2-045,模拟二级展厅·朱拜勒·01店,二级展厅,JUB,丰田,97,31,21.9032,模拟
2026-01,MOCK-TD-001,MOCK-D-001,模拟直营·利雅得·01店,直营,RUH,雷克萨斯,98,31,22.129,模拟
2026-01,MOCK-TD-001,MOCK-D-002,模拟直营·利雅得·02店,直营,RUH,雷克萨斯,68,31,15.3548,模拟
2026-01,MOCK-TD-001,MOCK-D-003,模拟直营·利雅得·03店,直营,RUH,雷克萨斯,65,31,14.6774,模拟
2026-01,MOCK-TD-001,MOCK-D-007,模拟直营·吉达·01店,直营,JED,雷克萨斯,67,31,15.129,模拟
2026-01,MOCK-TD-001,MOCK-D-008,模拟直营·吉达·02店,直营,JED,雷克萨斯,84,31,18.9677,模拟
2026-01,MOCK-TD-001,MOCK-D-009,模拟直营·吉达·03店,直营,JED,雷克萨斯,86,31,19.4194,模拟
2026-01,MOCK-TD-001,MOCK-D-012,模拟直营·达曼·01店,直营,DMM,雷克萨斯,67,31,15.129,模拟
2026-01,MOCK-TD-001,MOCK-D-015,模拟直营·胡拜尔·01店,直营,KHO,雷克萨斯,77,31,17.3871,模拟
2026-01,MOCK-TD-001,MOCK-D-017,模拟直营·麦加·01店,直营,MAK,雷克萨斯,62,31,14,模拟
2026-01,MOCK-TD-001,MOCK-D-019,模拟直营·麦地那·01店,直营,MED,雷克萨斯,80,31,18.0645,模拟
2026-01,MOCK-TD-001,MOCK-D-023,模拟直营·布赖代·01店,直营,BUR,雷克萨斯,42,31,9.4839,模拟
2026-01,MOCK-TD-001,MOCK-D-028,模拟直营·艾卜哈·01店,直营,ABH,雷克萨斯,68,31,15.3548,模拟
2026-01,MOCK-TA-001,MOCK-L2-001,模拟二级展厅·利雅得·01店,二级展厅,RUH,雷克萨斯,12,31,2.7097,模拟
2026-01,MOCK-TA-009,MOCK-L2-009,模拟二级展厅·吉达·01店,二级展厅,JED,雷克萨斯,14,31,3.1613,模拟
2026-01,MOCK-TA-015,MOCK-L2-015,模拟二级展厅·达曼·01店,二级展厅,DMM,雷克萨斯,11,31,2.4839,模拟
2026-01,MOCK-TA-019,MOCK-L2-019,模拟二级展厅·胡拜尔·01店,二级展厅,KHO,雷克萨斯,12,31,2.7097,模拟
2026-01,MOCK-TA-021,MOCK-L2-021,模拟二级展厅·麦加·01店,二级展厅,MAK,雷克萨斯,13,31,2.9355,模拟
2026-01,MOCK-TA-024,MOCK-L2-024,模拟二级展厅·麦地那·01店,二级展厅,MED,雷克萨斯,11,31,2.4839,模拟
2026-01,MOCK-TA-030,MOCK-L2-030,模拟二级展厅·布赖代·01店,二级展厅,BUR,雷克萨斯,14,31,3.1613,模拟
2026-01,MOCK-TA-038,MOCK-L2-038,模拟二级展厅·艾卜哈·01店,二级展厅,ABH,雷克萨斯,9,31,2.0323,模拟
2026-02,MOCK-TD-001,MOCK-D-001,模拟直营·利雅得·01店,直营,RUH,丰田,559,28,139.75,模拟
2026-02,MOCK-TD-001,MOCK-D-002,模拟直营·利雅得·02店,直营,RUH,丰田,392,28,98,模拟
2026-02,MOCK-TD-001,MOCK-D-003,模拟直营·利雅得·03店,直营,RUH,丰田,499,28,124.75,模拟
2026-02,MOCK-TD-001,MOCK-D-004,模拟直营·利雅得·04店,直营,RUH,丰田,415,28,103.75,模拟
2026-02,MOCK-TD-001,MOCK-D-005,模拟直营·利雅得·05店,直营,RUH,丰田,384,28,96,模拟
2026-02,MOCK-TD-001,MOCK-D-006,模拟直营·利雅得·06店,直营,RUH,丰田,324,28,81,模拟
2026-02,MOCK-TD-001,MOCK-D-007,模拟直营·吉达·01店,直营,JED,丰田,443,28,110.75,模拟
2026-02,MOCK-TD-001,MOCK-D-008,模拟直营·吉达·02店,直营,JED,丰田,520,28,130,模拟
2026-02,MOCK-TD-001,MOCK-D-009,模拟直营·吉达·03店,直营,JED,丰田,469,28,117.25,模拟
2026-02,MOCK-TD-001,MOCK-D-010,模拟直营·吉达·04店,直营,JED,丰田,417,28,104.25,模拟
2026-02,MOCK-TD-001,MOCK-D-011,模拟直营·吉达·05店,直营,JED,丰田,326,28,81.5,模拟
2026-02,MOCK-TD-001,MOCK-D-012,模拟直营·达曼·01店,直营,DMM,丰田,377,28,94.25,模拟
2026-02,MOCK-TD-001,MOCK-D-013,模拟直营·达曼·02店,直营,DMM,丰田,404,28,101,模拟
2026-02,MOCK-TD-001,MOCK-D-014,模拟直营·达曼·03店,直营,DMM,丰田,407,28,101.75,模拟
2026-02,MOCK-TD-001,MOCK-D-015,模拟直营·胡拜尔·01店,直营,KHO,丰田,437,28,109.25,模拟
2026-02,MOCK-TD-001,MOCK-D-016,模拟直营·胡拜尔·02店,直营,KHO,丰田,375,28,93.75,模拟
2026-02,MOCK-TD-001,MOCK-D-017,模拟直营·麦加·01店,直营,MAK,丰田,372,28,93,模拟
2026-02,MOCK-TD-001,MOCK-D-018,模拟直营·麦加·02店,直营,MAK,丰田,363,28,90.75,模拟
2026-02,MOCK-TD-001,MOCK-D-019,模拟直营·麦地那·01店,直营,MED,丰田,487,28,121.75,模拟
2026-02,MOCK-TD-001,MOCK-D-020,模拟直营·麦地那·02店,直营,MED,丰田,395,28,98.75,模拟
2026-02,MOCK-TD-001,MOCK-D-021,模拟直营·塔伊夫·01店,直营,TAI,丰田,275,28,68.75,模拟
2026-02,MOCK-TD-001,MOCK-D-022,模拟直营·哈萨·01店,直营,HOF,丰田,435,28,108.75,模拟
2026-02,MOCK-TD-001,MOCK-D-023,模拟直营·布赖代·01店,直营,BUR,丰田,308,28,77,模拟
2026-02,MOCK-TD-001,MOCK-D-024,模拟直营·布赖代·02店,直营,BUR,丰田,352,28,88,模拟
2026-02,MOCK-TD-001,MOCK-D-025,模拟直营·欧奈宰·01店,直营,UNA,丰田,284,28,71,模拟
2026-02,MOCK-TD-001,MOCK-D-026,模拟直营·哈伊勒·01店,直营,HAI,丰田,338,28,84.5,模拟
2026-02,MOCK-TD-001,MOCK-D-027,模拟直营·塔布克·01店,直营,TAB,丰田,355,28,88.75,模拟
2026-02,MOCK-TD-001,MOCK-D-028,模拟直营·艾卜哈·01店,直营,ABH,丰田,426,28,106.5,模拟
2026-02,MOCK-TD-001,MOCK-D-029,模拟直营·艾卜哈·02店,直营,ABH,丰田,302,28,75.5,模拟
2026-02,MOCK-TD-001,MOCK-D-030,模拟直营·海米斯穆谢特·01店,直营,KHM,丰田,229,28,57.25,模拟
2026-02,MOCK-TD-001,MOCK-D-031,模拟直营·吉赞·01店,直营,JAZ,丰田,283,28,70.75,模拟
2026-02,MOCK-TD-001,MOCK-D-032,模拟直营·奈季兰·01店,直营,NAJ,丰田,269,28,67.25,模拟
2026-02,MOCK-TD-001,MOCK-D-033,模拟直营·延布·01店,直营,YAN,丰田,300,28,75,模拟
2026-02,MOCK-TD-001,MOCK-D-034,模拟直营·朱拜勒·01店,直营,JUB,丰田,316,28,79,模拟
2026-02,MOCK-TA-001,MOCK-L2-001,模拟二级展厅·利雅得·01店,二级展厅,RUH,丰田,139,28,34.75,模拟
2026-02,MOCK-TA-002,MOCK-L2-002,模拟二级展厅·利雅得·02店,二级展厅,RUH,丰田,122,28,30.5,模拟
2026-02,MOCK-TA-003,MOCK-L2-003,模拟二级展厅·利雅得·03店,二级展厅,RUH,丰田,139,28,34.75,模拟
2026-02,MOCK-TA-004,MOCK-L2-004,模拟二级展厅·利雅得·04店,二级展厅,RUH,丰田,194,28,48.5,模拟
2026-02,MOCK-TA-005,MOCK-L2-005,模拟二级展厅·利雅得·05店,二级展厅,RUH,丰田,135,28,33.75,模拟
2026-02,MOCK-TA-006,MOCK-L2-006,模拟二级展厅·利雅得·06店,二级展厅,RUH,丰田,171,28,42.75,模拟
2026-02,MOCK-TA-007,MOCK-L2-007,模拟二级展厅·利雅得·07店,二级展厅,RUH,丰田,134,28,33.5,模拟
2026-02,MOCK-TA-008,MOCK-L2-008,模拟二级展厅·利雅得·08店,二级展厅,RUH,丰田,132,28,33,模拟
2026-02,MOCK-TA-009,MOCK-L2-009,模拟二级展厅·吉达·01店,二级展厅,JED,丰田,145,28,36.25,模拟
2026-02,MOCK-TA-010,MOCK-L2-010,模拟二级展厅·吉达·02店,二级展厅,JED,丰田,182,28,45.5,模拟
2026-02,MOCK-TA-011,MOCK-L2-011,模拟二级展厅·吉达·03店,二级展厅,JED,丰田,142,28,35.5,模拟
2026-02,MOCK-TA-012,MOCK-L2-012,模拟二级展厅·吉达·04店,二级展厅,JED,丰田,159,28,39.75,模拟
2026-02,MOCK-TA-013,MOCK-L2-013,模拟二级展厅·吉达·05店,二级展厅,JED,丰田,138,28,34.5,模拟
2026-02,MOCK-TA-014,MOCK-L2-014,模拟二级展厅·吉达·06店,二级展厅,JED,丰田,133,28,33.25,模拟
2026-02,MOCK-TA-015,MOCK-L2-015,模拟二级展厅·达曼·01店,二级展厅,DMM,丰田,118,28,29.5,模拟
2026-02,MOCK-TA-016,MOCK-L2-016,模拟二级展厅·达曼·02店,二级展厅,DMM,丰田,108,28,27,模拟
2026-02,MOCK-TA-017,MOCK-L2-017,模拟二级展厅·达曼·03店,二级展厅,DMM,丰田,129,28,32.25,模拟
2026-02,MOCK-TA-018,MOCK-L2-018,模拟二级展厅·达曼·04店,二级展厅,DMM,丰田,135,28,33.75,模拟
2026-02,MOCK-TA-019,MOCK-L2-019,模拟二级展厅·胡拜尔·01店,二级展厅,KHO,丰田,114,28,28.5,模拟
2026-02,MOCK-TA-020,MOCK-L2-020,模拟二级展厅·胡拜尔·02店,二级展厅,KHO,丰田,127,28,31.75,模拟
2026-02,MOCK-TA-021,MOCK-L2-021,模拟二级展厅·麦加·01店,二级展厅,MAK,丰田,131,28,32.75,模拟
2026-02,MOCK-TA-022,MOCK-L2-022,模拟二级展厅·麦加·02店,二级展厅,MAK,丰田,134,28,33.5,模拟
2026-02,MOCK-TA-023,MOCK-L2-023,模拟二级展厅·麦加·03店,二级展厅,MAK,丰田,113,28,28.25,模拟
2026-02,MOCK-TA-024,MOCK-L2-024,模拟二级展厅·麦地那·01店,二级展厅,MED,丰田,94,28,23.5,模拟
2026-02,MOCK-TA-025,MOCK-L2-025,模拟二级展厅·麦地那·02店,二级展厅,MED,丰田,117,28,29.25,模拟
2026-02,MOCK-TA-026,MOCK-L2-026,模拟二级展厅·塔伊夫·01店,二级展厅,TAI,丰田,85,28,21.25,模拟
2026-02,MOCK-TA-027,MOCK-L2-027,模拟二级展厅·塔伊夫·02店,二级展厅,TAI,丰田,120,28,30,模拟
2026-02,MOCK-TA-028,MOCK-L2-028,模拟二级展厅·哈萨·01店,二级展厅,HOF,丰田,113,28,28.25,模拟
2026-02,MOCK-TA-029,MOCK-L2-029,模拟二级展厅·哈萨·02店,二级展厅,HOF,丰田,108,28,27,模拟
2026-02,MOCK-TA-030,MOCK-L2-030,模拟二级展厅·布赖代·01店,二级展厅,BUR,丰田,143,28,35.75,模拟
2026-02,MOCK-TA-031,MOCK-L2-031,模拟二级展厅·布赖代·02店,二级展厅,BUR,丰田,129,28,32.25,模拟
2026-02,MOCK-TA-032,MOCK-L2-032,模拟二级展厅·布赖代·03店,二级展厅,BUR,丰田,123,28,30.75,模拟
2026-02,MOCK-TA-033,MOCK-L2-033,模拟二级展厅·欧奈宰·01店,二级展厅,UNA,丰田,92,28,23,模拟
2026-02,MOCK-TA-034,MOCK-L2-034,模拟二级展厅·哈伊勒·01店,二级展厅,HAI,丰田,110,28,27.5,模拟
2026-02,MOCK-TA-035,MOCK-L2-035,模拟二级展厅·哈伊勒·02店,二级展厅,HAI,丰田,77,28,19.25,模拟
2026-02,MOCK-TA-036,MOCK-L2-036,模拟二级展厅·塔布克·01店,二级展厅,TAB,丰田,92,28,23,模拟
2026-02,MOCK-TA-037,MOCK-L2-037,模拟二级展厅·塔布克·02店,二级展厅,TAB,丰田,75,28,18.75,模拟
2026-02,MOCK-TA-038,MOCK-L2-038,模拟二级展厅·艾卜哈·01店,二级展厅,ABH,丰田,89,28,22.25,模拟
2026-02,MOCK-TA-039,MOCK-L2-039,模拟二级展厅·艾卜哈·02店,二级展厅,ABH,丰田,107,28,26.75,模拟
2026-02,MOCK-TA-040,MOCK-L2-040,模拟二级展厅·海米斯穆谢特·01店,二级展厅,KHM,丰田,106,28,26.5,模拟
2026-02,MOCK-TA-041,MOCK-L2-041,模拟二级展厅·吉赞·01店,二级展厅,JAZ,丰田,133,28,33.25,模拟
2026-02,MOCK-TA-042,MOCK-L2-042,模拟二级展厅·吉赞·02店,二级展厅,JAZ,丰田,124,28,31,模拟
2026-02,MOCK-TA-043,MOCK-L2-043,模拟二级展厅·奈季兰·01店,二级展厅,NAJ,丰田,84,28,21,模拟
2026-02,MOCK-TA-044,MOCK-L2-044,模拟二级展厅·延布·01店,二级展厅,YAN,丰田,111,28,27.75,模拟
2026-02,MOCK-TA-045,MOCK-L2-045,模拟二级展厅·朱拜勒·01店,二级展厅,JUB,丰田,96,28,24,模拟
2026-02,MOCK-TD-001,MOCK-D-001,模拟直营·利雅得·01店,直营,RUH,雷克萨斯,87,28,21.75,模拟
2026-02,MOCK-TD-001,MOCK-D-002,模拟直营·利雅得·02店,直营,RUH,雷克萨斯,73,28,18.25,模拟
2026-02,MOCK-TD-001,MOCK-D-003,模拟直营·利雅得·03店,直营,RUH,雷克萨斯,68,28,17,模拟
2026-02,MOCK-TD-001,MOCK-D-007,模拟直营·吉达·01店,直营,JED,雷克萨斯,76,28,19,模拟
2026-02,MOCK-TD-001,MOCK-D-008,模拟直营·吉达·02店,直营,JED,雷克萨斯,87,28,21.75,模拟
2026-02,MOCK-TD-001,MOCK-D-009,模拟直营·吉达·03店,直营,JED,雷克萨斯,74,28,18.5,模拟
2026-02,MOCK-TD-001,MOCK-D-012,模拟直营·达曼·01店,直营,DMM,雷克萨斯,63,28,15.75,模拟
2026-02,MOCK-TD-001,MOCK-D-015,模拟直营·胡拜尔·01店,直营,KHO,雷克萨斯,82,28,20.5,模拟
2026-02,MOCK-TD-001,MOCK-D-017,模拟直营·麦加·01店,直营,MAK,雷克萨斯,64,28,16,模拟
2026-02,MOCK-TD-001,MOCK-D-019,模拟直营·麦地那·01店,直营,MED,雷克萨斯,74,28,18.5,模拟
2026-02,MOCK-TD-001,MOCK-D-023,模拟直营·布赖代·01店,直营,BUR,雷克萨斯,50,28,12.5,模拟
2026-02,MOCK-TD-001,MOCK-D-028,模拟直营·艾卜哈·01店,直营,ABH,雷克萨斯,66,28,16.5,模拟
2026-02,MOCK-TA-001,MOCK-L2-001,模拟二级展厅·利雅得·01店,二级展厅,RUH,雷克萨斯,14,28,3.5,模拟
2026-02,MOCK-TA-009,MOCK-L2-009,模拟二级展厅·吉达·01店,二级展厅,JED,雷克萨斯,13,28,3.25,模拟
2026-02,MOCK-TA-015,MOCK-L2-015,模拟二级展厅·达曼·01店,二级展厅,DMM,雷克萨斯,12,28,3,模拟
2026-02,MOCK-TA-019,MOCK-L2-019,模拟二级展厅·胡拜尔·01店,二级展厅,KHO,雷克萨斯,13,28,3.25,模拟
2026-02,MOCK-TA-021,MOCK-L2-021,模拟二级展厅·麦加·01店,二级展厅,MAK,雷克萨斯,13,28,3.25,模拟
2026-02,MOCK-TA-024,MOCK-L2-024,模拟二级展厅·麦地那·01店,二级展厅,MED,雷克萨斯,9,28,2.25,模拟
2026-02,MOCK-TA-030,MOCK-L2-030,模拟二级展厅·布赖代·01店,二级展厅,BUR,雷克萨斯,14,28,3.5,模拟
2026-02,MOCK-TA-038,MOCK-L2-038,模拟二级展厅·艾卜哈·01店,二级展厅,ABH,雷克萨斯,8,28,2,模拟
2026-03,MOCK-TD-001,MOCK-D-001,模拟直营·利雅得·01店,直营,RUH,丰田,513,31,115.8387,模拟
2026-03,MOCK-TD-001,MOCK-D-002,模拟直营·利雅得·02店,直营,RUH,丰田,344,31,77.6774,模拟
2026-03,MOCK-TD-001,MOCK-D-003,模拟直营·利雅得·03店,直营,RUH,丰田,423,31,95.5161,模拟
2026-03,MOCK-TD-001,MOCK-D-004,模拟直营·利雅得·04店,直营,RUH,丰田,397,31,89.6452,模拟
2026-03,MOCK-TD-001,MOCK-D-005,模拟直营·利雅得·05店,直营,RUH,丰田,351,31,79.2581,模拟
2026-03,MOCK-TD-001,MOCK-D-006,模拟直营·利雅得·06店,直营,RUH,丰田,314,31,70.9032,模拟
2026-03,MOCK-TD-001,MOCK-D-007,模拟直营·吉达·01店,直营,JED,丰田,363,31,81.9677,模拟
2026-03,MOCK-TD-001,MOCK-D-008,模拟直营·吉达·02店,直营,JED,丰田,427,31,96.4194,模拟
2026-03,MOCK-TD-001,MOCK-D-009,模拟直营·吉达·03店,直营,JED,丰田,402,31,90.7742,模拟
2026-03,MOCK-TD-001,MOCK-D-010,模拟直营·吉达·04店,直营,JED,丰田,374,31,84.4516,模拟
2026-03,MOCK-TD-001,MOCK-D-011,模拟直营·吉达·05店,直营,JED,丰田,327,31,73.8387,模拟
2026-03,MOCK-TD-001,MOCK-D-012,模拟直营·达曼·01店,直营,DMM,丰田,359,31,81.0645,模拟
2026-03,MOCK-TD-001,MOCK-D-013,模拟直营·达曼·02店,直营,DMM,丰田,328,31,74.0645,模拟
2026-03,MOCK-TD-001,MOCK-D-014,模拟直营·达曼·03店,直营,DMM,丰田,304,31,68.6452,模拟
2026-03,MOCK-TD-001,MOCK-D-015,模拟直营·胡拜尔·01店,直营,KHO,丰田,404,31,91.2258,模拟
2026-03,MOCK-TD-001,MOCK-D-016,模拟直营·胡拜尔·02店,直营,KHO,丰田,311,31,70.2258,模拟
2026-03,MOCK-TD-001,MOCK-D-017,模拟直营·麦加·01店,直营,MAK,丰田,283,31,63.9032,模拟
2026-03,MOCK-TD-001,MOCK-D-018,模拟直营·麦加·02店,直营,MAK,丰田,264,31,59.6129,模拟
2026-03,MOCK-TD-001,MOCK-D-019,模拟直营·麦地那·01店,直营,MED,丰田,408,31,92.129,模拟
2026-03,MOCK-TD-001,MOCK-D-020,模拟直营·麦地那·02店,直营,MED,丰田,322,31,72.7097,模拟
2026-03,MOCK-TD-001,MOCK-D-021,模拟直营·塔伊夫·01店,直营,TAI,丰田,258,31,58.2581,模拟
2026-03,MOCK-TD-001,MOCK-D-022,模拟直营·哈萨·01店,直营,HOF,丰田,338,31,76.3226,模拟
2026-03,MOCK-TD-001,MOCK-D-023,模拟直营·布赖代·01店,直营,BUR,丰田,243,31,54.871,模拟
2026-03,MOCK-TD-001,MOCK-D-024,模拟直营·布赖代·02店,直营,BUR,丰田,324,31,73.1613,模拟
2026-03,MOCK-TD-001,MOCK-D-025,模拟直营·欧奈宰·01店,直营,UNA,丰田,243,31,54.871,模拟
2026-03,MOCK-TD-001,MOCK-D-026,模拟直营·哈伊勒·01店,直营,HAI,丰田,332,31,74.9677,模拟
2026-03,MOCK-TD-001,MOCK-D-027,模拟直营·塔布克·01店,直营,TAB,丰田,312,31,70.4516,模拟
2026-03,MOCK-TD-001,MOCK-D-028,模拟直营·艾卜哈·01店,直营,ABH,丰田,346,31,78.129,模拟
2026-03,MOCK-TD-001,MOCK-D-029,模拟直营·艾卜哈·02店,直营,ABH,丰田,288,31,65.0323,模拟
2026-03,MOCK-TD-001,MOCK-D-030,模拟直营·海米斯穆谢特·01店,直营,KHM,丰田,211,31,47.6452,模拟
2026-03,MOCK-TD-001,MOCK-D-031,模拟直营·吉赞·01店,直营,JAZ,丰田,190,31,42.9032,模拟
2026-03,MOCK-TD-001,MOCK-D-032,模拟直营·奈季兰·01店,直营,NAJ,丰田,206,31,46.5161,模拟
2026-03,MOCK-TD-001,MOCK-D-033,模拟直营·延布·01店,直营,YAN,丰田,255,31,57.5806,模拟
2026-03,MOCK-TD-001,MOCK-D-034,模拟直营·朱拜勒·01店,直营,JUB,丰田,318,31,71.8065,模拟
2026-03,MOCK-TA-001,MOCK-L2-001,模拟二级展厅·利雅得·01店,二级展厅,RUH,丰田,115,31,25.9677,模拟
2026-03,MOCK-TA-002,MOCK-L2-002,模拟二级展厅·利雅得·02店,二级展厅,RUH,丰田,115,31,25.9677,模拟
2026-03,MOCK-TA-003,MOCK-L2-003,模拟二级展厅·利雅得·03店,二级展厅,RUH,丰田,126,31,28.4516,模拟
2026-03,MOCK-TA-004,MOCK-L2-004,模拟二级展厅·利雅得·04店,二级展厅,RUH,丰田,164,31,37.0323,模拟
2026-03,MOCK-TA-005,MOCK-L2-005,模拟二级展厅·利雅得·05店,二级展厅,RUH,丰田,103,31,23.2581,模拟
2026-03,MOCK-TA-006,MOCK-L2-006,模拟二级展厅·利雅得·06店,二级展厅,RUH,丰田,132,31,29.8065,模拟
2026-03,MOCK-TA-007,MOCK-L2-007,模拟二级展厅·利雅得·07店,二级展厅,RUH,丰田,112,31,25.2903,模拟
2026-03,MOCK-TA-008,MOCK-L2-008,模拟二级展厅·利雅得·08店,二级展厅,RUH,丰田,119,31,26.871,模拟
2026-03,MOCK-TA-009,MOCK-L2-009,模拟二级展厅·吉达·01店,二级展厅,JED,丰田,117,31,26.4194,模拟
2026-03,MOCK-TA-010,MOCK-L2-010,模拟二级展厅·吉达·02店,二级展厅,JED,丰田,172,31,38.8387,模拟
2026-03,MOCK-TA-011,MOCK-L2-011,模拟二级展厅·吉达·03店,二级展厅,JED,丰田,121,31,27.3226,模拟
2026-03,MOCK-TA-012,MOCK-L2-012,模拟二级展厅·吉达·04店,二级展厅,JED,丰田,121,31,27.3226,模拟
2026-03,MOCK-TA-013,MOCK-L2-013,模拟二级展厅·吉达·05店,二级展厅,JED,丰田,145,31,32.7419,模拟
2026-03,MOCK-TA-014,MOCK-L2-014,模拟二级展厅·吉达·06店,二级展厅,JED,丰田,127,31,28.6774,模拟
2026-03,MOCK-TA-015,MOCK-L2-015,模拟二级展厅·达曼·01店,二级展厅,DMM,丰田,91,31,20.5484,模拟
2026-03,MOCK-TA-016,MOCK-L2-016,模拟二级展厅·达曼·02店,二级展厅,DMM,丰田,95,31,21.4516,模拟
2026-03,MOCK-TA-017,MOCK-L2-017,模拟二级展厅·达曼·03店,二级展厅,DMM,丰田,118,31,26.6452,模拟
2026-03,MOCK-TA-018,MOCK-L2-018,模拟二级展厅·达曼·04店,二级展厅,DMM,丰田,131,31,29.5806,模拟
2026-03,MOCK-TA-019,MOCK-L2-019,模拟二级展厅·胡拜尔·01店,二级展厅,KHO,丰田,116,31,26.1935,模拟
2026-03,MOCK-TA-020,MOCK-L2-020,模拟二级展厅·胡拜尔·02店,二级展厅,KHO,丰田,120,31,27.0968,模拟
2026-03,MOCK-TA-021,MOCK-L2-021,模拟二级展厅·麦加·01店,二级展厅,MAK,丰田,96,31,21.6774,模拟
2026-03,MOCK-TA-022,MOCK-L2-022,模拟二级展厅·麦加·02店,二级展厅,MAK,丰田,118,31,26.6452,模拟
2026-03,MOCK-TA-023,MOCK-L2-023,模拟二级展厅·麦加·03店,二级展厅,MAK,丰田,93,31,21,模拟
2026-03,MOCK-TA-024,MOCK-L2-024,模拟二级展厅·麦地那·01店,二级展厅,MED,丰田,92,31,20.7742,模拟
2026-03,MOCK-TA-025,MOCK-L2-025,模拟二级展厅·麦地那·02店,二级展厅,MED,丰田,104,31,23.4839,模拟
2026-03,MOCK-TA-026,MOCK-L2-026,模拟二级展厅·塔伊夫·01店,二级展厅,TAI,丰田,73,31,16.4839,模拟
2026-03,MOCK-TA-027,MOCK-L2-027,模拟二级展厅·塔伊夫·02店,二级展厅,TAI,丰田,84,31,18.9677,模拟
2026-03,MOCK-TA-028,MOCK-L2-028,模拟二级展厅·哈萨·01店,二级展厅,HOF,丰田,84,31,18.9677,模拟
2026-03,MOCK-TA-029,MOCK-L2-029,模拟二级展厅·哈萨·02店,二级展厅,HOF,丰田,78,31,17.6129,模拟
2026-03,MOCK-TA-030,MOCK-L2-030,模拟二级展厅·布赖代·01店,二级展厅,BUR,丰田,126,31,28.4516,模拟
2026-03,MOCK-TA-031,MOCK-L2-031,模拟二级展厅·布赖代·02店,二级展厅,BUR,丰田,102,31,23.0323,模拟
2026-03,MOCK-TA-032,MOCK-L2-032,模拟二级展厅·布赖代·03店,二级展厅,BUR,丰田,100,31,22.5806,模拟
2026-03,MOCK-TA-033,MOCK-L2-033,模拟二级展厅·欧奈宰·01店,二级展厅,UNA,丰田,81,31,18.2903,模拟
2026-03,MOCK-TA-034,MOCK-L2-034,模拟二级展厅·哈伊勒·01店,二级展厅,HAI,丰田,93,31,21,模拟
2026-03,MOCK-TA-035,MOCK-L2-035,模拟二级展厅·哈伊勒·02店,二级展厅,HAI,丰田,75,31,16.9355,模拟
2026-03,MOCK-TA-036,MOCK-L2-036,模拟二级展厅·塔布克·01店,二级展厅,TAB,丰田,71,31,16.0323,模拟
2026-03,MOCK-TA-037,MOCK-L2-037,模拟二级展厅·塔布克·02店,二级展厅,TAB,丰田,81,31,18.2903,模拟
2026-03,MOCK-TA-038,MOCK-L2-038,模拟二级展厅·艾卜哈·01店,二级展厅,ABH,丰田,79,31,17.8387,模拟
2026-03,MOCK-TA-039,MOCK-L2-039,模拟二级展厅·艾卜哈·02店,二级展厅,ABH,丰田,102,31,23.0323,模拟
2026-03,MOCK-TA-040,MOCK-L2-040,模拟二级展厅·海米斯穆谢特·01店,二级展厅,KHM,丰田,89,31,20.0968,模拟
2026-03,MOCK-TA-041,MOCK-L2-041,模拟二级展厅·吉赞·01店,二级展厅,JAZ,丰田,112,31,25.2903,模拟
2026-03,MOCK-TA-042,MOCK-L2-042,模拟二级展厅·吉赞·02店,二级展厅,JAZ,丰田,90,31,20.3226,模拟
2026-03,MOCK-TA-043,MOCK-L2-043,模拟二级展厅·奈季兰·01店,二级展厅,NAJ,丰田,86,31,19.4194,模拟
2026-03,MOCK-TA-044,MOCK-L2-044,模拟二级展厅·延布·01店,二级展厅,YAN,丰田,92,31,20.7742,模拟
2026-03,MOCK-TA-045,MOCK-L2-045,模拟二级展厅·朱拜勒·01店,二级展厅,JUB,丰田,88,31,19.871,模拟
2026-03,MOCK-TD-001,MOCK-D-001,模拟直营·利雅得·01店,直营,RUH,雷克萨斯,93,31,21,模拟
2026-03,MOCK-TD-001,MOCK-D-002,模拟直营·利雅得·02店,直营,RUH,雷克萨斯,70,31,15.8065,模拟
2026-03,MOCK-TD-001,MOCK-D-003,模拟直营·利雅得·03店,直营,RUH,雷克萨斯,68,31,15.3548,模拟
2026-03,MOCK-TD-001,MOCK-D-007,模拟直营·吉达·01店,直营,JED,雷克萨斯,77,31,17.3871,模拟
2026-03,MOCK-TD-001,MOCK-D-008,模拟直营·吉达·02店,直营,JED,雷克萨斯,83,31,18.7419,模拟
2026-03,MOCK-TD-001,MOCK-D-009,模拟直营·吉达·03店,直营,JED,雷克萨斯,83,31,18.7419,模拟
2026-03,MOCK-TD-001,MOCK-D-012,模拟直营·达曼·01店,直营,DMM,雷克萨斯,73,31,16.4839,模拟
2026-03,MOCK-TD-001,MOCK-D-015,模拟直营·胡拜尔·01店,直营,KHO,雷克萨斯,72,31,16.2581,模拟
2026-03,MOCK-TD-001,MOCK-D-017,模拟直营·麦加·01店,直营,MAK,雷克萨斯,61,31,13.7742,模拟
2026-03,MOCK-TD-001,MOCK-D-019,模拟直营·麦地那·01店,直营,MED,雷克萨斯,72,31,16.2581,模拟
2026-03,MOCK-TD-001,MOCK-D-023,模拟直营·布赖代·01店,直营,BUR,雷克萨斯,48,31,10.8387,模拟
2026-03,MOCK-TD-001,MOCK-D-028,模拟直营·艾卜哈·01店,直营,ABH,雷克萨斯,64,31,14.4516,模拟
2026-03,MOCK-TA-001,MOCK-L2-001,模拟二级展厅·利雅得·01店,二级展厅,RUH,雷克萨斯,15,31,3.3871,模拟
2026-03,MOCK-TA-009,MOCK-L2-009,模拟二级展厅·吉达·01店,二级展厅,JED,雷克萨斯,15,31,3.3871,模拟
2026-03,MOCK-TA-015,MOCK-L2-015,模拟二级展厅·达曼·01店,二级展厅,DMM,雷克萨斯,11,31,2.4839,模拟
2026-03,MOCK-TA-019,MOCK-L2-019,模拟二级展厅·胡拜尔·01店,二级展厅,KHO,雷克萨斯,11,31,2.4839,模拟
2026-03,MOCK-TA-021,MOCK-L2-021,模拟二级展厅·麦加·01店,二级展厅,MAK,雷克萨斯,13,31,2.9355,模拟
2026-03,MOCK-TA-024,MOCK-L2-024,模拟二级展厅·麦地那·01店,二级展厅,MED,雷克萨斯,10,31,2.2581,模拟
2026-03,MOCK-TA-030,MOCK-L2-030,模拟二级展厅·布赖代·01店,二级展厅,BUR,雷克萨斯,12,31,2.7097,模拟
2026-03,MOCK-TA-038,MOCK-L2-038,模拟二级展厅·艾卜哈·01店,二级展厅,ABH,雷克萨斯,9,31,2.0323,模拟
2026-04,MOCK-TD-001,MOCK-D-001,模拟直营·利雅得·01店,直营,RUH,丰田,426,30,99.4,模拟
2026-04,MOCK-TD-001,MOCK-D-002,模拟直营·利雅得·02店,直营,RUH,丰田,354,30,82.6,模拟
2026-04,MOCK-TD-001,MOCK-D-003,模拟直营·利雅得·03店,直营,RUH,丰田,377,30,87.9667,模拟
2026-04,MOCK-TD-001,MOCK-D-004,模拟直营·利雅得·04店,直营,RUH,丰田,324,30,75.6,模拟
2026-04,MOCK-TD-001,MOCK-D-005,模拟直营·利雅得·05店,直营,RUH,丰田,337,30,78.6333,模拟
2026-04,MOCK-TD-001,MOCK-D-006,模拟直营·利雅得·06店,直营,RUH,丰田,260,30,60.6667,模拟
2026-04,MOCK-TD-001,MOCK-D-007,模拟直营·吉达·01店,直营,JED,丰田,376,30,87.7333,模拟
2026-04,MOCK-TD-001,MOCK-D-008,模拟直营·吉达·02店,直营,JED,丰田,390,30,91,模拟
2026-04,MOCK-TD-001,MOCK-D-009,模拟直营·吉达·03店,直营,JED,丰田,400,30,93.3333,模拟
2026-04,MOCK-TD-001,MOCK-D-010,模拟直营·吉达·04店,直营,JED,丰田,345,30,80.5,模拟
2026-04,MOCK-TD-001,MOCK-D-011,模拟直营·吉达·05店,直营,JED,丰田,303,30,70.7,模拟
2026-04,MOCK-TD-001,MOCK-D-012,模拟直营·达曼·01店,直营,DMM,丰田,315,30,73.5,模拟
2026-04,MOCK-TD-001,MOCK-D-013,模拟直营·达曼·02店,直营,DMM,丰田,344,30,80.2667,模拟
2026-04,MOCK-TD-001,MOCK-D-014,模拟直营·达曼·03店,直营,DMM,丰田,317,30,73.9667,模拟
2026-04,MOCK-TD-001,MOCK-D-015,模拟直营·胡拜尔·01店,直营,KHO,丰田,405,30,94.5,模拟
2026-04,MOCK-TD-001,MOCK-D-016,模拟直营·胡拜尔·02店,直营,KHO,丰田,280,30,65.3333,模拟
2026-04,MOCK-TD-001,MOCK-D-017,模拟直营·麦加·01店,直营,MAK,丰田,289,30,67.4333,模拟
2026-04,MOCK-TD-001,MOCK-D-018,模拟直营·麦加·02店,直营,MAK,丰田,290,30,67.6667,模拟
2026-04,MOCK-TD-001,MOCK-D-019,模拟直营·麦地那·01店,直营,MED,丰田,323,30,75.3667,模拟
2026-04,MOCK-TD-001,MOCK-D-020,模拟直营·麦地那·02店,直营,MED,丰田,352,30,82.1333,模拟
2026-04,MOCK-TD-001,MOCK-D-021,模拟直营·塔伊夫·01店,直营,TAI,丰田,230,30,53.6667,模拟
2026-04,MOCK-TD-001,MOCK-D-022,模拟直营·哈萨·01店,直营,HOF,丰田,306,30,71.4,模拟
2026-04,MOCK-TD-001,MOCK-D-023,模拟直营·布赖代·01店,直营,BUR,丰田,213,30,49.7,模拟
2026-04,MOCK-TD-001,MOCK-D-024,模拟直营·布赖代·02店,直营,BUR,丰田,272,30,63.4667,模拟
2026-04,MOCK-TD-001,MOCK-D-025,模拟直营·欧奈宰·01店,直营,UNA,丰田,259,30,60.4333,模拟
2026-04,MOCK-TD-001,MOCK-D-026,模拟直营·哈伊勒·01店,直营,HAI,丰田,301,30,70.2333,模拟
2026-04,MOCK-TD-001,MOCK-D-027,模拟直营·塔布克·01店,直营,TAB,丰田,298,30,69.5333,模拟
2026-04,MOCK-TD-001,MOCK-D-028,模拟直营·艾卜哈·01店,直营,ABH,丰田,296,30,69.0667,模拟
2026-04,MOCK-TD-001,MOCK-D-029,模拟直营·艾卜哈·02店,直营,ABH,丰田,246,30,57.4,模拟
2026-04,MOCK-TD-001,MOCK-D-030,模拟直营·海米斯穆谢特·01店,直营,KHM,丰田,219,30,51.1,模拟
2026-04,MOCK-TD-001,MOCK-D-031,模拟直营·吉赞·01店,直营,JAZ,丰田,197,30,45.9667,模拟
2026-04,MOCK-TD-001,MOCK-D-032,模拟直营·奈季兰·01店,直营,NAJ,丰田,207,30,48.3,模拟
2026-04,MOCK-TD-001,MOCK-D-033,模拟直营·延布·01店,直营,YAN,丰田,240,30,56,模拟
2026-04,MOCK-TD-001,MOCK-D-034,模拟直营·朱拜勒·01店,直营,JUB,丰田,261,30,60.9,模拟
2026-04,MOCK-TA-001,MOCK-L2-001,模拟二级展厅·利雅得·01店,二级展厅,RUH,丰田,102,30,23.8,模拟
2026-04,MOCK-TA-002,MOCK-L2-002,模拟二级展厅·利雅得·02店,二级展厅,RUH,丰田,118,30,27.5333,模拟
2026-04,MOCK-TA-003,MOCK-L2-003,模拟二级展厅·利雅得·03店,二级展厅,RUH,丰田,124,30,28.9333,模拟
2026-04,MOCK-TA-004,MOCK-L2-004,模拟二级展厅·利雅得·04店,二级展厅,RUH,丰田,154,30,35.9333,模拟
2026-04,MOCK-TA-005,MOCK-L2-005,模拟二级展厅·利雅得·05店,二级展厅,RUH,丰田,116,30,27.0667,模拟
2026-04,MOCK-TA-006,MOCK-L2-006,模拟二级展厅·利雅得·06店,二级展厅,RUH,丰田,115,30,26.8333,模拟
2026-04,MOCK-TA-007,MOCK-L2-007,模拟二级展厅·利雅得·07店,二级展厅,RUH,丰田,110,30,25.6667,模拟
2026-04,MOCK-TA-008,MOCK-L2-008,模拟二级展厅·利雅得·08店,二级展厅,RUH,丰田,117,30,27.3,模拟
2026-04,MOCK-TA-009,MOCK-L2-009,模拟二级展厅·吉达·01店,二级展厅,JED,丰田,123,30,28.7,模拟
2026-04,MOCK-TA-010,MOCK-L2-010,模拟二级展厅·吉达·02店,二级展厅,JED,丰田,139,30,32.4333,模拟
2026-04,MOCK-TA-011,MOCK-L2-011,模拟二级展厅·吉达·03店,二级展厅,JED,丰田,111,30,25.9,模拟
2026-04,MOCK-TA-012,MOCK-L2-012,模拟二级展厅·吉达·04店,二级展厅,JED,丰田,116,30,27.0667,模拟
2026-04,MOCK-TA-013,MOCK-L2-013,模拟二级展厅·吉达·05店,二级展厅,JED,丰田,115,30,26.8333,模拟
2026-04,MOCK-TA-014,MOCK-L2-014,模拟二级展厅·吉达·06店,二级展厅,JED,丰田,103,30,24.0333,模拟
2026-04,MOCK-TA-015,MOCK-L2-015,模拟二级展厅·达曼·01店,二级展厅,DMM,丰田,93,30,21.7,模拟
2026-04,MOCK-TA-016,MOCK-L2-016,模拟二级展厅·达曼·02店,二级展厅,DMM,丰田,97,30,22.6333,模拟
2026-04,MOCK-TA-017,MOCK-L2-017,模拟二级展厅·达曼·03店,二级展厅,DMM,丰田,103,30,24.0333,模拟
2026-04,MOCK-TA-018,MOCK-L2-018,模拟二级展厅·达曼·04店,二级展厅,DMM,丰田,118,30,27.5333,模拟
2026-04,MOCK-TA-019,MOCK-L2-019,模拟二级展厅·胡拜尔·01店,二级展厅,KHO,丰田,92,30,21.4667,模拟
2026-04,MOCK-TA-020,MOCK-L2-020,模拟二级展厅·胡拜尔·02店,二级展厅,KHO,丰田,122,30,28.4667,模拟
2026-04,MOCK-TA-021,MOCK-L2-021,模拟二级展厅·麦加·01店,二级展厅,MAK,丰田,92,30,21.4667,模拟
2026-04,MOCK-TA-022,MOCK-L2-022,模拟二级展厅·麦加·02店,二级展厅,MAK,丰田,110,30,25.6667,模拟
2026-04,MOCK-TA-023,MOCK-L2-023,模拟二级展厅·麦加·03店,二级展厅,MAK,丰田,92,30,21.4667,模拟
2026-04,MOCK-TA-024,MOCK-L2-024,模拟二级展厅·麦地那·01店,二级展厅,MED,丰田,85,30,19.8333,模拟
2026-04,MOCK-TA-025,MOCK-L2-025,模拟二级展厅·麦地那·02店,二级展厅,MED,丰田,105,30,24.5,模拟
2026-04,MOCK-TA-026,MOCK-L2-026,模拟二级展厅·塔伊夫·01店,二级展厅,TAI,丰田,67,30,15.6333,模拟
2026-04,MOCK-TA-027,MOCK-L2-027,模拟二级展厅·塔伊夫·02店,二级展厅,TAI,丰田,92,30,21.4667,模拟
2026-04,MOCK-TA-028,MOCK-L2-028,模拟二级展厅·哈萨·01店,二级展厅,HOF,丰田,77,30,17.9667,模拟
2026-04,MOCK-TA-029,MOCK-L2-029,模拟二级展厅·哈萨·02店,二级展厅,HOF,丰田,73,30,17.0333,模拟
2026-04,MOCK-TA-030,MOCK-L2-030,模拟二级展厅·布赖代·01店,二级展厅,BUR,丰田,104,30,24.2667,模拟
2026-04,MOCK-TA-031,MOCK-L2-031,模拟二级展厅·布赖代·02店,二级展厅,BUR,丰田,105,30,24.5,模拟
2026-04,MOCK-TA-032,MOCK-L2-032,模拟二级展厅·布赖代·03店,二级展厅,BUR,丰田,95,30,22.1667,模拟
2026-04,MOCK-TA-033,MOCK-L2-033,模拟二级展厅·欧奈宰·01店,二级展厅,UNA,丰田,75,30,17.5,模拟
2026-04,MOCK-TA-034,MOCK-L2-034,模拟二级展厅·哈伊勒·01店,二级展厅,HAI,丰田,90,30,21,模拟
2026-04,MOCK-TA-035,MOCK-L2-035,模拟二级展厅·哈伊勒·02店,二级展厅,HAI,丰田,69,30,16.1,模拟
2026-04,MOCK-TA-036,MOCK-L2-036,模拟二级展厅·塔布克·01店,二级展厅,TAB,丰田,60,30,14,模拟
2026-04,MOCK-TA-037,MOCK-L2-037,模拟二级展厅·塔布克·02店,二级展厅,TAB,丰田,73,30,17.0333,模拟
2026-04,MOCK-TA-038,MOCK-L2-038,模拟二级展厅·艾卜哈·01店,二级展厅,ABH,丰田,79,30,18.4333,模拟
2026-04,MOCK-TA-039,MOCK-L2-039,模拟二级展厅·艾卜哈·02店,二级展厅,ABH,丰田,90,30,21,模拟
2026-04,MOCK-TA-040,MOCK-L2-040,模拟二级展厅·海米斯穆谢特·01店,二级展厅,KHM,丰田,76,30,17.7333,模拟
2026-04,MOCK-TA-041,MOCK-L2-041,模拟二级展厅·吉赞·01店,二级展厅,JAZ,丰田,102,30,23.8,模拟
2026-04,MOCK-TA-042,MOCK-L2-042,模拟二级展厅·吉赞·02店,二级展厅,JAZ,丰田,86,30,20.0667,模拟
2026-04,MOCK-TA-043,MOCK-L2-043,模拟二级展厅·奈季兰·01店,二级展厅,NAJ,丰田,77,30,17.9667,模拟
2026-04,MOCK-TA-044,MOCK-L2-044,模拟二级展厅·延布·01店,二级展厅,YAN,丰田,90,30,21,模拟
2026-04,MOCK-TA-045,MOCK-L2-045,模拟二级展厅·朱拜勒·01店,二级展厅,JUB,丰田,84,30,19.6,模拟
2026-04,MOCK-TD-001,MOCK-D-001,模拟直营·利雅得·01店,直营,RUH,雷克萨斯,90,30,21,模拟
2026-04,MOCK-TD-001,MOCK-D-002,模拟直营·利雅得·02店,直营,RUH,雷克萨斯,61,30,14.2333,模拟
2026-04,MOCK-TD-001,MOCK-D-003,模拟直营·利雅得·03店,直营,RUH,雷克萨斯,69,30,16.1,模拟
2026-04,MOCK-TD-001,MOCK-D-007,模拟直营·吉达·01店,直营,JED,雷克萨斯,74,30,17.2667,模拟
2026-04,MOCK-TD-001,MOCK-D-008,模拟直营·吉达·02店,直营,JED,雷克萨斯,92,30,21.4667,模拟
2026-04,MOCK-TD-001,MOCK-D-009,模拟直营·吉达·03店,直营,JED,雷克萨斯,77,30,17.9667,模拟
2026-04,MOCK-TD-001,MOCK-D-012,模拟直营·达曼·01店,直营,DMM,雷克萨斯,65,30,15.1667,模拟
2026-04,MOCK-TD-001,MOCK-D-015,模拟直营·胡拜尔·01店,直营,KHO,雷克萨斯,80,30,18.6667,模拟
2026-04,MOCK-TD-001,MOCK-D-017,模拟直营·麦加·01店,直营,MAK,雷克萨斯,63,30,14.7,模拟
2026-04,MOCK-TD-001,MOCK-D-019,模拟直营·麦地那·01店,直营,MED,雷克萨斯,79,30,18.4333,模拟
2026-04,MOCK-TD-001,MOCK-D-023,模拟直营·布赖代·01店,直营,BUR,雷克萨斯,45,30,10.5,模拟
2026-04,MOCK-TD-001,MOCK-D-028,模拟直营·艾卜哈·01店,直营,ABH,雷克萨斯,69,30,16.1,模拟
2026-04,MOCK-TA-001,MOCK-L2-001,模拟二级展厅·利雅得·01店,二级展厅,RUH,雷克萨斯,13,30,3.0333,模拟
2026-04,MOCK-TA-009,MOCK-L2-009,模拟二级展厅·吉达·01店,二级展厅,JED,雷克萨斯,15,30,3.5,模拟
2026-04,MOCK-TA-015,MOCK-L2-015,模拟二级展厅·达曼·01店,二级展厅,DMM,雷克萨斯,11,30,2.5667,模拟
2026-04,MOCK-TA-019,MOCK-L2-019,模拟二级展厅·胡拜尔·01店,二级展厅,KHO,雷克萨斯,11,30,2.5667,模拟
2026-04,MOCK-TA-021,MOCK-L2-021,模拟二级展厅·麦加·01店,二级展厅,MAK,雷克萨斯,11,30,2.5667,模拟
2026-04,MOCK-TA-024,MOCK-L2-024,模拟二级展厅·麦地那·01店,二级展厅,MED,雷克萨斯,12,30,2.8,模拟
2026-04,MOCK-TA-030,MOCK-L2-030,模拟二级展厅·布赖代·01店,二级展厅,BUR,雷克萨斯,13,30,3.0333,模拟
2026-04,MOCK-TA-038,MOCK-L2-038,模拟二级展厅·艾卜哈·01店,二级展厅,ABH,雷克萨斯,10,30,2.3333,模拟
2026-05,MOCK-TD-001,MOCK-D-001,模拟直营·利雅得·01店,直营,RUH,丰田,424,31,95.7419,模拟
2026-05,MOCK-TD-001,MOCK-D-002,模拟直营·利雅得·02店,直营,RUH,丰田,252,31,56.9032,模拟
2026-05,MOCK-TD-001,MOCK-D-003,模拟直营·利雅得·03店,直营,RUH,丰田,278,31,62.7742,模拟
2026-05,MOCK-TD-001,MOCK-D-004,模拟直营·利雅得·04店,直营,RUH,丰田,294,31,66.3871,模拟
2026-05,MOCK-TD-001,MOCK-D-005,模拟直营·利雅得·05店,直营,RUH,丰田,274,31,61.871,模拟
2026-05,MOCK-TD-001,MOCK-D-006,模拟直营·利雅得·06店,直营,RUH,丰田,245,31,55.3226,模拟
2026-05,MOCK-TD-001,MOCK-D-007,模拟直营·吉达·01店,直营,JED,丰田,322,31,72.7097,模拟
2026-05,MOCK-TD-001,MOCK-D-008,模拟直营·吉达·02店,直营,JED,丰田,320,31,72.2581,模拟
2026-05,MOCK-TD-001,MOCK-D-009,模拟直营·吉达·03店,直营,JED,丰田,320,31,72.2581,模拟
2026-05,MOCK-TD-001,MOCK-D-010,模拟直营·吉达·04店,直营,JED,丰田,299,31,67.5161,模拟
2026-05,MOCK-TD-001,MOCK-D-011,模拟直营·吉达·05店,直营,JED,丰田,216,31,48.7742,模拟
2026-05,MOCK-TD-001,MOCK-D-012,模拟直营·达曼·01店,直营,DMM,丰田,260,31,58.7097,模拟
2026-05,MOCK-TD-001,MOCK-D-013,模拟直营·达曼·02店,直营,DMM,丰田,240,31,54.1935,模拟
2026-05,MOCK-TD-001,MOCK-D-014,模拟直营·达曼·03店,直营,DMM,丰田,247,31,55.7742,模拟
2026-05,MOCK-TD-001,MOCK-D-015,模拟直营·胡拜尔·01店,直营,KHO,丰田,283,31,63.9032,模拟
2026-05,MOCK-TD-001,MOCK-D-016,模拟直营·胡拜尔·02店,直营,KHO,丰田,276,31,62.3226,模拟
2026-05,MOCK-TD-001,MOCK-D-017,模拟直营·麦加·01店,直营,MAK,丰田,266,31,60.0645,模拟
2026-05,MOCK-TD-001,MOCK-D-018,模拟直营·麦加·02店,直营,MAK,丰田,217,31,49,模拟
2026-05,MOCK-TD-001,MOCK-D-019,模拟直营·麦地那·01店,直营,MED,丰田,302,31,68.1935,模拟
2026-05,MOCK-TD-001,MOCK-D-020,模拟直营·麦地那·02店,直营,MED,丰田,281,31,63.4516,模拟
2026-05,MOCK-TD-001,MOCK-D-021,模拟直营·塔伊夫·01店,直营,TAI,丰田,223,31,50.3548,模拟
2026-05,MOCK-TD-001,MOCK-D-022,模拟直营·哈萨·01店,直营,HOF,丰田,248,31,56,模拟
2026-05,MOCK-TD-001,MOCK-D-023,模拟直营·布赖代·01店,直营,BUR,丰田,209,31,47.1935,模拟
2026-05,MOCK-TD-001,MOCK-D-024,模拟直营·布赖代·02店,直营,BUR,丰田,274,31,61.871,模拟
2026-05,MOCK-TD-001,MOCK-D-025,模拟直营·欧奈宰·01店,直营,UNA,丰田,188,31,42.4516,模拟
2026-05,MOCK-TD-001,MOCK-D-026,模拟直营·哈伊勒·01店,直营,HAI,丰田,220,31,49.6774,模拟
2026-05,MOCK-TD-001,MOCK-D-027,模拟直营·塔布克·01店,直营,TAB,丰田,209,31,47.1935,模拟
2026-05,MOCK-TD-001,MOCK-D-028,模拟直营·艾卜哈·01店,直营,ABH,丰田,263,31,59.3871,模拟
2026-05,MOCK-TD-001,MOCK-D-029,模拟直营·艾卜哈·02店,直营,ABH,丰田,222,31,50.129,模拟
2026-05,MOCK-TD-001,MOCK-D-030,模拟直营·海米斯穆谢特·01店,直营,KHM,丰田,173,31,39.0645,模拟
2026-05,MOCK-TD-001,MOCK-D-031,模拟直营·吉赞·01店,直营,JAZ,丰田,161,31,36.3548,模拟
2026-05,MOCK-TD-001,MOCK-D-032,模拟直营·奈季兰·01店,直营,NAJ,丰田,170,31,38.3871,模拟
2026-05,MOCK-TD-001,MOCK-D-033,模拟直营·延布·01店,直营,YAN,丰田,203,31,45.8387,模拟
2026-05,MOCK-TD-001,MOCK-D-034,模拟直营·朱拜勒·01店,直营,JUB,丰田,222,31,50.129,模拟
2026-05,MOCK-TA-001,MOCK-L2-001,模拟二级展厅·利雅得·01店,二级展厅,RUH,丰田,86,31,19.4194,模拟
2026-05,MOCK-TA-002,MOCK-L2-002,模拟二级展厅·利雅得·02店,二级展厅,RUH,丰田,88,31,19.871,模拟
2026-05,MOCK-TA-003,MOCK-L2-003,模拟二级展厅·利雅得·03店,二级展厅,RUH,丰田,96,31,21.6774,模拟
2026-05,MOCK-TA-004,MOCK-L2-004,模拟二级展厅·利雅得·04店,二级展厅,RUH,丰田,108,31,24.3871,模拟
2026-05,MOCK-TA-005,MOCK-L2-005,模拟二级展厅·利雅得·05店,二级展厅,RUH,丰田,76,31,17.1613,模拟
2026-05,MOCK-TA-006,MOCK-L2-006,模拟二级展厅·利雅得·06店,二级展厅,RUH,丰田,103,31,23.2581,模拟
2026-05,MOCK-TA-007,MOCK-L2-007,模拟二级展厅·利雅得·07店,二级展厅,RUH,丰田,86,31,19.4194,模拟
2026-05,MOCK-TA-008,MOCK-L2-008,模拟二级展厅·利雅得·08店,二级展厅,RUH,丰田,96,31,21.6774,模拟
2026-05,MOCK-TA-009,MOCK-L2-009,模拟二级展厅·吉达·01店,二级展厅,JED,丰田,100,31,22.5806,模拟
2026-05,MOCK-TA-010,MOCK-L2-010,模拟二级展厅·吉达·02店,二级展厅,JED,丰田,129,31,29.129,模拟
2026-05,MOCK-TA-011,MOCK-L2-011,模拟二级展厅·吉达·03店,二级展厅,JED,丰田,82,31,18.5161,模拟
2026-05,MOCK-TA-012,MOCK-L2-012,模拟二级展厅·吉达·04店,二级展厅,JED,丰田,100,31,22.5806,模拟
2026-05,MOCK-TA-013,MOCK-L2-013,模拟二级展厅·吉达·05店,二级展厅,JED,丰田,113,31,25.5161,模拟
2026-05,MOCK-TA-014,MOCK-L2-014,模拟二级展厅·吉达·06店,二级展厅,JED,丰田,83,31,18.7419,模拟
2026-05,MOCK-TA-015,MOCK-L2-015,模拟二级展厅·达曼·01店,二级展厅,DMM,丰田,83,31,18.7419,模拟
2026-05,MOCK-TA-016,MOCK-L2-016,模拟二级展厅·达曼·02店,二级展厅,DMM,丰田,73,31,16.4839,模拟
2026-05,MOCK-TA-017,MOCK-L2-017,模拟二级展厅·达曼·03店,二级展厅,DMM,丰田,97,31,21.9032,模拟
2026-05,MOCK-TA-018,MOCK-L2-018,模拟二级展厅·达曼·04店,二级展厅,DMM,丰田,96,31,21.6774,模拟
2026-05,MOCK-TA-019,MOCK-L2-019,模拟二级展厅·胡拜尔·01店,二级展厅,KHO,丰田,88,31,19.871,模拟
2026-05,MOCK-TA-020,MOCK-L2-020,模拟二级展厅·胡拜尔·02店,二级展厅,KHO,丰田,92,31,20.7742,模拟
2026-05,MOCK-TA-021,MOCK-L2-021,模拟二级展厅·麦加·01店,二级展厅,MAK,丰田,78,31,17.6129,模拟
2026-05,MOCK-TA-022,MOCK-L2-022,模拟二级展厅·麦加·02店,二级展厅,MAK,丰田,79,31,17.8387,模拟
2026-05,MOCK-TA-023,MOCK-L2-023,模拟二级展厅·麦加·03店,二级展厅,MAK,丰田,88,31,19.871,模拟
2026-05,MOCK-TA-024,MOCK-L2-024,模拟二级展厅·麦地那·01店,二级展厅,MED,丰田,66,31,14.9032,模拟
2026-05,MOCK-TA-025,MOCK-L2-025,模拟二级展厅·麦地那·02店,二级展厅,MED,丰田,86,31,19.4194,模拟
2026-05,MOCK-TA-026,MOCK-L2-026,模拟二级展厅·塔伊夫·01店,二级展厅,TAI,丰田,58,31,13.0968,模拟
2026-05,MOCK-TA-027,MOCK-L2-027,模拟二级展厅·塔伊夫·02店,二级展厅,TAI,丰田,67,31,15.129,模拟
2026-05,MOCK-TA-028,MOCK-L2-028,模拟二级展厅·哈萨·01店,二级展厅,HOF,丰田,75,31,16.9355,模拟
2026-05,MOCK-TA-029,MOCK-L2-029,模拟二级展厅·哈萨·02店,二级展厅,HOF,丰田,62,31,14,模拟
2026-05,MOCK-TA-030,MOCK-L2-030,模拟二级展厅·布赖代·01店,二级展厅,BUR,丰田,86,31,19.4194,模拟
2026-05,MOCK-TA-031,MOCK-L2-031,模拟二级展厅·布赖代·02店,二级展厅,BUR,丰田,83,31,18.7419,模拟
2026-05,MOCK-TA-032,MOCK-L2-032,模拟二级展厅·布赖代·03店,二级展厅,BUR,丰田,85,31,19.1935,模拟
2026-05,MOCK-TA-033,MOCK-L2-033,模拟二级展厅·欧奈宰·01店,二级展厅,UNA,丰田,60,31,13.5484,模拟
2026-05,MOCK-TA-034,MOCK-L2-034,模拟二级展厅·哈伊勒·01店,二级展厅,HAI,丰田,74,31,16.7097,模拟
2026-05,MOCK-TA-035,MOCK-L2-035,模拟二级展厅·哈伊勒·02店,二级展厅,HAI,丰田,61,31,13.7742,模拟
2026-05,MOCK-TA-036,MOCK-L2-036,模拟二级展厅·塔布克·01店,二级展厅,TAB,丰田,57,31,12.871,模拟
2026-05,MOCK-TA-037,MOCK-L2-037,模拟二级展厅·塔布克·02店,二级展厅,TAB,丰田,61,31,13.7742,模拟
2026-05,MOCK-TA-038,MOCK-L2-038,模拟二级展厅·艾卜哈·01店,二级展厅,ABH,丰田,64,31,14.4516,模拟
2026-05,MOCK-TA-039,MOCK-L2-039,模拟二级展厅·艾卜哈·02店,二级展厅,ABH,丰田,78,31,17.6129,模拟
2026-05,MOCK-TA-040,MOCK-L2-040,模拟二级展厅·海米斯穆谢特·01店,二级展厅,KHM,丰田,77,31,17.3871,模拟
2026-05,MOCK-TA-041,MOCK-L2-041,模拟二级展厅·吉赞·01店,二级展厅,JAZ,丰田,79,31,17.8387,模拟
2026-05,MOCK-TA-042,MOCK-L2-042,模拟二级展厅·吉赞·02店,二级展厅,JAZ,丰田,82,31,18.5161,模拟
2026-05,MOCK-TA-043,MOCK-L2-043,模拟二级展厅·奈季兰·01店,二级展厅,NAJ,丰田,57,31,12.871,模拟
2026-05,MOCK-TA-044,MOCK-L2-044,模拟二级展厅·延布·01店,二级展厅,YAN,丰田,78,31,17.6129,模拟
2026-05,MOCK-TA-045,MOCK-L2-045,模拟二级展厅·朱拜勒·01店,二级展厅,JUB,丰田,70,31,15.8065,模拟
2026-05,MOCK-TD-001,MOCK-D-001,模拟直营·利雅得·01店,直营,RUH,雷克萨斯,86,31,19.4194,模拟
2026-05,MOCK-TD-001,MOCK-D-002,模拟直营·利雅得·02店,直营,RUH,雷克萨斯,62,31,14,模拟
2026-05,MOCK-TD-001,MOCK-D-003,模拟直营·利雅得·03店,直营,RUH,雷克萨斯,72,31,16.2581,模拟
2026-05,MOCK-TD-001,MOCK-D-007,模拟直营·吉达·01店,直营,JED,雷克萨斯,77,31,17.3871,模拟
2026-05,MOCK-TD-001,MOCK-D-008,模拟直营·吉达·02店,直营,JED,雷克萨斯,91,31,20.5484,模拟
2026-05,MOCK-TD-001,MOCK-D-009,模拟直营·吉达·03店,直营,JED,雷克萨斯,77,31,17.3871,模拟
2026-05,MOCK-TD-001,MOCK-D-012,模拟直营·达曼·01店,直营,DMM,雷克萨斯,70,31,15.8065,模拟
2026-05,MOCK-TD-001,MOCK-D-015,模拟直营·胡拜尔·01店,直营,KHO,雷克萨斯,84,31,18.9677,模拟
2026-05,MOCK-TD-001,MOCK-D-017,模拟直营·麦加·01店,直营,MAK,雷克萨斯,60,31,13.5484,模拟
2026-05,MOCK-TD-001,MOCK-D-019,模拟直营·麦地那·01店,直营,MED,雷克萨斯,69,31,15.5806,模拟
2026-05,MOCK-TD-001,MOCK-D-023,模拟直营·布赖代·01店,直营,BUR,雷克萨斯,46,31,10.3871,模拟
2026-05,MOCK-TD-001,MOCK-D-028,模拟直营·艾卜哈·01店,直营,ABH,雷克萨斯,70,31,15.8065,模拟
2026-05,MOCK-TA-001,MOCK-L2-001,模拟二级展厅·利雅得·01店,二级展厅,RUH,雷克萨斯,13,31,2.9355,模拟
2026-05,MOCK-TA-009,MOCK-L2-009,模拟二级展厅·吉达·01店,二级展厅,JED,雷克萨斯,12,31,2.7097,模拟
2026-05,MOCK-TA-015,MOCK-L2-015,模拟二级展厅·达曼·01店,二级展厅,DMM,雷克萨斯,11,31,2.4839,模拟
2026-05,MOCK-TA-019,MOCK-L2-019,模拟二级展厅·胡拜尔·01店,二级展厅,KHO,雷克萨斯,13,31,2.9355,模拟
2026-05,MOCK-TA-021,MOCK-L2-021,模拟二级展厅·麦加·01店,二级展厅,MAK,雷克萨斯,11,31,2.4839,模拟
2026-05,MOCK-TA-024,MOCK-L2-024,模拟二级展厅·麦地那·01店,二级展厅,MED,雷克萨斯,11,31,2.4839,模拟
2026-05,MOCK-TA-030,MOCK-L2-030,模拟二级展厅·布赖代·01店,二级展厅,BUR,雷克萨斯,14,31,3.1613,模拟
2026-05,MOCK-TA-038,MOCK-L2-038,模拟二级展厅·艾卜哈·01店,二级展厅,ABH,雷克萨斯,11,31,2.4839,模拟
2026-06,MOCK-TD-001,MOCK-D-001,模拟直营·利雅得·01店,直营,RUH,丰田,328,30,76.5333,模拟
2026-06,MOCK-TD-001,MOCK-D-002,模拟直营·利雅得·02店,直营,RUH,丰田,217,30,50.6333,模拟
2026-06,MOCK-TD-001,MOCK-D-003,模拟直营·利雅得·03店,直营,RUH,丰田,232,30,54.1333,模拟
2026-06,MOCK-TD-001,MOCK-D-004,模拟直营·利雅得·04店,直营,RUH,丰田,237,30,55.3,模拟
2026-06,MOCK-TD-001,MOCK-D-005,模拟直营·利雅得·05店,直营,RUH,丰田,231,30,53.9,模拟
2026-06,MOCK-TD-001,MOCK-D-006,模拟直营·利雅得·06店,直营,RUH,丰田,188,30,43.8667,模拟
2026-06,MOCK-TD-001,MOCK-D-007,模拟直营·吉达·01店,直营,JED,丰田,256,30,59.7333,模拟
2026-06,MOCK-TD-001,MOCK-D-008,模拟直营·吉达·02店,直营,JED,丰田,305,30,71.1667,模拟
2026-06,MOCK-TD-001,MOCK-D-009,模拟直营·吉达·03店,直营,JED,丰田,282,30,65.8,模拟
2026-06,MOCK-TD-001,MOCK-D-010,模拟直营·吉达·04店,直营,JED,丰田,276,30,64.4,模拟
2026-06,MOCK-TD-001,MOCK-D-011,模拟直营·吉达·05店,直营,JED,丰田,211,30,49.2333,模拟
2026-06,MOCK-TD-001,MOCK-D-012,模拟直营·达曼·01店,直营,DMM,丰田,211,30,49.2333,模拟
2026-06,MOCK-TD-001,MOCK-D-013,模拟直营·达曼·02店,直营,DMM,丰田,245,30,57.1667,模拟
2026-06,MOCK-TD-001,MOCK-D-014,模拟直营·达曼·03店,直营,DMM,丰田,196,30,45.7333,模拟
2026-06,MOCK-TD-001,MOCK-D-015,模拟直营·胡拜尔·01店,直营,KHO,丰田,254,30,59.2667,模拟
2026-06,MOCK-TD-001,MOCK-D-016,模拟直营·胡拜尔·02店,直营,KHO,丰田,201,30,46.9,模拟
2026-06,MOCK-TD-001,MOCK-D-017,模拟直营·麦加·01店,直营,MAK,丰田,196,30,45.7333,模拟
2026-06,MOCK-TD-001,MOCK-D-018,模拟直营·麦加·02店,直营,MAK,丰田,195,30,45.5,模拟
2026-06,MOCK-TD-001,MOCK-D-019,模拟直营·麦地那·01店,直营,MED,丰田,244,30,56.9333,模拟
2026-06,MOCK-TD-001,MOCK-D-020,模拟直营·麦地那·02店,直营,MED,丰田,214,30,49.9333,模拟
2026-06,MOCK-TD-001,MOCK-D-021,模拟直营·塔伊夫·01店,直营,TAI,丰田,187,30,43.6333,模拟
2026-06,MOCK-TD-001,MOCK-D-022,模拟直营·哈萨·01店,直营,HOF,丰田,234,30,54.6,模拟
2026-06,MOCK-TD-001,MOCK-D-023,模拟直营·布赖代·01店,直营,BUR,丰田,143,30,33.3667,模拟
2026-06,MOCK-TD-001,MOCK-D-024,模拟直营·布赖代·02店,直营,BUR,丰田,202,30,47.1333,模拟
2026-06,MOCK-TD-001,MOCK-D-025,模拟直营·欧奈宰·01店,直营,UNA,丰田,148,30,34.5333,模拟
2026-06,MOCK-TD-001,MOCK-D-026,模拟直营·哈伊勒·01店,直营,HAI,丰田,184,30,42.9333,模拟
2026-06,MOCK-TD-001,MOCK-D-027,模拟直营·塔布克·01店,直营,TAB,丰田,208,30,48.5333,模拟
2026-06,MOCK-TD-001,MOCK-D-028,模拟直营·艾卜哈·01店,直营,ABH,丰田,231,30,53.9,模拟
2026-06,MOCK-TD-001,MOCK-D-029,模拟直营·艾卜哈·02店,直营,ABH,丰田,185,30,43.1667,模拟
2026-06,MOCK-TD-001,MOCK-D-030,模拟直营·海米斯穆谢特·01店,直营,KHM,丰田,147,30,34.3,模拟
2026-06,MOCK-TD-001,MOCK-D-031,模拟直营·吉赞·01店,直营,JAZ,丰田,125,30,29.1667,模拟
2026-06,MOCK-TD-001,MOCK-D-032,模拟直营·奈季兰·01店,直营,NAJ,丰田,166,30,38.7333,模拟
2026-06,MOCK-TD-001,MOCK-D-033,模拟直营·延布·01店,直营,YAN,丰田,138,30,32.2,模拟
2026-06,MOCK-TD-001,MOCK-D-034,模拟直营·朱拜勒·01店,直营,JUB,丰田,193,30,45.0333,模拟
2026-06,MOCK-TA-001,MOCK-L2-001,模拟二级展厅·利雅得·01店,二级展厅,RUH,丰田,71,30,16.5667,模拟
2026-06,MOCK-TA-002,MOCK-L2-002,模拟二级展厅·利雅得·02店,二级展厅,RUH,丰田,71,30,16.5667,模拟
2026-06,MOCK-TA-003,MOCK-L2-003,模拟二级展厅·利雅得·03店,二级展厅,RUH,丰田,74,30,17.2667,模拟
2026-06,MOCK-TA-004,MOCK-L2-004,模拟二级展厅·利雅得·04店,二级展厅,RUH,丰田,100,30,23.3333,模拟
2026-06,MOCK-TA-005,MOCK-L2-005,模拟二级展厅·利雅得·05店,二级展厅,RUH,丰田,76,30,17.7333,模拟
2026-06,MOCK-TA-006,MOCK-L2-006,模拟二级展厅·利雅得·06店,二级展厅,RUH,丰田,98,30,22.8667,模拟
2026-06,MOCK-TA-007,MOCK-L2-007,模拟二级展厅·利雅得·07店,二级展厅,RUH,丰田,79,30,18.4333,模拟
2026-06,MOCK-TA-008,MOCK-L2-008,模拟二级展厅·利雅得·08店,二级展厅,RUH,丰田,70,30,16.3333,模拟
2026-06,MOCK-TA-009,MOCK-L2-009,模拟二级展厅·吉达·01店,二级展厅,JED,丰田,77,30,17.9667,模拟
2026-06,MOCK-TA-010,MOCK-L2-010,模拟二级展厅·吉达·02店,二级展厅,JED,丰田,114,30,26.6,模拟
2026-06,MOCK-TA-011,MOCK-L2-011,模拟二级展厅·吉达·03店,二级展厅,JED,丰田,68,30,15.8667,模拟
2026-06,MOCK-TA-012,MOCK-L2-012,模拟二级展厅·吉达·04店,二级展厅,JED,丰田,81,30,18.9,模拟
2026-06,MOCK-TA-013,MOCK-L2-013,模拟二级展厅·吉达·05店,二级展厅,JED,丰田,92,30,21.4667,模拟
2026-06,MOCK-TA-014,MOCK-L2-014,模拟二级展厅·吉达·06店,二级展厅,JED,丰田,68,30,15.8667,模拟
2026-06,MOCK-TA-015,MOCK-L2-015,模拟二级展厅·达曼·01店,二级展厅,DMM,丰田,60,30,14,模拟
2026-06,MOCK-TA-016,MOCK-L2-016,模拟二级展厅·达曼·02店,二级展厅,DMM,丰田,72,30,16.8,模拟
2026-06,MOCK-TA-017,MOCK-L2-017,模拟二级展厅·达曼·03店,二级展厅,DMM,丰田,78,30,18.2,模拟
2026-06,MOCK-TA-018,MOCK-L2-018,模拟二级展厅·达曼·04店,二级展厅,DMM,丰田,74,30,17.2667,模拟
2026-06,MOCK-TA-019,MOCK-L2-019,模拟二级展厅·胡拜尔·01店,二级展厅,KHO,丰田,78,30,18.2,模拟
2026-06,MOCK-TA-020,MOCK-L2-020,模拟二级展厅·胡拜尔·02店,二级展厅,KHO,丰田,77,30,17.9667,模拟
2026-06,MOCK-TA-021,MOCK-L2-021,模拟二级展厅·麦加·01店,二级展厅,MAK,丰田,71,30,16.5667,模拟
2026-06,MOCK-TA-022,MOCK-L2-022,模拟二级展厅·麦加·02店,二级展厅,MAK,丰田,74,30,17.2667,模拟
2026-06,MOCK-TA-023,MOCK-L2-023,模拟二级展厅·麦加·03店,二级展厅,MAK,丰田,66,30,15.4,模拟
2026-06,MOCK-TA-024,MOCK-L2-024,模拟二级展厅·麦地那·01店,二级展厅,MED,丰田,65,30,15.1667,模拟
2026-06,MOCK-TA-025,MOCK-L2-025,模拟二级展厅·麦地那·02店,二级展厅,MED,丰田,74,30,17.2667,模拟
2026-06,MOCK-TA-026,MOCK-L2-026,模拟二级展厅·塔伊夫·01店,二级展厅,TAI,丰田,53,30,12.3667,模拟
2026-06,MOCK-TA-027,MOCK-L2-027,模拟二级展厅·塔伊夫·02店,二级展厅,TAI,丰田,62,30,14.4667,模拟
2026-06,MOCK-TA-028,MOCK-L2-028,模拟二级展厅·哈萨·01店,二级展厅,HOF,丰田,60,30,14,模拟
2026-06,MOCK-TA-029,MOCK-L2-029,模拟二级展厅·哈萨·02店,二级展厅,HOF,丰田,57,30,13.3,模拟
2026-06,MOCK-TA-030,MOCK-L2-030,模拟二级展厅·布赖代·01店,二级展厅,BUR,丰田,77,30,17.9667,模拟
2026-06,MOCK-TA-031,MOCK-L2-031,模拟二级展厅·布赖代·02店,二级展厅,BUR,丰田,72,30,16.8,模拟
2026-06,MOCK-TA-032,MOCK-L2-032,模拟二级展厅·布赖代·03店,二级展厅,BUR,丰田,67,30,15.6333,模拟
2026-06,MOCK-TA-033,MOCK-L2-033,模拟二级展厅·欧奈宰·01店,二级展厅,UNA,丰田,47,30,10.9667,模拟
2026-06,MOCK-TA-034,MOCK-L2-034,模拟二级展厅·哈伊勒·01店,二级展厅,HAI,丰田,57,30,13.3,模拟
2026-06,MOCK-TA-035,MOCK-L2-035,模拟二级展厅·哈伊勒·02店,二级展厅,HAI,丰田,43,30,10.0333,模拟
2026-06,MOCK-TA-036,MOCK-L2-036,模拟二级展厅·塔布克·01店,二级展厅,TAB,丰田,48,30,11.2,模拟
2026-06,MOCK-TA-037,MOCK-L2-037,模拟二级展厅·塔布克·02店,二级展厅,TAB,丰田,47,30,10.9667,模拟
2026-06,MOCK-TA-038,MOCK-L2-038,模拟二级展厅·艾卜哈·01店,二级展厅,ABH,丰田,51,30,11.9,模拟
2026-06,MOCK-TA-039,MOCK-L2-039,模拟二级展厅·艾卜哈·02店,二级展厅,ABH,丰田,64,30,14.9333,模拟
2026-06,MOCK-TA-040,MOCK-L2-040,模拟二级展厅·海米斯穆谢特·01店,二级展厅,KHM,丰田,61,30,14.2333,模拟
2026-06,MOCK-TA-041,MOCK-L2-041,模拟二级展厅·吉赞·01店,二级展厅,JAZ,丰田,72,30,16.8,模拟
2026-06,MOCK-TA-042,MOCK-L2-042,模拟二级展厅·吉赞·02店,二级展厅,JAZ,丰田,59,30,13.7667,模拟
2026-06,MOCK-TA-043,MOCK-L2-043,模拟二级展厅·奈季兰·01店,二级展厅,NAJ,丰田,50,30,11.6667,模拟
2026-06,MOCK-TA-044,MOCK-L2-044,模拟二级展厅·延布·01店,二级展厅,YAN,丰田,60,30,14,模拟
2026-06,MOCK-TA-045,MOCK-L2-045,模拟二级展厅·朱拜勒·01店,二级展厅,JUB,丰田,55,30,12.8333,模拟
2026-06,MOCK-TD-001,MOCK-D-001,模拟直营·利雅得·01店,直营,RUH,雷克萨斯,88,30,20.5333,模拟
2026-06,MOCK-TD-001,MOCK-D-002,模拟直营·利雅得·02店,直营,RUH,雷克萨斯,62,30,14.4667,模拟
2026-06,MOCK-TD-001,MOCK-D-003,模拟直营·利雅得·03店,直营,RUH,雷克萨斯,80,30,18.6667,模拟
2026-06,MOCK-TD-001,MOCK-D-007,模拟直营·吉达·01店,直营,JED,雷克萨斯,79,30,18.4333,模拟
2026-06,MOCK-TD-001,MOCK-D-008,模拟直营·吉达·02店,直营,JED,雷克萨斯,87,30,20.3,模拟
2026-06,MOCK-TD-001,MOCK-D-009,模拟直营·吉达·03店,直营,JED,雷克萨斯,75,30,17.5,模拟
2026-06,MOCK-TD-001,MOCK-D-012,模拟直营·达曼·01店,直营,DMM,雷克萨斯,74,30,17.2667,模拟
2026-06,MOCK-TD-001,MOCK-D-015,模拟直营·胡拜尔·01店,直营,KHO,雷克萨斯,76,30,17.7333,模拟
2026-06,MOCK-TD-001,MOCK-D-017,模拟直营·麦加·01店,直营,MAK,雷克萨斯,62,30,14.4667,模拟
2026-06,MOCK-TD-001,MOCK-D-019,模拟直营·麦地那·01店,直营,MED,雷克萨斯,72,30,16.8,模拟
2026-06,MOCK-TD-001,MOCK-D-023,模拟直营·布赖代·01店,直营,BUR,雷克萨斯,45,30,10.5,模拟
2026-06,MOCK-TD-001,MOCK-D-028,模拟直营·艾卜哈·01店,直营,ABH,雷克萨斯,64,30,14.9333,模拟
2026-06,MOCK-TA-001,MOCK-L2-001,模拟二级展厅·利雅得·01店,二级展厅,RUH,雷克萨斯,14,30,3.2667,模拟
2026-06,MOCK-TA-009,MOCK-L2-009,模拟二级展厅·吉达·01店,二级展厅,JED,雷克萨斯,13,30,3.0333,模拟
2026-06,MOCK-TA-015,MOCK-L2-015,模拟二级展厅·达曼·01店,二级展厅,DMM,雷克萨斯,12,30,2.8,模拟
2026-06,MOCK-TA-019,MOCK-L2-019,模拟二级展厅·胡拜尔·01店,二级展厅,KHO,雷克萨斯,13,30,3.0333,模拟
2026-06,MOCK-TA-021,MOCK-L2-021,模拟二级展厅·麦加·01店,二级展厅,MAK,雷克萨斯,11,30,2.5667,模拟
2026-06,MOCK-TA-024,MOCK-L2-024,模拟二级展厅·麦地那·01店,二级展厅,MED,雷克萨斯,10,30,2.3333,模拟
2026-06,MOCK-TA-030,MOCK-L2-030,模拟二级展厅·布赖代·01店,二级展厅,BUR,雷克萨斯,12,30,2.8,模拟
2026-06,MOCK-TA-038,MOCK-L2-038,模拟二级展厅·艾卜哈·01店,二级展厅,ABH,雷克萨斯,11,30,2.5667,模拟
2026-07,MOCK-TD-001,MOCK-D-001,模拟直营·利雅得·01店,直营,RUH,丰田,263,31,59.3871,模拟
2026-07,MOCK-TD-001,MOCK-D-002,模拟直营·利雅得·02店,直营,RUH,丰田,186,31,42,模拟
2026-07,MOCK-TD-001,MOCK-D-003,模拟直营·利雅得·03店,直营,RUH,丰田,188,31,42.4516,模拟
2026-07,MOCK-TD-001,MOCK-D-004,模拟直营·利雅得·04店,直营,RUH,丰田,206,31,46.5161,模拟
2026-07,MOCK-TD-001,MOCK-D-005,模拟直营·利雅得·05店,直营,RUH,丰田,174,31,39.2903,模拟
2026-07,MOCK-TD-001,MOCK-D-006,模拟直营·利雅得·06店,直营,RUH,丰田,149,31,33.6452,模拟
2026-07,MOCK-TD-001,MOCK-D-007,模拟直营·吉达·01店,直营,JED,丰田,191,31,43.129,模拟
2026-07,MOCK-TD-001,MOCK-D-008,模拟直营·吉达·02店,直营,JED,丰田,226,31,51.0323,模拟
2026-07,MOCK-TD-001,MOCK-D-009,模拟直营·吉达·03店,直营,JED,丰田,192,31,43.3548,模拟
2026-07,MOCK-TD-001,MOCK-D-010,模拟直营·吉达·04店,直营,JED,丰田,201,31,45.3871,模拟
2026-07,MOCK-TD-001,MOCK-D-011,模拟直营·吉达·05店,直营,JED,丰田,157,31,35.4516,模拟
2026-07,MOCK-TD-001,MOCK-D-012,模拟直营·达曼·01店,直营,DMM,丰田,161,31,36.3548,模拟
2026-07,MOCK-TD-001,MOCK-D-013,模拟直营·达曼·02店,直营,DMM,丰田,175,31,39.5161,模拟
2026-07,MOCK-TD-001,MOCK-D-014,模拟直营·达曼·03店,直营,DMM,丰田,188,31,42.4516,模拟
2026-07,MOCK-TD-001,MOCK-D-015,模拟直营·胡拜尔·01店,直营,KHO,丰田,194,31,43.8065,模拟
2026-07,MOCK-TD-001,MOCK-D-016,模拟直营·胡拜尔·02店,直营,KHO,丰田,172,31,38.8387,模拟
2026-07,MOCK-TD-001,MOCK-D-017,模拟直营·麦加·01店,直营,MAK,丰田,158,31,35.6774,模拟
2026-07,MOCK-TD-001,MOCK-D-018,模拟直营·麦加·02店,直营,MAK,丰田,135,31,30.4839,模拟
2026-07,MOCK-TD-001,MOCK-D-019,模拟直营·麦地那·01店,直营,MED,丰田,195,31,44.0323,模拟
2026-07,MOCK-TD-001,MOCK-D-020,模拟直营·麦地那·02店,直营,MED,丰田,178,31,40.1935,模拟
2026-07,MOCK-TD-001,MOCK-D-021,模拟直营·塔伊夫·01店,直营,TAI,丰田,135,31,30.4839,模拟
2026-07,MOCK-TD-001,MOCK-D-022,模拟直营·哈萨·01店,直营,HOF,丰田,158,31,35.6774,模拟
2026-07,MOCK-TD-001,MOCK-D-023,模拟直营·布赖代·01店,直营,BUR,丰田,113,31,25.5161,模拟
2026-07,MOCK-TD-001,MOCK-D-024,模拟直营·布赖代·02店,直营,BUR,丰田,140,31,31.6129,模拟
2026-07,MOCK-TD-001,MOCK-D-025,模拟直营·欧奈宰·01店,直营,UNA,丰田,122,31,27.5484,模拟
2026-07,MOCK-TD-001,MOCK-D-026,模拟直营·哈伊勒·01店,直营,HAI,丰田,150,31,33.871,模拟
2026-07,MOCK-TD-001,MOCK-D-027,模拟直营·塔布克·01店,直营,TAB,丰田,153,31,34.5484,模拟
2026-07,MOCK-TD-001,MOCK-D-028,模拟直营·艾卜哈·01店,直营,ABH,丰田,181,31,40.871,模拟
2026-07,MOCK-TD-001,MOCK-D-029,模拟直营·艾卜哈·02店,直营,ABH,丰田,141,31,31.8387,模拟
2026-07,MOCK-TD-001,MOCK-D-030,模拟直营·海米斯穆谢特·01店,直营,KHM,丰田,107,31,24.1613,模拟
2026-07,MOCK-TD-001,MOCK-D-031,模拟直营·吉赞·01店,直营,JAZ,丰田,113,31,25.5161,模拟
2026-07,MOCK-TD-001,MOCK-D-032,模拟直营·奈季兰·01店,直营,NAJ,丰田,110,31,24.8387,模拟
2026-07,MOCK-TD-001,MOCK-D-033,模拟直营·延布·01店,直营,YAN,丰田,114,31,25.7419,模拟
2026-07,MOCK-TD-001,MOCK-D-034,模拟直营·朱拜勒·01店,直营,JUB,丰田,133,31,30.0323,模拟
2026-07,MOCK-TA-001,MOCK-L2-001,模拟二级展厅·利雅得·01店,二级展厅,RUH,丰田,66,31,14.9032,模拟
2026-07,MOCK-TA-002,MOCK-L2-002,模拟二级展厅·利雅得·02店,二级展厅,RUH,丰田,59,31,13.3226,模拟
2026-07,MOCK-TA-003,MOCK-L2-003,模拟二级展厅·利雅得·03店,二级展厅,RUH,丰田,56,31,12.6452,模拟
2026-07,MOCK-TA-004,MOCK-L2-004,模拟二级展厅·利雅得·04店,二级展厅,RUH,丰田,79,31,17.8387,模拟
2026-07,MOCK-TA-005,MOCK-L2-005,模拟二级展厅·利雅得·05店,二级展厅,RUH,丰田,61,31,13.7742,模拟
2026-07,MOCK-TA-006,MOCK-L2-006,模拟二级展厅·利雅得·06店,二级展厅,RUH,丰田,64,31,14.4516,模拟
2026-07,MOCK-TA-007,MOCK-L2-007,模拟二级展厅·利雅得·07店,二级展厅,RUH,丰田,53,31,11.9677,模拟
2026-07,MOCK-TA-008,MOCK-L2-008,模拟二级展厅·利雅得·08店,二级展厅,RUH,丰田,52,31,11.7419,模拟
2026-07,MOCK-TA-009,MOCK-L2-009,模拟二级展厅·吉达·01店,二级展厅,JED,丰田,65,31,14.6774,模拟
2026-07,MOCK-TA-010,MOCK-L2-010,模拟二级展厅·吉达·02店,二级展厅,JED,丰田,85,31,19.1935,模拟
2026-07,MOCK-TA-011,MOCK-L2-011,模拟二级展厅·吉达·03店,二级展厅,JED,丰田,49,31,11.0645,模拟
2026-07,MOCK-TA-012,MOCK-L2-012,模拟二级展厅·吉达·04店,二级展厅,JED,丰田,72,31,16.2581,模拟
2026-07,MOCK-TA-013,MOCK-L2-013,模拟二级展厅·吉达·05店,二级展厅,JED,丰田,68,31,15.3548,模拟
2026-07,MOCK-TA-014,MOCK-L2-014,模拟二级展厅·吉达·06店,二级展厅,JED,丰田,52,31,11.7419,模拟
2026-07,MOCK-TA-015,MOCK-L2-015,模拟二级展厅·达曼·01店,二级展厅,DMM,丰田,56,31,12.6452,模拟
2026-07,MOCK-TA-016,MOCK-L2-016,模拟二级展厅·达曼·02店,二级展厅,DMM,丰田,45,31,10.1613,模拟
2026-07,MOCK-TA-017,MOCK-L2-017,模拟二级展厅·达曼·03店,二级展厅,DMM,丰田,56,31,12.6452,模拟
2026-07,MOCK-TA-018,MOCK-L2-018,模拟二级展厅·达曼·04店,二级展厅,DMM,丰田,65,31,14.6774,模拟
2026-07,MOCK-TA-019,MOCK-L2-019,模拟二级展厅·胡拜尔·01店,二级展厅,KHO,丰田,61,31,13.7742,模拟
2026-07,MOCK-TA-020,MOCK-L2-020,模拟二级展厅·胡拜尔·02店,二级展厅,KHO,丰田,58,31,13.0968,模拟
2026-07,MOCK-TA-021,MOCK-L2-021,模拟二级展厅·麦加·01店,二级展厅,MAK,丰田,47,31,10.6129,模拟
2026-07,MOCK-TA-022,MOCK-L2-022,模拟二级展厅·麦加·02店,二级展厅,MAK,丰田,60,31,13.5484,模拟
2026-07,MOCK-TA-023,MOCK-L2-023,模拟二级展厅·麦加·03店,二级展厅,MAK,丰田,47,31,10.6129,模拟
2026-07,MOCK-TA-024,MOCK-L2-024,模拟二级展厅·麦地那·01店,二级展厅,MED,丰田,45,31,10.1613,模拟
2026-07,MOCK-TA-025,MOCK-L2-025,模拟二级展厅·麦地那·02店,二级展厅,MED,丰田,59,31,13.3226,模拟
2026-07,MOCK-TA-026,MOCK-L2-026,模拟二级展厅·塔伊夫·01店,二级展厅,TAI,丰田,37,31,8.3548,模拟
2026-07,MOCK-TA-027,MOCK-L2-027,模拟二级展厅·塔伊夫·02店,二级展厅,TAI,丰田,50,31,11.2903,模拟
2026-07,MOCK-TA-028,MOCK-L2-028,模拟二级展厅·哈萨·01店,二级展厅,HOF,丰田,47,31,10.6129,模拟
2026-07,MOCK-TA-029,MOCK-L2-029,模拟二级展厅·哈萨·02店,二级展厅,HOF,丰田,41,31,9.2581,模拟
2026-07,MOCK-TA-030,MOCK-L2-030,模拟二级展厅·布赖代·01店,二级展厅,BUR,丰田,59,31,13.3226,模拟
2026-07,MOCK-TA-031,MOCK-L2-031,模拟二级展厅·布赖代·02店,二级展厅,BUR,丰田,48,31,10.8387,模拟
2026-07,MOCK-TA-032,MOCK-L2-032,模拟二级展厅·布赖代·03店,二级展厅,BUR,丰田,54,31,12.1935,模拟
2026-07,MOCK-TA-033,MOCK-L2-033,模拟二级展厅·欧奈宰·01店,二级展厅,UNA,丰田,43,31,9.7097,模拟
2026-07,MOCK-TA-034,MOCK-L2-034,模拟二级展厅·哈伊勒·01店,二级展厅,HAI,丰田,46,31,10.3871,模拟
2026-07,MOCK-TA-035,MOCK-L2-035,模拟二级展厅·哈伊勒·02店,二级展厅,HAI,丰田,37,31,8.3548,模拟
2026-07,MOCK-TA-036,MOCK-L2-036,模拟二级展厅·塔布克·01店,二级展厅,TAB,丰田,32,31,7.2258,模拟
2026-07,MOCK-TA-037,MOCK-L2-037,模拟二级展厅·塔布克·02店,二级展厅,TAB,丰田,38,31,8.5806,模拟
2026-07,MOCK-TA-038,MOCK-L2-038,模拟二级展厅·艾卜哈·01店,二级展厅,ABH,丰田,38,31,8.5806,模拟
2026-07,MOCK-TA-039,MOCK-L2-039,模拟二级展厅·艾卜哈·02店,二级展厅,ABH,丰田,51,31,11.5161,模拟
2026-07,MOCK-TA-040,MOCK-L2-040,模拟二级展厅·海米斯穆谢特·01店,二级展厅,KHM,丰田,50,31,11.2903,模拟
2026-07,MOCK-TA-041,MOCK-L2-041,模拟二级展厅·吉赞·01店,二级展厅,JAZ,丰田,50,31,11.2903,模拟
2026-07,MOCK-TA-042,MOCK-L2-042,模拟二级展厅·吉赞·02店,二级展厅,JAZ,丰田,52,31,11.7419,模拟
2026-07,MOCK-TA-043,MOCK-L2-043,模拟二级展厅·奈季兰·01店,二级展厅,NAJ,丰田,39,31,8.8065,模拟
2026-07,MOCK-TA-044,MOCK-L2-044,模拟二级展厅·延布·01店,二级展厅,YAN,丰田,48,31,10.8387,模拟
2026-07,MOCK-TA-045,MOCK-L2-045,模拟二级展厅·朱拜勒·01店,二级展厅,JUB,丰田,42,31,9.4839,模拟
2026-07,MOCK-TD-001,MOCK-D-001,模拟直营·利雅得·01店,直营,RUH,雷克萨斯,102,31,23.0323,模拟
2026-07,MOCK-TD-001,MOCK-D-002,模拟直营·利雅得·02店,直营,RUH,雷克萨斯,65,31,14.6774,模拟
2026-07,MOCK-TD-001,MOCK-D-003,模拟直营·利雅得·03店,直营,RUH,雷克萨斯,75,31,16.9355,模拟
2026-07,MOCK-TD-001,MOCK-D-007,模拟直营·吉达·01店,直营,JED,雷克萨斯,78,31,17.6129,模拟
2026-07,MOCK-TD-001,MOCK-D-008,模拟直营·吉达·02店,直营,JED,雷克萨斯,86,31,19.4194,模拟
2026-07,MOCK-TD-001,MOCK-D-009,模拟直营·吉达·03店,直营,JED,雷克萨斯,84,31,18.9677,模拟
2026-07,MOCK-TD-001,MOCK-D-012,模拟直营·达曼·01店,直营,DMM,雷克萨斯,72,31,16.2581,模拟
2026-07,MOCK-TD-001,MOCK-D-015,模拟直营·胡拜尔·01店,直营,KHO,雷克萨斯,76,31,17.1613,模拟
2026-07,MOCK-TD-001,MOCK-D-017,模拟直营·麦加·01店,直营,MAK,雷克萨斯,51,31,11.5161,模拟
2026-07,MOCK-TD-001,MOCK-D-019,模拟直营·麦地那·01店,直营,MED,雷克萨斯,61,31,13.7742,模拟
2026-07,MOCK-TD-001,MOCK-D-023,模拟直营·布赖代·01店,直营,BUR,雷克萨斯,48,31,10.8387,模拟
2026-07,MOCK-TD-001,MOCK-D-028,模拟直营·艾卜哈·01店,直营,ABH,雷克萨斯,66,31,14.9032,模拟
2026-07,MOCK-TA-001,MOCK-L2-001,模拟二级展厅·利雅得·01店,二级展厅,RUH,雷克萨斯,15,31,3.3871,模拟
2026-07,MOCK-TA-009,MOCK-L2-009,模拟二级展厅·吉达·01店,二级展厅,JED,雷克萨斯,14,31,3.1613,模拟
2026-07,MOCK-TA-015,MOCK-L2-015,模拟二级展厅·达曼·01店,二级展厅,DMM,雷克萨斯,11,31,2.4839,模拟
2026-07,MOCK-TA-019,MOCK-L2-019,模拟二级展厅·胡拜尔·01店,二级展厅,KHO,雷克萨斯,13,31,2.9355,模拟
2026-07,MOCK-TA-021,MOCK-L2-021,模拟二级展厅·麦加·01店,二级展厅,MAK,雷克萨斯,10,31,2.2581,模拟
2026-07,MOCK-TA-024,MOCK-L2-024,模拟二级展厅·麦地那·01店,二级展厅,MED,雷克萨斯,10,31,2.2581,模拟
2026-07,MOCK-TA-030,MOCK-L2-030,模拟二级展厅·布赖代·01店,二级展厅,BUR,雷克萨斯,14,31,3.1613,模拟
2026-07,MOCK-TA-038,MOCK-L2-038,模拟二级展厅·艾卜哈·01店,二级展厅,ABH,雷克萨斯,9,31,2.0323,模拟
